run,time_s,position_m,fx_n,fy_n,fz_n,my_nm,spin_rad_s
"triangle 200x10 mm 40 km/h",-0.045,-0.49888889,-38.548032,0.42503017,4031.9306,3.2051249,34.701054
"triangle 200x10 mm 40 km/h",-0.0448,-0.49666667,-38.190049,0.43837501,4029.6099,3.1350524,34.701455
"triangle 200x10 mm 40 km/h",-0.0446,-0.49444444,-37.961272,0.44786979,4026.7109,3.030915,34.701847
"triangle 200x10 mm 40 km/h",-0.0444,-0.49222222,-37.861212,0.45662334,4024.0197,2.8952551,34.702226
"triangle 200x10 mm 40 km/h",-0.0442,-0.49,-37.850215,0.45780648,4022.1834,2.7433678,34.702588
"triangle 200x10 mm 40 km/h",-0.044,-0.48777778,-37.874515,0.45494594,4021.6034,2.594793,34.70293
"triangle 200x10 mm 40 km/h",-0.0438,-0.48555556,-37.948522,0.45781219,4022.6152,2.467295,34.703255
"triangle 200x10 mm 40 km/h",-0.0436,-0.48333333,-38.023953,0.46490823,4025.1723,2.3632782,34.703563
"triangle 200x10 mm 40 km/h",-0.0434,-0.48111111,-37.937908,0.47010553,4028.3939,2.2697449,34.703859
"triangle 200x10 mm 40 km/h",-0.0432,-0.47888889,-37.605498,0.47562323,4031.0611,2.1788858,34.704142
"triangle 200x10 mm 40 km/h",-0.043,-0.47666667,-37.101981,0.4810795,4032.2848,2.1076166,34.704415
"triangle 200x10 mm 40 km/h",-0.0428,-0.47444444,-36.488672,0.48626884,4031.7372,2.0390359,34.704678
"triangle 200x10 mm 40 km/h",-0.0426,-0.47222222,-35.844372,0.49105826,4029.7272,1.9384342,34.704933
"triangle 200x10 mm 40 km/h",-0.0424,-0.47,-35.27781,0.49574352,4026.9784,1.8037948,34.705175
"triangle 200x10 mm 40 km/h",-0.0422,-0.46777778,-34.803813,0.49883818,4024.1864,1.6389499,34.705401
"triangle 200x10 mm 40 km/h",-0.042,-0.46555556,-34.408507,0.49888795,4022.0882,1.4573998,34.705606
"triangle 200x10 mm 40 km/h",-0.0418,-0.46333333,-34.06077,0.49550506,4021.2461,1.2743115,34.705788
"triangle 200x10 mm 40 km/h",-0.0416,-0.46111111,-33.758371,0.49055979,4022.0269,1.1051767,34.705947
"triangle 200x10 mm 40 km/h",-0.0414,-0.45888889,-33.46097,0.49145579,4024.3603,0.96362336,34.706085
"triangle 200x10 mm 40 km/h",-0.0412,-0.45666667,-33.021419,0.49029893,4027.4457,0.84884812,34.706206
"triangle 200x10 mm 40 km/h",-0.041,-0.45444444,-32.330096,0.48759956,4030.3018,0.73985437,34.706312
"triangle 200x10 mm 40 km/h",-0.0408,-0.45222222,-31.456681,0.48707008,4031.9775,0.65613018,34.706404
"triangle 200x10 mm 40 km/h",-0.0406,-0.45,-30.476755,0.48864473,4032.0966,0.58637683,34.706486
"triangle 200x10 mm 40 km/h",-0.0404,-0.44777778,-29.465649,0.49608472,4030.7282,0.49808056,34.70656
"triangle 200x10 mm 40 km/h",-0.0402,-0.44555556,-28.520616,0.50467706,4028.3747,0.37866568,34.706622
"triangle 200x10 mm 40 km/h",-0.04,-0.44333333,-27.694701,0.51451634,4025.724,0.23001449,34.706669
"triangle 200x10 mm 40 km/h",-0.0398,-0.44111111,-27.011787,0.51485605,4023.516,0.067459563,34.706698
"triangle 200x10 mm 40 km/h",-0.0396,-0.43888889,-26.439555,0.50864461,4022.4446,-0.10224006,34.706706
"triangle 200x10 mm 40 km/h",-0.0394,-0.43666667,-25.981094,0.49698738,4022.9251,-0.25786462,34.706694
"triangle 200x10 mm 40 km/h",-0.0392,-0.43444444,-25.606767,0.48990337,4024.7719,-0.37183165,34.706661
"triangle 200x10 mm 40 km/h",-0.039,-0.43222222,-25.225139,0.48453382,4027.6754,-0.45172252,34.706615
"triangle 200x10 mm 40 km/h",-0.0388,-0.43,-24.725876,0.47933804,4030.7307,-0.51378573,34.706559
"triangle 200x10 mm 40 km/h",-0.0386,-0.42777778,-24.101319,0.47604883,4032.8364,-0.55423519,34.706494
"triangle 200x10 mm 40 km/h",-0.0384,-0.42555556,-23.424398,0.47649955,4033.4334,-0.57399456,34.706425
"triangle 200x10 mm 40 km/h",-0.0382,-0.42333333,-22.751726,0.48087359,4032.4216,-0.60224723,34.706353
"triangle 200x10 mm 40 km/h",-0.038,-0.42111111,-22.162708,0.48408194,4030.1446,-0.65750816,34.706278
"triangle 200x10 mm 40 km/h",-0.0378,-0.41888889,-21.704463,0.48449544,4027.2956,-0.74328356,34.706196
"triangle 200x10 mm 40 km/h",-0.0376,-0.41666667,-21.376984,0.48246383,4024.6201,-0.85360238,34.706103
"triangle 200x10 mm 40 km/h",-0.0374,-0.41444444,-21.148349,0.47327229,4022.9111,-0.98021389,34.705996
"triangle 200x10 mm 40 km/h",-0.0372,-0.41222222,-20.968977,0.46069762,4022.4508,-1.0967891,34.705874
"triangle 200x10 mm 40 km/h",-0.037,-0.41,-20.856545,0.45284724,4023.5298,-1.1840122,34.705737
"triangle 200x10 mm 40 km/h",-0.0368,-0.40777778,-20.774266,0.45076769,4026.1012,-1.2407656,34.705589
"triangle 200x10 mm 40 km/h",-0.0366,-0.40555556,-20.566213,0.44789711,4029.272,-1.2837998,34.705433
"triangle 200x10 mm 40 km/h",-0.0364,-0.40333333,-20.171008,0.44802771,4031.8315,-1.3184785,34.705273
"triangle 200x10 mm 40 km/h",-0.0362,-0.40111111,-19.670011,0.44961159,4032.9089,-1.3306047,34.705108
"triangle 200x10 mm 40 km/h",-0.036,-0.39888889,-19.128119,0.45394443,4032.2122,-1.339664,34.704942
"triangle 200x10 mm 40 km/h",-0.0358,-0.39666667,-18.629159,0.460033,4030.1006,-1.3790559,34.704774
"triangle 200x10 mm 40 km/h",-0.0356,-0.39444444,-18.281121,0.46594143,4027.289,-1.4501007,34.704602
"triangle 200x10 mm 40 km/h",-0.0354,-0.39222222,-18.085582,0.47184366,4024.4416,-1.5487697,34.704421
"triangle 200x10 mm 40 km/h",-0.0352,-0.39,-18.02437,0.47655526,4022.3045,-1.661481,34.704227
"triangle 200x10 mm 40 km/h",-0.035,-0.38777778,-18.056544,0.4797498,4021.4222,-1.773498,34.704019
"triangle 200x10 mm 40 km/h",-0.0348,-0.38555556,-18.171577,0.48346604,4022.1508,-1.8687206,34.703798
"triangle 200x10 mm 40 km/h",-0.0346,-0.38333333,-18.311939,0.49263954,4024.4025,-1.9372066,34.703564
"triangle 200x10 mm 40 km/h",-0.0344,-0.38111111,-18.321853,0.4993472,4027.3937,-1.9833114,34.703322
"triangle 200x10 mm 40 km/h",-0.0342,-0.37888889,-18.083081,0.50383917,4030.1061,-2.0265397,34.703074
"triangle 200x10 mm 40 km/h",-0.034,-0.37666667,-17.662615,0.51076562,4031.6023,-2.0477007,34.702821
"triangle 200x10 mm 40 km/h",-0.0338,-0.37444444,-17.125504,0.52025518,4031.4868,-2.0583611,34.702565
"triangle 200x10 mm 40 km/h",-0.0336,-0.37222222,-16.548854,0.53510004,4029.9169,-2.0939133,34.702308
"triangle 200x10 mm 40 km/h",-0.0334,-0.37,-16.042335,0.54958437,4027.4687,-2.1632753,34.702046
"triangle 200x10 mm 40 km/h",-0.0332,-0.36777778,-15.647706,0.56282476,4024.797,-2.2616307,34.701775
"triangle 200x10 mm 40 km/h",-0.033,-0.36555556,-15.386061,0.56776913,4022.6136,-2.3728584,34.701493
"triangle 200x10 mm 40 km/h",-0.0328,-0.36333333,-15.240788,0.56383265,4021.5819,-2.4877293,34.701196
"triangle 200x10 mm 40 km/h",-0.0326,-0.36111111,-15.229774,0.55499616,4022.1839,-2.5878229,34.700885
"triangle 200x10 mm 40 km/h",-0.0324,-0.35888889,-15.326994,0.55108285,4024.2576,-2.6468236,34.700562
"triangle 200x10 mm 40 km/h",-0.0322,-0.35666667,-15.417459,0.54890621,4027.2808,-2.6692725,34.700231
"triangle 200x10 mm 40 km/h",-0.032,-0.35444444,-15.394668,0.5461003,4030.3262,-2.6714729,34.699897
"triangle 200x10 mm 40 km/h",-0.0318,-0.35222222,-15.264547,0.54599624,4032.3547,-2.6476801,34.699563
"triangle 200x10 mm 40 km/h",-0.0316,-0.35,-15.101063,0.54932,4032.8643,-2.5992291,34.699232
"triangle 200x10 mm 40 km/h",-0.0314,-0.34777778,-14.956657,0.55625143,4031.8055,-2.5565702,34.698907
"triangle 200x10 mm 40 km/h",-0.0312,-0.34555556,-14.908145,0.56239514,4029.5851,-2.5363928,34.698588
"triangle 200x10 mm 40 km/h",-0.031,-0.34333333,-14.994195,0.56720186,4026.8367,-2.5396997,34.698271
"triangle 200x10 mm 40 km/h",-0.0308,-0.34111111,-15.215754,0.56598597,4024.2862,-2.5576364,34.697953
"triangle 200x10 mm 40 km/h",-0.0306,-0.33888889,-15.537181,0.55814239,4022.7279,-2.5830937,34.697634
"triangle 200x10 mm 40 km/h",-0.0304,-0.33666667,-15.923167,0.54528261,4022.5501,-2.5940806,34.697311
"triangle 200x10 mm 40 km/h",-0.0302,-0.33444444,-16.375877,0.53565383,4023.8495,-2.5672303,34.696986
"triangle 200x10 mm 40 km/h",-0.03,-0.33222222,-16.849122,0.53246864,4026.5401,-2.5043108,34.696665
"triangle 200x10 mm 40 km/h",-0.0298,-0.33,-17.191996,0.52864266,4029.7443,-2.4246967,34.696352
"triangle 200x10 mm 40 km/h",-0.0296,-0.32777778,-17.358375,0.52858708,4032.263,-2.331694,34.696049
"triangle 200x10 mm 40 km/h",-0.0294,-0.32555556,-17.42157,0.52937822,4033.2618,-2.2136941,34.695758
"triangle 200x10 mm 40 km/h",-0.0292,-0.32333333,-17.439394,0.53318875,4032.4702,-2.0925721,34.695481
"triangle 200x10 mm 40 km/h",-0.029,-0.32111111,-17.493396,0.53791098,4030.2857,-2.0002775,34.69522
"triangle 200x10 mm 40 km/h",-0.0288,-0.31888889,-17.683687,0.54046499,4027.504,-1.9400005,34.69497
"triangle 200x10 mm 40 km/h",-0.0286,-0.31666667,-18.002788,0.54516219,4024.7349,-1.9039718,34.694727
"triangle 200x10 mm 40 km/h",-0.0284,-0.31444444,-18.42246,0.54964651,4022.6672,-1.8774671,34.694489
"triangle 200x10 mm 40 km/h",-0.0282,-0.31222222,-18.901991,0.55308567,4021.8353,-1.8457064,34.694254
"triangle 200x10 mm 40 km/h",-0.028,-0.31,-19.443172,0.55929836,4022.5968,-1.792452,34.694024
"triangle 200x10 mm 40 km/h",-0.0278,-0.30777778,-19.993627,0.56978993,4024.8667,-1.710693,34.6938
"triangle 200x10 mm 40 km/h",-0.0276,-0.30555556,-20.404106,0.57963587,4027.8668,-1.6098997,34.693586
"triangle 200x10 mm 40 km/h",-0.0274,-0.30333333,-20.573489,0.5865433,4030.5201,-1.5055947,34.693385
"triangle 200x10 mm 40 km/h",-0.0272,-0.30111111,-20.581017,0.59374676,4031.8793,-1.3778119,34.693196
"triangle 200x10 mm 40 km/h",-0.027,-0.29888889,-20.49435,0.60174246,4031.5759,-1.2412273,34.693024
"triangle 200x10 mm 40 km/h",-0.0268,-0.29666667,-20.392983,0.61378749,4029.8188,-1.1323322,34.692869
"triangle 200x10 mm 40 km/h",-0.0266,-0.29444444,-20.386991,0.62421538,4027.2453,-1.0613973,34.692727
"triangle 200x10 mm 40 km/h",-0.0264,-0.29222222,-20.501047,0.63129748,4024.4701,-1.0228202,34.692595
"triangle 200x10 mm 40 km/h",-0.0262,-0.29,-20.74884,0.63039744,4022.3124,-1.0043794,34.692467
"triangle 200x10 mm 40 km/h",-0.026,-0.28777778,-21.093285,0.62092309,4021.3099,-0.99234636,34.692341
"triangle 200x10 mm 40 km/h",-0.0258,-0.28555556,-21.538184,0.60793464,4021.9965,-0.97376444,34.692217
"triangle 200x10 mm 40 km/h",-0.0256,-0.28333333,-22.048672,0.60031879,4024.1862,-0.92198797,34.692096
"triangle 200x10 mm 40 km/h",-0.0254,-0.28111111,-22.4877,0.59438844,4027.2723,-0.8429544,34.69198
"triangle 200x10 mm 40 km/h",-0.0252,-0.27888889,-22.746821,0.58792399,4030.277,-0.75332649,34.691875
"triangle 200x10 mm 40 km/h",-0.025,-0.27666667,-22.842521,0.5851349,4032.1884,-0.64710912,34.691781
"triangle 200x10 mm 40 km/h",-0.0248,-0.27444444,-22.862028,0.58655466,4032.5527,-0.52706002,34.6917
"triangle 200x10 mm 40 km/h",-0.0246,-0.27222222,-22.876346,0.59319301,4031.3925,-0.42545828,34.691634
"triangle 200x10 mm 40 km/h",-0.0244,-0.27,-22.973259,0.60124101,4029.1284,-0.35694035,34.691581
"triangle 200x10 mm 40 km/h",-0.0242,-0.26777778,-23.204119,0.61041898,4026.4787,-0.32382177,34.691536
"triangle 200x10 mm 40 km/h",-0.024,-0.26555556,-23.568084,0.61223263,4024.0508,-0.31050677,34.691496
"triangle 200x10 mm 40 km/h",-0.0238,-0.26333333,-24.022467,0.60908741,4022.5873,-0.31095546,34.691457
"triangle 200x10 mm 40 km/h",-0.0236,-0.26111111,-24.551078,0.60110704,4022.5631,-0.30407543,34.691418
"triangle 200x10 mm 40 km/h",-0.0234,-0.25888889,-25.157869,0.59662507,4024.0304,-0.26181879,34.69138
"triangle 200x10 mm 40 km/h",-0.0232,-0.25666667,-25.787254,0.59761699,4026.8363,-0.18537762,34.691347
"triangle 200x10 mm 40 km/h",-0.023,-0.25444444,-26.287813,0.59668177,4030.0883,-0.094439867,34.691324
"triangle 200x10 mm 40 km/h",-0.0228,-0.25222222,-26.618248,0.59833275,4032.6031,0.0086651263,34.691312
"triangle 200x10 mm 40 km/h",-0.0226,-0.25,-26.85902,0.60066854,4033.5858,0.13448592,34.691313
"triangle 200x10 mm 40 km/h",-0.0224,-0.24777778,-27.068597,0.60528848,4032.7429,0.2612515,34.69133
"triangle 200x10 mm 40 km/h",-0.0222,-0.24555556,-27.330469,0.61075239,4030.5037,0.35765708,34.691363
"triangle 200x10 mm 40 km/h",-0.022,-0.24333333,-27.745382,0.61226586,4027.6976,0.42131137,34.691408
"triangle 200x10 mm 40 km/h",-0.0218,-0.24111111,-28.301633,0.61451003,4024.9323,0.45972413,34.69146
"triangle 200x10 mm 40 km/h",-0.0216,-0.23888889,-28.967179,0.61487426,4022.8881,0.4877679,34.691518
"triangle 200x10 mm 40 km/h",-0.0214,-0.23666667,-29.692698,0.61302676,4022.0972,0.51918811,34.691579
"triangle 200x10 mm 40 km/h",-0.0212,-0.23444444,-30.478988,0.61416069,4022.9141,0.57183559,34.691644
"triangle 200x10 mm 40 km/h",-0.021,-0.23222222,-31.266122,0.6190985,4025.282,0.65044686,34.691715
"triangle 200x10 mm 40 km/h",-0.0208,-0.23,-31.888567,0.62306644,4028.3481,0.74656346,34.691796
"triangle 200x10 mm 40 km/h",-0.0206,-0.22777778,-32.237216,0.62510852,4030.9973,0.84501451,34.69189
"triangle 200x10 mm 40 km/h",-0.0204,-0.22555556,-32.387033,0.62792458,4032.2864,0.96558305,34.691995
"triangle 200x10 mm 40 km/h",-0.0202,-0.22333333,-32.401687,0.6318377,4031.8612,1.0923173,34.692116
"triangle 200x10 mm 40 km/h",-0.02,-0.22111111,-32.36019,0.63995894,4029.9611,1.1884796,34.692253
"triangle 200x10 mm 40 km/h",-0.0198,-0.21888889,-32.369933,0.64683683,4027.2531,1.2434197,34.692401
"triangle 200x10 mm 40 km/h",-0.0196,-0.21666667,-32.453162,0.64927264,4024.3634,1.2630606,34.692557
"triangle 200x10 mm 40 km/h",-0.0194,-0.21444444,-32.621501,0.64347957,4022.1224,1.2594918,34.692714
"triangle 200x10 mm 40 km/h",-0.0192,-0.21222222,-32.846409,0.62929028,4021.0919,1.2472769,34.692872
"triangle 200x10 mm 40 km/h",-0.019,-0.21,-33.130394,0.61218519,4021.7552,1.2406963,34.693028
"triangle 200x10 mm 40 km/h",-0.0188,-0.20777778,-33.436801,0.59974416,4023.9123,1.2654863,34.693183
"triangle 200x10 mm 40 km/h",-0.0186,-0.20555556,-33.631017,0.58817658,4026.9587,1.3149922,34.693341
"triangle 200x10 mm 40 km/h",-0.0184,-0.20333333,-33.611845,0.57551508,4029.9172,1.3732835,34.693505
"triangle 200x10 mm 40 km/h",-0.0182,-0.20111111,-33.401894,0.56625944,4031.7755,1.4472082,34.693677
"triangle 200x10 mm 40 km/h",-0.018,-0.19888889,-33.094538,0.56062082,4032.0802,1.5343228,34.693858
"triangle 200x10 mm 40 km/h",-0.0178,-0.19666667,-32.764647,0.55925179,4030.8604,1.6013606,34.69405
"triangle 200x10 mm 40 km/h",-0.0176,-0.19444444,-32.504892,0.55919064,4028.5866,1.6321056,34.69425
"triangle 200x10 mm 40 km/h",-0.0174,-0.19222222,-32.367527,0.5609512,4025.9432,1.6257422,34.694454
"triangle 200x10 mm 40 km/h",-0.0172,-0.19,-32.354337,0.55314247,4023.523,1.5995875,34.694657
"triangle 200x10 mm 40 km/h",-0.017,-0.18777778,-32.425826,0.53936363,4022.0672,1.5588759,34.694857
"triangle 200x10 mm 40 km/h",-0.0168,-0.18555556,-32.573142,0.52030035,4022.0585,1.5252698,34.695052
"triangle 200x10 mm 40 km/h",-0.0166,-0.18333333,-32.799543,0.50521517,4023.5487,1.5255732,34.695243
"triangle 200x10 mm 40 km/h",-0.0164,-0.18111111,-33.047749,0.49495507,4026.3887,1.5575725,34.695433
"triangle 200x10 mm 40 km/h",-0.0162,-0.17888889,-33.17371,0.48427104,4029.6702,1.6022529,34.695628
"triangle 200x10 mm 40 km/h",-0.016,-0.17666667,-33.141937,0.47813629,4032.2032,1.6590335,34.695828
"triangle 200x10 mm 40 km/h",-0.0158,-0.17444444,-33.034007,0.47522113,4033.2447,1.734962,34.696036
"triangle 200x10 mm 40 km/h",-0.0156,-0.17222222,-32.904501,0.47680294,4032.465,1.8083018,34.696253
"triangle 200x10 mm 40 km/h",-0.0154,-0.17,-32.832887,0.48010236,4030.2611,1.8492751,34.696479
"triangle 200x10 mm 40 km/h",-0.0152,-0.16777778,-33.020928,0.48063656,4028.1439,1.8364744,34.69671
"triangle 200x10 mm 40 km/h",-0.015,-0.16555556,-33.688653,0.4832355,4028.3242,1.7342192,34.696939
"triangle 200x10 mm 40 km/h",-0.0148,-0.16333333,-34.84278,0.48167617,4032.2195,1.5215313,34.697156
"triangle 200x10 mm 40 km/h",-0.0146,-0.16111111,-36.112846,0.47796607,4039.5221,1.1847607,34.697346
"triangle 200x10 mm 40 km/h",-0.0144,-0.15888889,-37.120932,0.4805933,4049.5407,0.70824275,34.697494
"triangle 200x10 mm 40 km/h",-0.0142,-0.15666667,-37.604156,0.48900441,4062.0781,0.047887038,34.697583
"triangle 200x10 mm 40 km/h",-0.014,-0.15444444,-37.296838,0.49874857,4077.1434,-0.87306523,34.697589
"triangle 200x10 mm 40 km/h",-0.0138,-0.15222222,-35.908584,0.50710338,4094.5793,-2.1295864,34.69748
"triangle 200x10 mm 40 km/h",-0.0136,-0.15,-33.170672,0.5150933,4114.0195,-3.7490212,34.697214
"triangle 200x10 mm 40 km/h",-0.0134,-0.14777778,-28.744861,0.52082088,4135.1483,-5.7755557,34.696745
"triangle 200x10 mm 40 km/h",-0.0132,-0.14555556,-22.416043,0.52946361,4158.0082,-8.2517818,34.696023
"triangle 200x10 mm 40 km/h",-0.013,-0.14333333,-14.163182,0.53599042,4183.3106,-11.19512,34.694992
"triangle 200x10 mm 40 km/h",-0.0128,-0.14111111,-4.0498216,0.54067341,4212.0736,-14.608329,34.693592
"triangle 200x10 mm 40 km/h",-0.0126,-0.13888889,7.709687,0.54022094,4245.5861,-18.475266,34.691766
"triangle 200x10 mm 40 km/h",-0.0124,-0.13666667,20.814395,0.53417691,4284.9618,-22.770266,34.689457
"triangle 200x10 mm 40 km/h",-0.0122,-0.13444444,34.996123,0.52671611,4330.2444,-27.43187,34.68661
"triangle 200x10 mm 40 km/h",-0.012,-0.13222222,50.005851,0.52338365,4380.5347,-32.380112,34.683181
"triangle 200x10 mm 40 km/h",-0.0118,-0.13,65.569505,0.51923073,4434.5938,-37.561039,34.679134
"triangle 200x10 mm 40 km/h",-0.0116,-0.12777778,81.221462,0.51551483,4491.232,-42.934376,34.674439
"triangle 200x10 mm 40 km/h",-0.0114,-0.12555556,96.232247,0.51556497,4549.7161,-48.436079,34.669072
"triangle 200x10 mm 40 km/h",-0.0112,-0.12333333,109.94639,0.5182337,4609.542,-54.018612,34.663018
"triangle 200x10 mm 40 km/h",-0.011,-0.12111111,121.79428,0.52489907,4670.402,-59.650026,34.656265
"triangle 200x10 mm 40 km/h",-0.0108,-0.11888889,131.24354,0.52805899,4732.611,-65.294186,34.648809
"triangle 200x10 mm 40 km/h",-0.0106,-0.11666667,137.88576,0.5271379,4797.1093,-70.931801,34.640647
"triangle 200x10 mm 40 km/h",-0.0104,-0.11444444,141.64735,0.51570173,4864.2026,-76.514631,34.631781
"triangle 200x10 mm 40 km/h",-0.0102,-0.11222222,142.90647,0.49576835,4933.2427,-81.993928,34.622216
"triangle 200x10 mm 40 km/h",-0.01,-0.11,142.10632,0.46876594,5003.2018,-87.300233,34.611967
"triangle 200x10 mm 40 km/h",-0.0098,-0.10777778,139.54888,0.44827999,5073.2015,-92.359459,34.601055
"triangle 200x10 mm 40 km/h",-0.0096,-0.10555556,135.45003,0.43246112,5142.7844,-97.136071,34.58951
"triangle 200x10 mm 40 km/h",-0.0094,-0.10333333,129.94061,0.41855873,5211.9097,-101.65019,34.577368
"triangle 200x10 mm 40 km/h",-0.0092,-0.10111111,122.9054,0.40741952,5280.6212,-105.89875,34.564661
"triangle 200x10 mm 40 km/h",-0.009,-0.098888889,114.22147,0.39475703,5348.8598,-109.86937,34.551424
"triangle 200x10 mm 40 km/h",-0.0088,-0.096666667,103.93865,0.37991496,5416.2577,-113.57766,34.53769
"triangle 200x10 mm 40 km/h",-0.0086,-0.094444444,92.058588,0.36119367,5482.2409,-116.98875,34.523493
"triangle 200x10 mm 40 km/h",-0.0084,-0.092222222,78.642754,0.33188107,5546.3147,-120.05572,34.50887
"triangle 200x10 mm 40 km/h",-0.0082,-0.09,63.789944,0.29681018,5607.94,-122.71374,34.493863
"triangle 200x10 mm 40 km/h",-0.008,-0.087777778,47.604857,0.25427151,5666.7274,-124.89408,34.478523
"triangle 200x10 mm 40 km/h",-0.0078,-0.085555556,30.102798,0.20540985,5722.5347,-126.52171,34.462912
"triangle 200x10 mm 40 km/h",-0.0076,-0.083333333,11.231165,0.16468164,5775.0927,-127.50749,34.447096
"triangle 200x10 mm 40 km/h",-0.0074,-0.081111111,-8.9926961,0.1321115,5823.8577,-127.77561,34.431158
"triangle 200x10 mm 40 km/h",-0.0072,-0.078888889,-30.510706,0.10184297,5868.1027,-127.27504,34.415186
"triangle 200x10 mm 40 km/h",-0.007,-0.076666667,-53.504409,0.073942238,5907.274,-125.92617,34.399277
"triangle 200x10 mm 40 km/h",-0.0068,-0.074444444,-78.149083,0.046586667,5941.2258,-123.6873,34.383536
"triangle 200x10 mm 40 km/h",-0.0066,-0.072222222,-104.55086,0.016017529,5970.0095,-120.55132,34.368075
"triangle 200x10 mm 40 km/h",-0.0064,-0.07,-132.95853,-0.015374272,5993.8299,-116.47517,34.353006
"triangle 200x10 mm 40 km/h",-0.0062,-0.067777778,-163.4723,-0.052869336,6013.0693,-111.44245,34.338447
"triangle 200x10 mm 40 km/h",-0.006,-0.065555556,-196.09763,-0.092532421,6028.0581,-105.44368,34.324516
"triangle 200x10 mm 40 km/h",-0.0058,-0.063333333,-230.76123,-0.13913895,6039.0525,-98.468367,34.311336
"triangle 200x10 mm 40 km/h",-0.0056,-0.061111111,-267.24072,-0.18771268,6046.1749,-90.524479,34.299027
"triangle 200x10 mm 40 km/h",-0.0054,-0.058888889,-305.29327,-0.23737575,6049.4596,-81.623282,34.287712
"triangle 200x10 mm 40 km/h",-0.0052,-0.056666667,-344.65142,-0.28205151,6048.9216,-71.78699,34.277509
"triangle 200x10 mm 40 km/h",-0.005,-0.054444444,-384.9745,-0.33183789,6044.5193,-61.046292,34.268535
"triangle 200x10 mm 40 km/h",-0.0048,-0.052222222,-425.96233,-0.38941682,6036.3178,-49.416536,34.260905
"triangle 200x10 mm 40 km/h",-0.0046,-0.05,-467.33742,-0.4598038,6024.8189,-36.92758,34.254728
"triangle 200x10 mm 40 km/h",-0.0044,-0.047777778,-508.90536,-0.53553115,6011.0962,-23.625108,34.250112
"triangle 200x10 mm 40 km/h",-0.0042,-0.045555556,-550.61548,-0.61357609,5996.0475,-9.5445509,34.247159
"triangle 200x10 mm 40 km/h",-0.004,-0.043333333,-592.48596,-0.68341215,5980.2207,5.2614511,34.245965
"triangle 200x10 mm 40 km/h",-0.0038,-0.041111111,-634.63256,-0.74159242,5963.8196,20.738813,34.246623
"triangle 200x10 mm 40 km/h",-0.0036,-0.038888889,-677.12198,-0.7907741,5946.7783,36.810284,34.249216
"triangle 200x10 mm 40 km/h",-0.0034,-0.036666667,-719.97625,-0.84141371,5928.9336,53.390497,34.253817
"triangle 200x10 mm 40 km/h",-0.0032,-0.034444444,-763.10307,-0.89294587,5910.2542,70.36379,34.260491
"triangle 200x10 mm 40 km/h",-0.003,-0.032222222,-806.32392,-0.94355311,5891.3167,87.598763,34.269286
"triangle 200x10 mm 40 km/h",-0.0028,-0.03,-849.39182,-0.99083334,5873.375,104.9805,34.280236
"triangle 200x10 mm 40 km/h",-0.0026,-0.027777778,-891.81485,-1.0381589,5857.9246,122.37344,34.293358
"triangle 200x10 mm 40 km/h",-0.0024,-0.025555556,-932.90522,-1.082111,5846.5563,139.61004,34.308655
"triangle 200x10 mm 40 km/h",-0.0022,-0.023333333,-971.88319,-1.1246838,5840.5518,156.53359,34.326106
"triangle 200x10 mm 40 km/h",-0.002,-0.021111111,-1008.0467,-1.1687672,5840.5019,173.04517,34.345673
"triangle 200x10 mm 40 km/h",-0.0018,-0.018888889,-1040.7397,-1.2068068,5846.4769,189.03759,34.367304
"triangle 200x10 mm 40 km/h",-0.0016,-0.016666667,-1069.5175,-1.2500148,5858.1513,204.41366,34.390933
"triangle 200x10 mm 40 km/h",-0.0014,-0.014444444,-1094.21,-1.2945111,5874.9661,219.08458,34.416485
"triangle 200x10 mm 40 km/h",-0.0012,-0.012222222,-1114.8785,-1.3463304,5895.8818,232.96652,34.443871
"triangle 200x10 mm 40 km/h",-0.001,-0.01,-1131.8587,-1.3977448,5919.509,246.00591,34.472992
"triangle 200x10 mm 40 km/h",-0.0008,-0.0077777778,-1145.6253,-1.4433436,5944.4028,258.15295,34.503742
"triangle 200x10 mm 40 km/h",-0.0006,-0.0055555556,-1156.7122,-1.4813239,5969.3693,269.3609,34.536011
"triangle 200x10 mm 40 km/h",-0.0004,-0.0033333333,-1165.6482,-1.5137497,5993.6683,279.59053,34.569682
"triangle 200x10 mm 40 km/h",-0.0002,-0.0011111111,-1172.8314,-1.5431142,6016.8326,288.80691,34.60463
"triangle 200x10 mm 40 km/h",-1.0832101e-14,0.0011111111,-1178.4538,-1.5703381,6038.7669,296.9781,34.640731
"triangle 200x10 mm 40 km/h",0.0002,0.0033333333,-1182.586,-1.5995104,6059.9533,304.10632,34.677853
"triangle 200x10 mm 40 km/h",0.0004,0.0055555556,-1185.1164,-1.6306589,6081.2536,310.19735,34.715867
"triangle 200x10 mm 40 km/h",0.0006,0.0077777778,-1185.8361,-1.6606634,6103.4346,315.2666,34.754641
"triangle 200x10 mm 40 km/h",0.0008,0.01,-1184.42,-1.6866965,6126.9936,319.30498,34.79405
"triangle 200x10 mm 40 km/h",0.001,0.012222222,-1180.725,-1.710369,6151.9065,322.35396,34.833963
"triangle 200x10 mm 40 km/h",0.0012,0.014444444,-1174.7693,-1.727336,6177.3676,324.4677,34.874257
"triangle 200x10 mm 40 km/h",0.0014,0.016666667,-1166.7622,-1.7405784,6202.0142,325.68867,34.914816
"triangle 200x10 mm 40 km/h",0.0016,0.018888889,-1157.2772,-1.7512629,6224.1948,326.09947,34.955527
"triangle 200x10 mm 40 km/h",0.0018,0.021111111,-1147.1579,-1.7603739,6242.4237,325.78868,34.996289
"triangle 200x10 mm 40 km/h",0.002,0.023333333,-1137.199,-1.7693675,6255.2407,324.79332,35.037013
"triangle 200x10 mm 40 km/h",0.0022,0.025555556,-1128.2521,-1.7739089,6261.2193,323.19169,35.077612
"triangle 200x10 mm 40 km/h",0.0024,0.027777778,-1120.9179,-1.7703715,6259.5249,321.03009,35.118011
"triangle 200x10 mm 40 km/h",0.0026,0.03,-1115.6297,-1.7619157,6249.9477,318.39771,35.15814
"triangle 200x10 mm 40 km/h",0.0028,0.032222222,-1112.4722,-1.7526495,6232.6527,315.39169,35.197939
"triangle 200x10 mm 40 km/h",0.003,0.034444444,-1111.0743,-1.7418794,6208.2349,312.06929,35.237363
"triangle 200x10 mm 40 km/h",0.0032,0.036666667,-1110.6497,-1.7319219,6177.7784,308.4496,35.276372
"triangle 200x10 mm 40 km/h",0.0034,0.038888889,-1110.2453,-1.7242398,6142.9228,304.56567,35.314928
"triangle 200x10 mm 40 km/h",0.0036,0.041111111,-1108.726,-1.720337,6105.4228,300.41906,35.352999
"triangle 200x10 mm 40 km/h",0.0038,0.043333333,-1104.7783,-1.7218536,6066.6133,295.94206,35.390551
"triangle 200x10 mm 40 km/h",0.004,0.045555556,-1097.3601,-1.7333174,6027.3939,291.11507,35.427544
"triangle 200x10 mm 40 km/h",0.0042,0.047777778,-1085.7857,-1.7566285,5987.9163,285.96938,35.463933
"triangle 200x10 mm 40 km/h",0.0044,0.05,-1069.9138,-1.7907742,5948.5901,280.55706,35.49968
"triangle 200x10 mm 40 km/h",0.0046,0.052222222,-1050.0152,-1.8334668,5909.8069,274.92308,35.534749
"triangle 200x10 mm 40 km/h",0.0048,0.054444444,-1026.5497,-1.8819966,5870.8879,269.10967,35.569115
"triangle 200x10 mm 40 km/h",0.005,0.056666667,-1000.0637,-1.930364,5830.1263,263.16216,35.602753
"triangle 200x10 mm 40 km/h",0.0052,0.058888889,-971.12617,-1.9758484,5786.2628,257.08509,35.635649
"triangle 200x10 mm 40 km/h",0.0054,0.061111111,-940.52262,-2.0170294,5739.152,250.94112,35.667784
"triangle 200x10 mm 40 km/h",0.0056,0.063333333,-908.82703,-2.0513639,5689.7494,244.75739,35.699152
"triangle 200x10 mm 40 km/h",0.0058,0.065555556,-876.14566,-2.0730659,5639.4898,238.51312,35.729746
"triangle 200x10 mm 40 km/h",0.006,0.067777778,-842.11296,-2.0804268,5590.8021,232.11783,35.759561
"triangle 200x10 mm 40 km/h",0.0062,0.07,-805.90134,-2.0762041,5546.0173,225.46525,35.788575
"triangle 200x10 mm 40 km/h",0.0064,0.072222222,-766.28635,-2.0604645,5506.5445,218.46736,35.816758
"triangle 200x10 mm 40 km/h",0.0066,0.074444444,-721.987,-2.0327954,5473.3938,211.05702,35.844067
"triangle 200x10 mm 40 km/h",0.0068,0.076666667,-671.76089,-1.9917569,5446.8707,203.1351,35.870449
"triangle 200x10 mm 40 km/h",0.007,0.078888889,-614.53672,-1.9366295,5426.4953,194.55211,35.895841
"triangle 200x10 mm 40 km/h",0.0072,0.081111111,-549.5278,-1.8688388,5411.471,185.10251,35.92016
"triangle 200x10 mm 40 km/h",0.0074,0.083333333,-476.37197,-1.788281,5400.5096,174.61951,35.943298
"triangle 200x10 mm 40 km/h",0.0076,0.085555556,-395.11311,-1.7018516,5391.9577,162.98237,35.965125
"triangle 200x10 mm 40 km/h",0.0078,0.087777778,-306.12683,-1.613991,5384.0705,150.08458,35.985498
"triangle 200x10 mm 40 km/h",0.008,0.09,-210.10441,-1.521009,5375.2865,135.84946,36.004259
"triangle 200x10 mm 40 km/h",0.0082,0.092222222,-107.87907,-1.4303823,5364.086,120.22268,36.02124
"triangle 200x10 mm 40 km/h",0.0084,0.094444444,-0.31481536,-1.3453078,5349.397,103.17484,36.036268
"triangle 200x10 mm 40 km/h",0.0086,0.096666667,111.74831,-1.2726498,5330.1819,84.766695,36.049164
"triangle 200x10 mm 40 km/h",0.0088,0.098888889,227.67945,-1.2157329,5305.5722,65.071402,36.05976
"triangle 200x10 mm 40 km/h",0.009,0.10111111,346.8141,-1.1703535,5275.5905,44.177713,36.067894
"triangle 200x10 mm 40 km/h",0.0092,0.10333333,468.45825,-1.1264091,5240.8051,22.181449,36.073416
"triangle 200x10 mm 40 km/h",0.0094,0.10555556,591.81155,-1.0851309,5202.1546,-0.82321444,36.076189
"triangle 200x10 mm 40 km/h",0.0096,0.10777778,715.88219,-1.0422377,5160.4512,-24.728814,36.076086
"triangle 200x10 mm 40 km/h",0.0098,0.11,839.53283,-0.99714477,5116.305,-49.416213,36.072995
"triangle 200x10 mm 40 km/h",0.01,0.11222222,961.65259,-0.9511373,5069.9752,-74.836189,36.066818
"triangle 200x10 mm 40 km/h",0.0102,0.11444444,1080.8943,-0.90877359,5021.5399,-100.88587,36.057464
"triangle 200x10 mm 40 km/h",0.0104,0.11666667,1195.8499,-0.87282966,4970.6676,-127.42574,36.044853
"triangle 200x10 mm 40 km/h",0.0106,0.11888889,1305.0263,-0.84147634,4916.2682,-154.24441,36.028925
"triangle 200x10 mm 40 km/h",0.0108,0.12111111,1406.9811,-0.8094368,4856.9664,-181.12739,36.009644
"triangle 200x10 mm 40 km/h",0.011,0.12333333,1500.3645,-0.77472865,4791.5615,-207.84913,35.987003
"triangle 200x10 mm 40 km/h",0.0112,0.12555556,1584.0028,-0.74079252,4719.2451,-234.20256,35.961022
"triangle 200x10 mm 40 km/h",0.0114,0.12777778,1656.9407,-0.70703379,4640.3542,-259.97812,35.931747
"triangle 200x10 mm 40 km/h",0.0116,0.13,1718.6816,-0.66817675,4556.1297,-285.00346,35.899249
"triangle 200x10 mm 40 km/h",0.0118,0.13222222,1769.1288,-0.64028338,4468.4778,-309.11037,35.863624
"triangle 200x10 mm 40 km/h",0.012,0.13444444,1808.5439,-0.62607685,4379.9431,-332.14241,35.824985
"triangle 200x10 mm 40 km/h",0.0122,0.13666667,1837.4475,-0.62227599,4293.0832,-353.95266,35.783467
"triangle 200x10 mm 40 km/h",0.0124,0.13888889,1856.4876,-0.62585329,4209.9458,-374.40309,35.739223
"triangle 200x10 mm 40 km/h",0.0126,0.14111111,1866.5524,-0.63537106,4131.9714,-393.43729,35.692423
"triangle 200x10 mm 40 km/h",0.0128,0.14333333,1868.4543,-0.6469921,4059.3224,-410.96861,35.643243
"triangle 200x10 mm 40 km/h",0.013,0.14555556,1863.2411,-0.65822691,3991.4611,-426.98983,35.591872
"triangle 200x10 mm 40 km/h",0.0132,0.14777778,1851.6634,-0.66570854,3927.7808,-441.4521,35.538498
"triangle 200x10 mm 40 km/h",0.0134,0.15,1834.5256,-0.66828336,3868.0157,-454.34407,35.483317
"triangle 200x10 mm 40 km/h",0.0136,0.15222222,1812.5636,-0.67273813,3812.2669,-465.63738,35.426524
"triangle 200x10 mm 40 km/h",0.0138,0.15444444,1786.4997,-0.67532457,3760.7672,-475.27708,35.368319
"triangle 200x10 mm 40 km/h",0.014,0.15666667,1756.8551,-0.67723232,3713.9129,-483.12982,35.30891
"triangle 200x10 mm 40 km/h",0.0142,0.15888889,1724.2203,-0.68407026,3672.5831,-489.06278,35.248518
"triangle 200x10 mm 40 km/h",0.0144,0.16111111,1689.8454,-0.69644484,3638.4292,-493.12408,35.187386
"triangle 200x10 mm 40 km/h",0.0146,0.16333333,1655.0326,-0.71306519,3613.5751,-495.41128,35.125745
"triangle 200x10 mm 40 km/h",0.0148,0.16555556,1620.7432,-0.73045543,3599.3712,-495.96367,35.063819
"triangle 200x10 mm 40 km/h",0.015,0.16777778,1587.8402,-0.75362056,3595.7021,-494.80788,35.001823
"triangle 200x10 mm 40 km/h",0.0152,0.17,1556.8189,-0.78319364,3601.3522,-491.9131,34.939972
"triangle 200x10 mm 40 km/h",0.0154,0.17222222,1528.028,-0.81283301,3614.8941,-487.29698,34.878483
"triangle 200x10 mm 40 km/h",0.0156,0.17444444,1501.5763,-0.84009213,3635.198,-480.99488,34.817571
"triangle 200x10 mm 40 km/h",0.0158,0.17666667,1477.2348,-0.86730492,3661.4504,-473.01271,34.757447
"triangle 200x10 mm 40 km/h",0.016,0.17888889,1454.8369,-0.89483531,3693.333,-463.42545,34.69832
"triangle 200x10 mm 40 km/h",0.0162,0.18111111,1434.1221,-0.92281951,3730.7398,-452.31719,34.640392
"triangle 200x10 mm 40 km/h",0.0164,0.18333333,1414.9221,-0.94848938,3773.5211,-439.81854,34.583852
"triangle 200x10 mm 40 km/h",0.0166,0.18555556,1397.059,-0.96545433,3821.4474,-426.07342,34.528875
"triangle 200x10 mm 40 km/h",0.0168,0.18777778,1380.5212,-0.96916697,3874.2202,-411.28995,34.475616
"triangle 200x10 mm 40 km/h",0.017,0.19,1365.376,-0.95844887,3931.1635,-395.66835,34.424204
"triangle 200x10 mm 40 km/h",0.0172,0.19222222,1351.788,-0.93078996,3990.6915,-379.37546,34.374746
"triangle 200x10 mm 40 km/h",0.0174,0.19444444,1340.0873,-0.88361586,4050.7134,-362.60866,34.327324
"triangle 200x10 mm 40 km/h",0.0176,0.19666667,1330.6306,-0.81813465,4109.178,-345.57679,34.281998
"triangle 200x10 mm 40 km/h",0.0178,0.19888889,1323.5513,-0.73504843,4164.3663,-328.44724,34.238801
"triangle 200x10 mm 40 km/h",0.018,0.20111111,1318.7975,-0.64279496,4214.8296,-311.36406,34.197745
"triangle 200x10 mm 40 km/h",0.0182,0.20333333,1316.2333,-0.54884778,4259.5133,-294.47726,34.158824
"triangle 200x10 mm 40 km/h",0.0184,0.20555556,1315.4569,-0.46096843,4297.576,-277.88988,34.122015
"triangle 200x10 mm 40 km/h",0.0186,0.20777778,1315.773,-0.38708785,4328.5604,-261.66924,34.087278
"triangle 200x10 mm 40 km/h",0.0188,0.21,1316.2867,-0.32917244,4352.2687,-245.87712,34.05457
"triangle 200x10 mm 40 km/h",0.019,0.21222222,1315.8974,-0.28504973,4368.8414,-230.57015,34.023835
"triangle 200x10 mm 40 km/h",0.0192,0.21444444,1313.446,-0.25495132,4378.8675,-215.83189,33.995014
"triangle 200x10 mm 40 km/h",0.0194,0.21666667,1307.7524,-0.24035276,4382.922,-201.72371,33.968035
"triangle 200x10 mm 40 km/h",0.0196,0.21888889,1297.6533,-0.23842235,4380.8867,-188.24541,33.942819
"triangle 200x10 mm 40 km/h",0.0198,0.22111111,1282.2398,-0.24608189,4372.3666,-175.42153,33.919289
"triangle 200x10 mm 40 km/h",0.02,0.22333333,1260.8415,-0.26063535,4357.2019,-163.29626,33.897361
"triangle 200x10 mm 40 km/h",0.0202,0.22555556,1232.7977,-0.27679624,4335.5564,-151.8525,33.876949
"triangle 200x10 mm 40 km/h",0.0204,0.22777778,1197.5987,-0.29764623,4308.0071,-141.05514,33.857967
"triangle 200x10 mm 40 km/h",0.0206,0.23,1155.029,-0.3252534,4275.2907,-130.86721,33.840336
"triangle 200x10 mm 40 km/h",0.0208,0.23222222,1105.0438,-0.36049788,4238.193,-121.22808,33.823977
"triangle 200x10 mm 40 km/h",0.021,0.23444444,1047.6968,-0.40459833,4197.3716,-112.0444,33.808824
"triangle 200x10 mm 40 km/h",0.0212,0.23666667,983.09634,-0.45306891,4153.6298,-103.2184,33.794818
"triangle 200x10 mm 40 km/h",0.0214,0.23888889,911.42114,-0.50013205,4107.7276,-94.66596,33.781916
"triangle 200x10 mm 40 km/h",0.0216,0.24111111,832.92854,-0.5436292,4060.5542,-86.339064,33.770083
"triangle 200x10 mm 40 km/h",0.0218,0.24333333,748.11141,-0.58579617,4013.1363,-78.253963,33.75929
"triangle 200x10 mm 40 km/h",0.022,0.24555556,657.53521,-0.62969432,3966.0477,-70.392572,33.749508
"triangle 200x10 mm 40 km/h",0.0222,0.24777778,561.80312,-0.67434395,3919.6541,-62.701171,33.740709
"triangle 200x10 mm 40 km/h",0.0224,0.25,461.87642,-0.72020939,3874.6352,-55.190309,33.732872
"triangle 200x10 mm 40 km/h",0.0226,0.25222222,358.86139,-0.76515721,3832.1357,-47.864616,33.725973
"triangle 200x10 mm 40 km/h",0.0228,0.25444444,253.83059,-0.80999389,3793.5578,-40.663717,33.71999
"triangle 200x10 mm 40 km/h",0.023,0.25666667,148.18753,-0.8572175,3760.2981,-33.561428,33.714907
"triangle 200x10 mm 40 km/h",0.0232,0.25888889,43.359652,-0.90654984,3733.5326,-26.501038,33.710712
"triangle 200x10 mm 40 km/h",0.0234,0.26111111,-59.232878,-0.96067167,3713.9262,-19.41914,33.707399
"triangle 200x10 mm 40 km/h",0.0236,0.26333333,-158.31391,-1.0176778,3701.9172,-12.259723,33.704972
"triangle 200x10 mm 40 km/h",0.0238,0.26555556,-252.891,-1.0732986,3697.559,-4.9600804,33.703439
"triangle 200x10 mm 40 km/h",0.024,0.26777778,-342.25264,-1.1223034,3700.4916,2.5319546,33.702819
"triangle 200x10 mm 40 km/h",0.0242,0.27,-425.8639,-1.1667088,3710.0977,10.230788,33.703136
"triangle 200x10 mm 40 km/h",0.0244,0.27222222,-503.29296,-1.209482,3725.1853,18.125703,33.704415
"triangle 200x10 mm 40 km/h",0.0246,0.27444444,-574.47619,-1.2472688,3744.3411,26.260907,33.70668
"triangle 200x10 mm 40 km/h",0.0248,0.27666667,-639.52709,-1.276714,3766.5087,34.692896,33.709963
"triangle 200x10 mm 40 km/h",0.025,0.27888889,-698.45402,-1.2979181,3791.2748,43.4199,33.714299
"triangle 200x10 mm 40 km/h",0.0252,0.28111111,-751.30996,-1.3085364,3818.7328,52.44564,33.719727
"triangle 200x10 mm 40 km/h",0.0254,0.28333333,-798.14459,-1.3144684,3849.3123,61.805505,33.726283
"triangle 200x10 mm 40 km/h",0.0256,0.28555556,-838.84366,-1.3120822,3883.2087,71.527259,33.734008
"triangle 200x10 mm 40 km/h",0.0258,0.28777778,-873.30568,-1.3112297,3920.3502,81.646921,33.742949
"triangle 200x10 mm 40 km/h",0.026,0.29,-901.44128,-1.3064919,3960.5209,92.162835,33.753155
"triangle 200x10 mm 40 km/h",0.0262,0.29222222,-923.37866,-1.2990499,4003.0534,103.08274,33.764675
"triangle 200x10 mm 40 km/h",0.0264,0.29444444,-939.44802,-1.2821822,4047.0022,114.38277,33.777561
"triangle 200x10 mm 40 km/h",0.0266,0.29666667,-950.15295,-1.2585919,4091.1342,126.00725,33.791859
"triangle 200x10 mm 40 km/h",0.0268,0.29888889,-956.17062,-1.2359555,4133.5219,137.90068,33.80761
"triangle 200x10 mm 40 km/h",0.027,0.30111111,-958.36552,-1.2126022,4172.1206,149.99268,33.824847
"triangle 200x10 mm 40 km/h",0.0272,0.30333333,-957.75467,-1.1881174,4205.2723,162.21694,33.843596
"triangle 200x10 mm 40 km/h",0.0274,0.30555556,-955.37639,-1.1606008,4232.2099,174.48412,33.863873
"triangle 200x10 mm 40 km/h",0.0276,0.30777778,-952.12225,-1.1294238,4252.8396,186.67239,33.885684
"triangle 200x10 mm 40 km/h",0.0278,0.31,-948.78482,-1.0970576,4267.641,198.69864,33.909018
"triangle 200x10 mm 40 km/h",0.028,0.31222222,-945.8926,-1.0646613,4277.3055,210.48697,33.933855
"triangle 200x10 mm 40 km/h",0.0282,0.31444444,-943.71056,-1.0387748,4282.4804,221.96313,33.960166
"triangle 200x10 mm 40 km/h",0.0284,0.31666667,-942.44061,-1.0178511,4283.9395,233.07536,33.987912
"triangle 200x10 mm 40 km/h",0.0286,0.31888889,-942.14567,-0.99453736,4282.1286,243.75948,34.017046
"triangle 200x10 mm 40 km/h",0.0288,0.32111111,-942.78201,-0.96314106,4276.9881,253.93292,34.047516
"triangle 200x10 mm 40 km/h",0.029,0.32333333,-944.43364,-0.9293873,4268.3663,263.52896,34.079257
"triangle 200x10 mm 40 km/h",0.0292,0.32555556,-947.21618,-0.89579803,4255.388,272.4788,34.112199
"triangle 200x10 mm 40 km/h",0.0294,0.32777778,-951.28362,-0.86052531,4237.0485,280.68886,34.146258
"triangle 200x10 mm 40 km/h",0.0296,0.33,-956.98175,-0.82291665,4212.8784,288.09208,34.181345
"triangle 200x10 mm 40 km/h",0.0298,0.33222222,-964.63701,-0.78210113,4183.1215,294.59418,34.217356
"triangle 200x10 mm 40 km/h",0.03,0.33444444,-974.50099,-0.7402746,4148.8868,300.09305,34.25418
"triangle 200x10 mm 40 km/h",0.0302,0.33666667,-986.75335,-0.69860485,4111.7914,304.53643,34.291692
"triangle 200x10 mm 40 km/h",0.0304,0.33888889,-1001.2497,-0.66160529,4073.3039,307.87873,34.329759
"triangle 200x10 mm 40 km/h",0.0306,0.34111111,-1017.7481,-0.6299534,4035.0526,310.12471,34.368244
"triangle 200x10 mm 40 km/h",0.0308,0.34333333,-1035.7517,-0.59988603,3998.494,311.26819,34.407009
"triangle 200x10 mm 40 km/h",0.031,0.34555556,-1054.6014,-0.56388937,3964.8617,311.2937,34.445918
"triangle 200x10 mm 40 km/h",0.0312,0.34777778,-1073.5876,-0.5260226,3934.8444,310.21674,34.48483
"triangle 200x10 mm 40 km/h",0.0314,0.35,-1092.0228,-0.49103739,3908.1323,308.1006,34.523607
"triangle 200x10 mm 40 km/h",0.0316,0.35222222,-1109.1783,-0.45697602,3883.9821,304.96235,34.562119
"triangle 200x10 mm 40 km/h",0.0318,0.35444444,-1124.5454,-0.42432477,3861.7696,300.83397,34.60024
"triangle 200x10 mm 40 km/h",0.032,0.35666667,-1137.8757,-0.39164375,3841.3527,295.76829,34.637844
"triangle 200x10 mm 40 km/h",0.0322,0.35888889,-1148.9201,-0.36090302,3823.1415,289.75955,34.674815
"triangle 200x10 mm 40 km/h",0.0324,0.36111111,-1157.6248,-0.33301107,3807.9612,282.85844,34.711035
"triangle 200x10 mm 40 km/h",0.0326,0.36333333,-1163.8941,-0.31093668,3796.6727,275.13001,34.746392
"triangle 200x10 mm 40 km/h",0.0328,0.36555556,-1167.6685,-0.29699387,3790.184,266.67584,34.780783
"triangle 200x10 mm 40 km/h",0.033,0.36777778,-1168.8327,-0.28843102,3789.2206,257.60815,34.814118
"triangle 200x10 mm 40 km/h",0.0332,0.37,-1167.1448,-0.27708007,3794.2876,248.01194,34.846319
"triangle 200x10 mm 40 km/h",0.0334,0.37222222,-1162.2789,-0.26019037,3805.3301,237.97851,34.87732
"triangle 200x10 mm 40 km/h",0.0336,0.37444444,-1153.9856,-0.24328942,3821.5173,227.65721,34.907068
"triangle 200x10 mm 40 km/h",0.0338,0.37666667,-1141.92,-0.22417011,3841.6565,217.13926,34.935525
"triangle 200x10 mm 40 km/h",0.034,0.37888889,-1125.8084,-0.20194716,3864.3743,206.50461,34.962667
"triangle 200x10 mm 40 km/h",0.0342,0.38111111,-1105.6584,-0.17622593,3888.7137,195.86476,34.98848
"triangle 200x10 mm 40 km/h",0.0344,0.38333333,-1081.4694,-0.14897406,3914.1738,185.26015,35.012963
"triangle 200x10 mm 40 km/h",0.0346,0.38555556,-1053.4207,-0.12277052,3940.6259,174.74892,35.036121
"triangle 200x10 mm 40 km/h",0.0348,0.38777778,-1021.791,-0.10000672,3968.1004,164.39945,35.057965
"triangle 200x10 mm 40 km/h",0.035,0.39,-986.96811,-0.084939881,3996.6275,154.29801,35.078515
"triangle 200x10 mm 40 km/h",0.0352,0.39222222,-949.45137,-0.075796078,4026.2355,144.53872,35.097802
"triangle 200x10 mm 40 km/h",0.0354,0.39444444,-909.73471,-0.06683127,4056.7842,135.18842,35.115869
"triangle 200x10 mm 40 km/h",0.0356,0.39666667,-868.19004,-0.054431907,4087.6068,126.2822,35.132768
"triangle 200x10 mm 40 km/h",0.0358,0.39888889,-825.30178,-0.044542318,4117.7814,117.89343,35.148553
"triangle 200x10 mm 40 km/h",0.036,0.40111111,-781.43171,-0.033978613,4145.8742,110.06502,35.16329
"triangle 200x10 mm 40 km/h",0.0362,0.40333333,-736.79464,-0.021590692,4170.3334,102.79525,35.177048
"triangle 200x10 mm 40 km/h",0.0364,0.40555556,-691.78089,-0.0076895566,4190.2667,96.118713,35.189897
"triangle 200x10 mm 40 km/h",0.0366,0.40777778,-646.56096,0.006836725,4205.2652,89.988518,35.201912
"triangle 200x10 mm 40 km/h",0.0368,0.41,-601.32706,0.017177666,4215.4971,84.3725,35.213161
"triangle 200x10 mm 40 km/h",0.037,0.41222222,-556.22938,0.021338362,4221.4787,79.242582,35.223707
"triangle 200x10 mm 40 km/h",0.0372,0.41444444,-511.38855,0.015364803,4223.7715,74.57633,35.233612
"triangle 200x10 mm 40 km/h",0.0374,0.41666667,-466.98627,-0.0010070188,4223.0821,70.353863,35.242934
"triangle 200x10 mm 40 km/h",0.0376,0.41888889,-423.21384,-0.020168593,4219.9604,66.536884,35.251729
"triangle 200x10 mm 40 km/h",0.0378,0.42111111,-380.18023,-0.037909272,4214.5657,63.054069,35.260046
"triangle 200x10 mm 40 km/h",0.038,0.42333333,-338.06567,-0.059605954,4206.8343,59.845175,35.267928
"triangle 200x10 mm 40 km/h",0.0382,0.42555556,-296.99618,-0.084105027,4196.0907,56.838965,35.275408
"triangle 200x10 mm 40 km/h",0.0384,0.42777778,-257.05454,-0.10778242,4181.5749,53.952896,35.282513
"triangle 200x10 mm 40 km/h",0.0386,0.43,-218.42242,-0.12968648,4163.1262,51.122313,35.289257
"triangle 200x10 mm 40 km/h",0.0388,0.43222222,-181.10504,-0.14937513,4141.1058,48.227464,35.295648
"triangle 200x10 mm 40 km/h",0.039,0.43444444,-145.07989,-0.17079747,4116.4451,45.173018,35.301676
"triangle 200x10 mm 40 km/h",0.0392,0.43666667,-110.23072,-0.19242236,4090.3178,41.887527,35.307323
"triangle 200x10 mm 40 km/h",0.0394,0.43888889,-76.324179,-0.21861399,4063.8921,38.310221,35.312559
"triangle 200x10 mm 40 km/h",0.0396,0.44111111,-43.096529,-0.24842138,4038.2459,34.390732,35.317347
"triangle 200x10 mm 40 km/h",0.0398,0.44333333,-10.27564,-0.2787763,4014.2042,30.082988,35.321646
"triangle 200x10 mm 40 km/h",0.04,0.44555556,22.44743,-0.30209468,3992.1138,25.343568,35.325407
"triangle 200x10 mm 40 km/h",0.0402,0.44777778,55.373305,-0.32609357,3971.6246,20.146337,35.328574
"triangle 200x10 mm 40 km/h",0.0404,0.45,88.734545,-0.35161488,3952.1704,14.448785,35.331093
"triangle 200x10 mm 40 km/h",0.0406,0.45222222,122.54081,-0.37259027,3933.3433,8.2416787,35.332899
"triangle 200x10 mm 40 km/h",0.0408,0.45444444,156.65656,-0.38855959,3915.2175,1.5212529,35.333929
"triangle 200x10 mm 40 km/h",0.041,0.45666667,190.89957,-0.39684951,3898.3848,-5.7404635,35.334119
"triangle 200x10 mm 40 km/h",0.0412,0.45888889,225.00524,-0.40161566,3883.7534,-13.5353,35.333402
"triangle 200x10 mm 40 km/h",0.0414,0.46111111,258.70206,-0.40627845,3872.2964,-21.825374,35.33171
"triangle 200x10 mm 40 km/h",0.0416,0.46333333,291.74185,-0.41666581,3864.9043,-30.553136,35.328982
"triangle 200x10 mm 40 km/h",0.0418,0.46555556,323.89425,-0.43373746,3862.283,-39.653973,35.325162
"triangle 200x10 mm 40 km/h",0.042,0.46777778,354.93512,-0.45456911,3864.748,-49.051491,35.320206
"triangle 200x10 mm 40 km/h",0.0422,0.47,384.6907,-0.47091522,3872.0406,-58.653106,35.314074
"triangle 200x10 mm 40 km/h",0.0424,0.47222222,413.15877,-0.49266132,3883.0796,-68.382017,35.306743
"triangle 200x10 mm 40 km/h",0.0426,0.47444444,440.32816,-0.51848809,3896.4761,-78.171068,35.298195
"triangle 200x10 mm 40 km/h",0.0428,0.47666667,466.06009,-0.54190258,3910.9453,-87.926404,35.288423
"triangle 200x10 mm 40 km/h",0.043,0.47888889,490.24285,-0.5605975,3925.6728,-97.583932,35.277433
"triangle 200x10 mm 40 km/h",0.0432,0.48111111,512.71991,-0.57328915,3940.4814,-107.09475,35.265235
"triangle 200x10 mm 40 km/h",0.0434,0.48333333,533.30865,-0.58542685,3955.6856,-116.39024,35.251848
"triangle 200x10 mm 40 km/h",0.0436,0.48555556,551.92378,-0.59749925,3971.6179,-125.39508,35.237299
"triangle 200x10 mm 40 km/h",0.0438,0.48777778,568.49886,-0.613417,3988.8806,-134.03522,35.221625
"triangle 200x10 mm 40 km/h",0.044,0.49,583.00314,-0.63530117,4007.8245,-142.23226,35.20487
"triangle 200x10 mm 40 km/h",0.0442,0.49222222,595.40653,-0.65776,4028.7015,-149.9155,35.187091
"triangle 200x10 mm 40 km/h",0.0444,0.49444444,605.75751,-0.67581943,4051.0902,-157.01014,35.168352
"triangle 200x10 mm 40 km/h",0.0446,0.49666667,614.32328,-0.69411625,4073.966,-163.49412,35.148726
"triangle 200x10 mm 40 km/h",0.0448,0.49888889,621.28938,-0.71088983,4096.0172,-169.33808,35.128289
"triangle 200x10 mm 40 km/h",0.045,0.50111111,626.76961,-0.72425057,4115.7994,-174.49293,35.107122
"triangle 200x10 mm 40 km/h",0.0452,0.50333333,631.01226,-0.73393652,4132.4129,-178.98212,35.08531
"triangle 200x10 mm 40 km/h",0.0454,0.50555556,634.10641,-0.73863411,4145.4041,-182.80018,35.062937
"triangle 200x10 mm 40 km/h",0.0456,0.50777778,636.16327,-0.73989403,4154.8083,-185.93837,35.040087
"triangle 200x10 mm 40 km/h",0.0458,0.51,637.36842,-0.73833362,4160.956,-188.39538,35.016845
"triangle 200x10 mm 40 km/h",0.046,0.51222222,637.89262,-0.73872495,4164.3695,-190.15983,34.993295
"triangle 200x10 mm 40 km/h",0.0462,0.51444444,637.87582,-0.74312548,4165.5932,-191.21807,34.969525
"triangle 200x10 mm 40 km/h",0.0464,0.51666667,637.3881,-0.74644494,4165.1706,-191.55485,34.945623
"triangle 200x10 mm 40 km/h",0.0466,0.51888889,636.5189,-0.74483099,4163.1639,-191.16006,34.921679
"triangle 200x10 mm 40 km/h",0.0468,0.52111111,635.50003,-0.74260277,4159.5589,-190.0989,34.897784
"triangle 200x10 mm 40 km/h",0.047,0.52333333,634.38793,-0.73757016,4153.8519,-188.39579,34.874021
"triangle 200x10 mm 40 km/h",0.0472,0.52555556,633.17335,-0.72825135,4145.3803,-186.06952,34.850472
"triangle 200x10 mm 40 km/h",0.0474,0.52777778,631.97173,-0.71562534,4133.9804,-183.21644,34.827213
"triangle 200x10 mm 40 km/h",0.0476,0.53,630.66582,-0.69925983,4119.8914,-179.88674,34.804311
"triangle 200x10 mm 40 km/h",0.0478,0.53222222,629.19258,-0.68252116,4103.7044,-176.13588,34.781825
"triangle 200x10 mm 40 km/h",0.048,0.53444444,627.57709,-0.66305128,4086.1887,-172.02504,34.759808
"triangle 200x10 mm 40 km/h",0.0482,0.53666667,625.86918,-0.64667995,4068.0397,-167.5995,34.738305
"triangle 200x10 mm 40 km/h",0.0484,0.53888889,624.12391,-0.63474753,4050.1314,-162.91249,34.717355
"triangle 200x10 mm 40 km/h",0.0486,0.54111111,622.3591,-0.62315266,4033.0779,-158.00172,34.696991
"triangle 200x10 mm 40 km/h",0.0488,0.54333333,620.61111,-0.60621316,4017.0283,-152.90294,34.677241
"triangle 200x10 mm 40 km/h",0.049,0.54555556,619.08005,-0.58647621,4002.0381,-147.71733,34.658128
"triangle 200x10 mm 40 km/h",0.0492,0.54777778,617.89549,-0.56544448,3987.6667,-142.52474,34.639663
"triangle 200x10 mm 40 km/h",0.0494,0.55,616.95118,-0.54016561,3973.2965,-137.34496,34.621848
"triangle 200x10 mm 40 km/h",0.0496,0.55222222,616.26201,-0.51013425,3958.7973,-132.26629,34.60468
"triangle 200x10 mm 40 km/h",0.0498,0.55444444,615.69011,-0.47367351,3944.5257,-127.35779,34.588146
"triangle 200x10 mm 40 km/h",0.05,0.55666667,614.92738,-0.4339686,3931.2023,-122.63611,34.572227
"triangle 200x10 mm 40 km/h",0.0502,0.55888889,613.77811,-0.39437778,3919.8808,-118.14465,34.556897
"triangle 200x10 mm 40 km/h",0.0504,0.56111111,611.97456,-0.3554462,3911.2932,-113.87453,34.542129
"triangle 200x10 mm 40 km/h",0.0506,0.56333333,609.28906,-0.3191922,3906.0362,-109.82359,34.527895
"triangle 200x10 mm 40 km/h",0.0508,0.56555556,605.3748,-0.2843049,3904.4479,-105.95538,34.514167
"triangle 200x10 mm 40 km/h",0.051,0.56777778,599.85507,-0.24394493,3906.6162,-102.24029,34.500922
"triangle 200x10 mm 40 km/h",0.0512,0.57,592.44671,-0.20118801,3912.2095,-98.670708,34.488142
"triangle 200x10 mm 40 km/h",0.0514,0.57222222,583.05496,-0.1589632,3920.2427,-95.271821,34.475809
"triangle 200x10 mm 40 km/h",0.0516,0.57444444,571.39637,-0.11599982,3929.5515,-92.011502,34.4639
"triangle 200x10 mm 40 km/h",0.0518,0.57666667,557.26537,-0.072730667,3939.0681,-88.868209,34.452398
"triangle 200x10 mm 40 km/h",0.052,0.57888889,540.62792,-0.028960195,3948.4164,-85.875931,34.44129
"triangle 200x10 mm 40 km/h",0.0522,0.58111111,521.31254,0.016555791,3957.6836,-83.007916,34.430555
"triangle 200x10 mm 40 km/h",0.0524,0.58333333,499.34582,0.060940954,3967.3329,-80.249862,34.420179
"triangle 200x10 mm 40 km/h",0.0526,0.58555556,474.8996,0.10282707,3977.9404,-77.581493,34.410148
"triangle 200x10 mm 40 km/h",0.0528,0.58777778,448.21487,0.1351345,3989.9588,-74.96365,34.40045
"triangle 200x10 mm 40 km/h",0.053,0.59,419.59018,0.15713159,4003.7645,-72.364374,34.39108
"triangle 200x10 mm 40 km/h",0.0532,0.59222222,389.26611,0.1727457,4019.3858,-69.734369,34.382034
"triangle 200x10 mm 40 km/h",0.0534,0.59444444,357.47042,0.18805442,4036.4252,-67.029933,34.373317
"triangle 200x10 mm 40 km/h",0.0536,0.59666667,324.54049,0.19965556,4054.2326,-64.261207,34.364939
"triangle 200x10 mm 40 km/h",0.0538,0.59888889,290.81965,0.20840816,4071.5434,-61.445792,34.356906
"triangle 200x10 mm 40 km/h",0.054,0.60111111,256.42263,0.21693453,4086.9179,-58.546442,34.349225
"triangle 200x10 mm 40 km/h",0.0542,0.60333333,221.53244,0.22463679,4099.3667,-55.565221,34.341907
"triangle 200x10 mm 40 km/h",0.0544,0.60555556,186.34267,0.23211155,4108.5132,-52.520827,34.334961
"triangle 200x10 mm 40 km/h",0.0546,0.60777778,150.9595,0.23759709,4114.6417,-49.397978,34.328396
"triangle 200x10 mm 40 km/h",0.0548,0.61,115.65928,0.23567522,4118.369,-46.191364,34.322222
"triangle 200x10 mm 40 km/h",0.055,0.61222222,80.780029,0.22850885,4120.2463,-42.868364,34.316448
"triangle 200x10 mm 40 km/h",0.0552,0.61444444,46.720866,0.2134606,4120.8515,-39.396773,34.311089
"triangle 200x10 mm 40 km/h",0.0554,0.61666667,13.819103,0.19308125,4120.6137,-35.730053,34.306164
"triangle 200x10 mm 40 km/h",0.0556,0.61888889,-17.671826,0.17382589,4119.8159,-31.826509,34.301698
"triangle 200x10 mm 40 km/h",0.0558,0.62111111,-47.530406,0.15825143,4118.3223,-27.65692,34.29772
"triangle 200x10 mm 40 km/h",0.056,0.62333333,-75.482804,0.14211993,4115.5961,-23.24267,34.294263
"triangle 200x10 mm 40 km/h",0.0562,0.62555556,-101.47316,0.12476127,4110.8544,-18.592721,34.291357
"triangle 200x10 mm 40 km/h",0.0564,0.62777778,-125.67801,0.11010342,4103.3929,-13.68463,34.289033
"triangle 200x10 mm 40 km/h",0.0566,0.63,-148.27351,0.096523573,4093.087,-8.5440545,34.287323
"triangle 200x10 mm 40 km/h",0.0568,0.63222222,-169.48347,0.086030011,4080.2712,-3.210921,34.286255
"triangle 200x10 mm 40 km/h",0.057,0.63444444,-189.53749,0.072399043,4065.7647,2.2913636,34.285853
"triangle 200x10 mm 40 km/h",0.0572,0.63666667,-208.53908,0.061321548,4050.5134,7.9426208,34.28614
"triangle 200x10 mm 40 km/h",0.0574,0.63888889,-226.51975,0.046768848,4035.4582,13.736598,34.287133
"triangle 200x10 mm 40 km/h",0.0576,0.64111111,-243.3896,0.029310666,4021.5591,19.650173,34.28885
"triangle 200x10 mm 40 km/h",0.0578,0.64333333,-259.06291,0.0066648104,4009.504,25.671928,34.291306
"triangle 200x10 mm 40 km/h",0.058,0.64555556,-273.40139,-0.010550287,3999.3401,31.788758,34.294515
"triangle 200x10 mm 40 km/h",0.0582,0.64777778,-286.21452,-0.020066141,3990.9611,37.951146,34.298489
"triangle 200x10 mm 40 km/h",0.0584,0.65,-297.25739,-0.030065304,3983.5878,44.09013,34.303233
"triangle 200x10 mm 40 km/h",0.0586,0.65222222,-306.44458,-0.036608503,3976.1422,50.15279,34.308744
"triangle 200x10 mm 40 km/h",0.0588,0.65444444,-313.91049,-0.040514096,3967.9668,56.11088,34.315013
"triangle 200x10 mm 40 km/h",0.059,0.65666667,-319.80873,-0.042480037,3959.0483,61.895658,34.322027
"triangle 200x10 mm 40 km/h",0.0592,0.65888889,-324.3586,-0.04327349,3950.0213,67.423183,34.329764
"triangle 200x10 mm 40 km/h",0.0594,0.66111111,-327.86829,-0.045809063,3941.8702,72.654882,34.338192
"triangle 200x10 mm 40 km/h",0.0596,0.66333333,-330.56349,-0.0499416,3935.4766,77.563869,34.347273
"triangle 200x10 mm 40 km/h",0.0598,0.66555556,-332.66538,-0.057735701,3931.6536,82.145458,34.356969
"triangle 200x10 mm 40 km/h",0.06,0.66777778,-334.38833,-0.070621786,3931.0903,86.396377,34.367237
"triangle 200x10 mm 40 km/h",0.0602,0.67,-335.98384,-0.083728157,3934.148,90.326492,34.378037
"triangle 200x10 mm 40 km/h",0.0604,0.67222222,-337.63378,-0.090084679,3940.5244,93.945611,34.389327
"triangle 200x10 mm 40 km/h",0.0606,0.67444444,-339.48768,-0.095753095,3949.4691,97.255482,34.401071
"triangle 200x10 mm 40 km/h",0.0608,0.67666667,-341.70172,-0.10155922,3959.7681,100.24749,34.413228
"triangle 200x10 mm 40 km/h",0.061,0.67888889,-344.53837,-0.1055417,3970.1225,102.9371,34.425759
"triangle 200x10 mm 40 km/h",0.0612,0.68111111,-348.31075,-0.10690141,3979.7832,105.33473,34.438626
"triangle 200x10 mm 40 km/h",0.0614,0.68333333,-353.25319,-0.10530081,3988.4741,107.41473,34.451793
"triangle 200x10 mm 40 km/h",0.0616,0.68555556,-359.55142,-0.10432189,3996.4163,109.1588,34.465219
"triangle 200x10 mm 40 km/h",0.0618,0.68777778,-367.3445,-0.10338333,4004.1338,110.57897,34.478864
"triangle 200x10 mm 40 km/h",0.062,0.69,-376.59131,-0.11080574,4012.1427,111.68276,34.492687
"triangle 200x10 mm 40 km/h",0.0622,0.69222222,-387.1833,-0.12502277,4021.1023,112.48571,34.506647
"triangle 200x10 mm 40 km/h",0.0624,0.69444444,-398.94621,-0.14537477,4031.3808,113.01246,34.520708
"triangle 200x10 mm 40 km/h",0.0626,0.69666667,-411.60617,-0.16029535,4042.908,113.27597,34.534834
"triangle 200x10 mm 40 km/h",0.0628,0.69888889,-424.80504,-0.16918902,4055.4494,113.26615,34.548994
"triangle 200x10 mm 40 km/h",0.063,0.70111111,-438.1511,-0.18088385,4067.9919,112.98763,34.563152
"triangle 200x10 mm 40 km/h",0.0632,0.70333333,-451.26404,-0.18954584,4079.1802,112.43678,34.577275
"triangle 200x10 mm 40 km/h",0.0634,0.70555556,-463.87156,-0.19708805,4087.995,111.61943,34.59133
"triangle 200x10 mm 40 km/h",0.0636,0.70777778,-475.75741,-0.20308556,4093.9938,110.52845,34.605282
"triangle 200x10 mm 40 km/h",0.0638,0.71,-486.69907,-0.20919574,4097.3814,109.131,34.619098
"triangle 200x10 mm 40 km/h",0.064,0.71222222,-496.5664,-0.21538122,4098.7742,107.43909,34.63274
"triangle 200x10 mm 40 km/h",0.0642,0.71444444,-505.14222,-0.22358108,4098.63,105.47705,34.64617
"triangle 200x10 mm 40 km/h",0.0644,0.71666667,-512.22096,-0.23646207,4097.5768,103.27718,34.659354
"triangle 200x10 mm 40 km/h",0.0646,0.71888889,-517.65178,-0.25184843,4096.1314,100.88689,34.672264
"triangle 200x10 mm 40 km/h",0.0648,0.72111111,-521.32221,-0.26633925,4094.6674,98.347927,34.684875
"triangle 200x10 mm 40 km/h",0.065,0.72333333,-523.07885,-0.27564569,4093.1742,95.69022,34.697168
"triangle 200x10 mm 40 km/h",0.0652,0.72555556,-522.7826,-0.28675495,4090.9865,92.957077,34.70913
"triangle 200x10 mm 40 km/h",0.0654,0.72777778,-520.36152,-0.29925754,4087.2091,90.17858,34.720749
"triangle 200x10 mm 40 km/h",0.0656,0.73,-515.87224,-0.30940982,4081.0972,87.393407,34.732022
"triangle 200x10 mm 40 km/h",0.0658,0.73222222,-509.49788,-0.31575891,4072.5463,84.633943,34.742946
"triangle 200x10 mm 40 km/h",0.066,0.73444444,-501.38217,-0.31888165,4061.9429,81.885772,34.753525
"triangle 200x10 mm 40 km/h",0.0662,0.73666667,-491.75548,-0.32183332,4050.073,79.168338,34.763761
"triangle 200x10 mm 40 km/h",0.0664,0.73888889,-480.80795,-0.32431552,4037.7602,76.513934,34.773657
"triangle 200x10 mm 40 km/h",0.0666,0.74111111,-468.68657,-0.33105437,4025.9034,73.948311,34.783221
"triangle 200x10 mm 40 km/h",0.0668,0.74333333,-455.56733,-0.34218468,4015.3134,71.501982,34.792465
"triangle 200x10 mm 40 km/h",0.067,0.74555556,-441.63443,-0.35082818,4006.6859,69.196196,34.801402
"triangle 200x10 mm 40 km/h",0.0672,0.74777778,-426.94662,-0.35108197,3999.9495,67.040073,34.810052
"triangle 200x10 mm 40 km/h",0.0674,0.75,-411.53512,-0.3460841,3994.5908,65.037941,34.818432
"triangle 200x10 mm 40 km/h",0.0676,0.75222222,-395.43494,-0.3384245,3989.7712,63.178164,34.826562
"triangle 200x10 mm 40 km/h",0.0678,0.75444444,-378.74932,-0.32528027,3984.606,61.457833,34.834459
"triangle 200x10 mm 40 km/h",0.068,0.75666667,-361.65415,-0.30679384,3978.7863,59.869627,34.842141
"triangle 200x10 mm 40 km/h",0.0682,0.75888889,-344.26625,-0.28306673,3972.4858,58.364775,34.849625
"triangle 200x10 mm 40 km/h",0.0684,0.76111111,-326.67643,-0.25749422,3966.3024,56.896532,34.85692
"triangle 200x10 mm 40 km/h",0.0686,0.76333333,-308.98694,-0.23206002,3961.0382,55.448104,34.864032
"triangle 200x10 mm 40 km/h",0.0688,0.76555556,-291.20846,-0.21401756,3957.4128,54.002834,34.870963
"triangle 200x10 mm 40 km/h",0.069,0.76777778,-273.39293,-0.20082772,3956.2493,52.55317,34.877714
"triangle 200x10 mm 40 km/h",0.0692,0.77,-255.59503,-0.19332182,3958.005,51.099195,34.884283
"triangle 200x10 mm 40 km/h",0.0694,0.77222222,-237.82691,-0.18088598,3962.6193,49.628908,34.89067
"triangle 200x10 mm 40 km/h",0.0696,0.77444444,-220.08298,-0.16377543,3969.7076,48.116819,34.896874
"triangle 200x10 mm 40 km/h",0.0698,0.77666667,-202.36771,-0.14635741,3978.1986,46.542679,34.902889
"triangle 200x10 mm 40 km/h",0.07,0.77888889,-184.7155,-0.12696515,3986.7609,44.882384,34.908706
"triangle 200x10 mm 40 km/h",0.0702,0.78111111,-167.29773,-0.1053555,3994.656,43.122466,34.914317
"triangle 200x10 mm 40 km/h",0.0704,0.78333333,-150.2719,-0.080732559,4001.6153,41.228953,34.919707
"triangle 200x10 mm 40 km/h",0.0706,0.78555556,-133.7466,-0.057111141,4007.7911,39.160853,34.924861
"triangle 200x10 mm 40 km/h",0.0708,0.78777778,-117.85143,-0.03253519,4013.6976,36.914632,34.929756
"triangle 200x10 mm 40 km/h",0.071,0.79,-102.61071,-0.012565379,4019.9271,34.48446,34.93437
"triangle 200x10 mm 40 km/h",0.0712,0.79222222,-88.033175,0.0038374693,4027.141,31.878234,34.938681
"triangle 200x10 mm 40 km/h",0.0714,0.79444444,-74.105992,0.015648596,4035.6621,29.115695,34.942665
"triangle 200x10 mm 40 km/h",0.0716,0.79666667,-60.800691,0.028892688,4045.3825,26.217963,34.946305
"triangle 200x10 mm 40 km/h",0.0718,0.79888889,-48.037136,0.046702763,4056.0197,23.184677,34.949582
"triangle 200x10 mm 40 km/h",0.072,0.80111111,-35.690485,0.061901318,4066.5472,20.016981,34.95248
"triangle 200x10 mm 40 km/h",0.0722,0.80333333,-23.686104,0.079003512,4075.6261,16.71913,34.954982
"triangle 200x10 mm 40 km/h",0.0724,0.80555556,-12.075825,0.096935066,4082.391,13.306729,34.957072
"triangle 200x10 mm 40 km/h",0.0726,0.80777778,-0.91198942,0.11731517,4086.4295,9.7741509,34.958736
"triangle 200x10 mm 40 km/h",0.0728,0.81,9.7504422,0.13692007,4087.9944,6.10552,34.959957
"triangle 200x10 mm 40 km/h",0.073,0.81222222,19.848827,0.1533693,4087.7149,2.3138785,34.960721
"triangle 200x10 mm 40 km/h",0.0732,0.81444444,29.409909,0.16650094,4086.2912,-1.5852301,34.96101
"triangle 200x10 mm 40 km/h",0.0734,0.81666667,38.496611,0.17012121,4084.2872,-5.5543034,34.960812
"triangle 200x10 mm 40 km/h",0.0736,0.81888889,47.195343,0.16775572,4082.2594,-9.5609605,34.960117
"triangle 200x10 mm 40 km/h",0.0738,0.82111111,55.544529,0.16691933,4080.6605,-13.569307,34.958922
"triangle 200x10 mm 40 km/h",0.074,0.82333333,63.654667,0.16565016,4079.5574,-17.554487,34.957226
"triangle 200x10 mm 40 km/h",0.0742,0.82555556,71.759498,0.15998697,4078.2045,-21.506205,34.955032
"triangle 200x10 mm 40 km/h",0.0744,0.82777778,80.028939,0.15502225,4075.5282,-25.411551,34.952343
"triangle 200x10 mm 40 km/h",0.0746,0.83,88.487444,0.15079363,4070.7674,-29.239454,34.949167
"triangle 200x10 mm 40 km/h",0.0748,0.83222222,97.133787,0.15003261,4063.7055,-32.984532,34.945512
"triangle 200x10 mm 40 km/h",0.075,0.83444444,105.92539,0.15148832,4054.7708,-36.657179,34.941389
"triangle 200x10 mm 40 km/h",0.0752,0.83666667,114.77156,0.15090173,4044.7699,-40.240193,34.936807
"triangle 200x10 mm 40 km/h",0.0754,0.83888889,123.63931,0.1472223,4034.4668,-43.708377,34.931777
"triangle 200x10 mm 40 km/h",0.0756,0.84111111,132.49657,0.13868872,4024.7087,-47.029252,34.926313
"triangle 200x10 mm 40 km/h",0.0758,0.84333333,141.31459,0.12523815,4016.1784,-50.169608,34.920435
"triangle 200x10 mm 40 km/h",0.076,0.84555556,150.00952,0.1130222,4009.3873,-53.091609,34.914163
"triangle 200x10 mm 40 km/h",0.0762,0.84777778,158.55099,0.10226106,4004.4567,-55.767969,34.907527
"triangle 200x10 mm 40 km/h",0.0764,0.85,167.06242,0.090504493,4000.7293,-58.197533,34.900556
"triangle 200x10 mm 40 km/h",0.0766,0.85222222,175.60418,0.079247363,3997.2803,-60.380636,34.893281
"triangle 200x10 mm 40 km/h",0.0768,0.85444444,184.08639,0.072433756,3993.3674,-62.292744,34.885734
"triangle 200x10 mm 40 km/h",0.077,0.85666667,192.4611,0.068482296,3988.6966,-63.947605,34.877947
"triangle 200x10 mm 40 km/h",0.0772,0.85888889,200.62938,0.069080651,3983.5594,-65.37189,34.869954
"triangle 200x10 mm 40 km/h",0.0774,0.86111111,208.47367,0.06986957,3978.6532,-66.574163,34.861782
"triangle 200x10 mm 40 km/h",0.0776,0.86333333,215.9509,0.06898349,3974.6254,-67.553665,34.85346
"triangle 200x10 mm 40 km/h",0.0778,0.86555556,223.02067,0.063888781,3972.2239,-68.303258,34.845016
"triangle 200x10 mm 40 km/h",0.078,0.86777778,229.64883,0.05110991,3972.0141,-68.815433,34.836478
"triangle 200x10 mm 40 km/h",0.0782,0.87,235.77263,0.035503245,3974.4072,-69.087131,34.827876
"triangle 200x10 mm 40 km/h",0.0784,0.87222222,241.35555,0.027957625,3979.2016,-69.106353,34.81924
"triangle 200x10 mm 40 km/h",0.0786,0.87444444,246.50818,0.021546429,3985.672,-68.901025,34.810602
"triangle 200x10 mm 40 km/h",0.0788,0.87666667,251.28625,0.01455931,3992.832,-68.505403,34.80199
"triangle 200x10 mm 40 km/h",0.079,0.87888889,255.59868,0.012445513,3999.6023,-67.914696,34.793426
"triangle 200x10 mm 40 km/h",0.0792,0.88111111,259.41138,0.013668103,4005.4558,-67.169406,34.784937
"triangle 200x10 mm 40 km/h",0.0794,0.88333333,262.64717,0.020757367,4010.2864,-66.313975,34.776541
"triangle 200x10 mm 40 km/h",0.0796,0.88555556,265.23349,0.02610146,4014.4326,-65.376644,34.768252
"triangle 200x10 mm 40 km/h",0.0798,0.88777778,267.17247,0.033137947,4018.4646,-64.38072,34.76008
"triangle 200x10 mm 40 km/h",0.08,0.89,268.48416,0.033312745,4022.886,-63.325576,34.752032
"triangle 200x10 mm 40 km/h",0.0802,0.89222222,269.22317,0.029439597,4028.3436,-62.224416,34.744116
"triangle 200x10 mm 40 km/h",0.0804,0.89444444,269.39732,0.023885503,4035.1287,-61.068577,34.736338
"triangle 200x10 mm 40 km/h",0.0806,0.89666667,269.01823,0.02453104,4043.1007,-59.847961,34.728705
"triangle 200x10 mm 40 km/h",0.0808,0.89888889,268.1882,0.028499967,4051.8563,-58.591304,34.721224
"triangle 200x10 mm 40 km/h",0.081,0.90111111,267.03467,0.032479322,4060.3532,-57.336033,34.7139
"triangle 200x10 mm 40 km/h",0.0812,0.90333333,265.50824,0.037021235,4067.3319,-56.07502,34.706733
"triangle 200x10 mm 40 km/h",0.0814,0.90555556,263.57638,0.044683482,4072.1308,-54.837935,34.699723
"triangle 200x10 mm 40 km/h",0.0816,0.90777778,261.17574,0.055759488,4074.5215,-53.661563,34.692869
"triangle 200x10 mm 40 km/h",0.0818,0.91,258.18519,0.066299449,4074.7362,-52.5568,34.686161
"triangle 200x10 mm 40 km/h",0.082,0.91222222,254.59486,0.072684897,4073.4638,-51.544141,34.679591
"triangle 200x10 mm 40 km/h",0.0822,0.91444444,250.3941,0.076888971,4071.4493,-50.613238,34.673148
"triangle 200x10 mm 40 km/h",0.0824,0.91666667,245.66734,0.074616221,4069.2342,-49.749158,34.666822
"triangle 200x10 mm 40 km/h",0.0826,0.91888889,240.46153,0.069240811,4067.3305,-48.926284,34.660603
"triangle 200x10 mm 40 km/h",0.0828,0.92111111,234.75996,0.069353021,4066.1196,-48.115895,34.654487
"triangle 200x10 mm 40 km/h",0.083,0.92333333,228.6303,0.072753432,4065.5943,-47.311828,34.648473
"triangle 200x10 mm 40 km/h",0.0832,0.92555556,222.29172,0.075044893,4064.9691,-46.538091,34.642559
"triangle 200x10 mm 40 km/h",0.0834,0.92777778,215.79518,0.077031135,4063.1444,-45.785606,34.636741
"triangle 200x10 mm 40 km/h",0.0836,0.93,209.09198,0.078461538,4059.3483,-45.038503,34.631018
"triangle 200x10 mm 40 km/h",0.0838,0.93222222,202.1705,0.078795279,4053.3698,-44.320482,34.625388
"triangle 200x10 mm 40 km/h",0.084,0.93444444,194.88864,0.080465582,4045.6104,-43.633749,34.619848
"triangle 200x10 mm 40 km/h",0.0842,0.93666667,187.16921,0.084235657,4036.8732,-42.975126,34.614394
"triangle 200x10 mm 40 km/h",0.0844,0.93888889,179.01854,0.084738001,4027.8719,-42.326122,34.609022
"triangle 200x10 mm 40 km/h",0.0846,0.94111111,170.45198,0.079446318,4019.4703,-41.658089,34.603732
"triangle 200x10 mm 40 km/h",0.0848,0.94333333,161.50201,0.068923003,4012.4292,-40.942686,34.598524
"triangle 200x10 mm 40 km/h",0.085,0.94555556,152.18813,0.056927975,4007.2257,-40.147911,34.593406
"triangle 200x10 mm 40 km/h",0.0852,0.94777778,142.55438,0.048789661,4003.8023,-39.236559,34.588388
"triangle 200x10 mm 40 km/h",0.0854,0.95,132.78752,0.038276588,4001.6206,-38.214641,34.583483
"triangle 200x10 mm 40 km/h",0.0856,0.95222222,123.00816,0.025816941,3999.8328,-37.091898,34.578707
"triangle 200x10 mm 40 km/h",0.0858,0.95444444,113.16337,0.016036127,3997.5675,-35.840751,34.57407
"triangle 200x10 mm 40 km/h",0.086,0.95666667,103.22592,0.0093353992,3994.4956,-34.47293,34.56959
"triangle 200x10 mm 40 km/h",0.0862,0.95888889,93.130551,0.0085047693,3990.7505,-33.011803,34.565281
"triangle 200x10 mm 40 km/h",0.0864,0.96111111,82.807117,0.0083280547,3986.8533,-31.464173,34.561154
"triangle 200x10 mm 40 km/h",0.0866,0.96333333,72.26844,0.0086260346,3983.4863,-29.832956,34.557221
"triangle 200x10 mm 40 km/h",0.0868,0.96555556,61.552603,0.0015150703,3981.2352,-28.097694,34.553492
"triangle 200x10 mm 40 km/h",0.087,0.96777778,50.779951,-0.010508153,3980.7319,-26.256894,34.54998
"triangle 200x10 mm 40 km/h",0.0872,0.97,40.012884,-0.027306263,3982.3952,-24.289485,34.546698
"triangle 200x10 mm 40 km/h",0.0874,0.97222222,29.292984,-0.038861285,3986.2247,-22.170244,34.543662
"triangle 200x10 mm 40 km/h",0.0876,0.97444444,18.740142,-0.046438545,3992.0034,-19.912164,34.54089
"triangle 200x10 mm 40 km/h",0.0878,0.97666667,8.5650215,-0.054035275,3998.7899,-17.549165,34.538401
"triangle 200x10 mm 40 km/h",0.088,0.97888889,-1.1666648,-0.057653047,4005.3217,-15.089452,34.536208
"triangle 200x10 mm 40 km/h",0.0882,0.98111111,-10.490926,-0.05962566,4010.73,-12.536431,34.534322
"triangle 200x10 mm 40 km/h",0.0884,0.98333333,-19.418042,-0.05701823,4014.7301,-9.9330129,34.532755
"triangle 200x10 mm 40 km/h",0.0886,0.98555556,-28.039168,-0.053576044,4017.6838,-7.3150426,34.531513
"triangle 200x10 mm 40 km/h",0.0888,0.98777778,-36.420342,-0.053480531,4020.2599,-4.6996426,34.530599
"triangle 200x10 mm 40 km/h",0.089,0.99,-44.537944,-0.055430106,4023.028,-2.095891,34.530011
"triangle 200x10 mm 40 km/h",0.0892,0.99222222,-52.348276,-0.060558809,4026.5597,0.49659072,34.529749
"triangle 200x10 mm 40 km/h",0.0894,0.99444444,-59.805353,-0.067944193,4031.2316,3.0811917,34.529811
"triangle 200x10 mm 40 km/h",0.0896,0.99666667,-66.914878,-0.072517424,4037.2499,5.6639823,34.530196
"triangle 200x10 mm 40 km/h",0.0898,0.99888889,-73.639799,-0.070369336,4044.3844,8.2411909,34.530904
"triangle 200x10 mm 40 km/h",0.09,1.0011111,-79.84351,-0.067884117,4051.7275,10.789995,34.531934
"triangle 200x10 mm 40 km/h",0.0902,1.0033333,-85.453672,-0.065519794,4058.1293,13.279818,34.533283
"triangle 200x10 mm 40 km/h",0.0904,1.0055556,-90.599328,-0.059279554,4062.5673,15.72205,34.534943
"triangle 200x10 mm 40 km/h",0.0906,1.0077778,-95.401333,-0.050786422,4064.6644,18.092126,34.536908
"triangle 200x10 mm 40 km/h",0.0908,1.01,-99.976956,-0.036679356,4064.5258,20.345141,34.53917
"triangle 200x10 mm 40 km/h",0.091,1.0122222,-104.473,-0.022336877,4062.7161,22.463324,34.541713
"triangle 200x10 mm 40 km/h",0.0912,1.0144444,-108.96611,-0.0022042715,4059.9759,24.440659,34.544521
"triangle 200x10 mm 40 km/h",0.0914,1.0166667,-113.4898,0.013128348,4057.0359,26.287031,34.547576
"triangle 200x10 mm 40 km/h",0.0916,1.0188889,-118.02897,0.026487072,4054.614,28.006152,34.550862
"triangle 200x10 mm 40 km/h",0.0918,1.0211111,-122.61087,0.038460666,4053.2039,29.615392,34.554363
"triangle 200x10 mm 40 km/h",0.092,1.0233333,-127.21123,0.057113429,4052.6651,31.134706,34.558065
"triangle 200x10 mm 40 km/h",0.0922,1.0255556,-131.75717,0.079799334,4052.7087,32.554243,34.561957
"triangle 200x10 mm 40 km/h",0.0924,1.0277778,-136.15771,0.10478604,4052.4525,33.855639,34.566026
"triangle 200x10 mm 40 km/h",0.0926,1.03,-140.42209,0.13071227,4050.8086,35.041034,34.570258
"triangle 200x10 mm 40 km/h",0.0928,1.0322222,-144.66045,0.15801757,4047.272,36.112905,34.574638
"triangle 200x10 mm 40 km/h",0.093,1.0344444,-148.94802,0.18709802,4041.7869,37.045876,34.579152
"triangle 200x10 mm 40 km/h",0.0932,1.0366667,-153.36156,0.21315011,4034.7894,37.820678,34.583783
"triangle 200x10 mm 40 km/h",0.0934,1.0388889,-157.97769,0.23472343,4027.1426,38.441892,34.58851
"triangle 200x10 mm 40 km/h",0.0936,1.0411111,-162.78398,0.25157588,4019.7365,38.917111,34.593316
"triangle 200x10 mm 40 km/h",0.0938,1.0433333,-167.72034,0.25808023,4013.2361,39.27321,34.59818
"triangle 200x10 mm 40 km/h",0.094,1.0455556,-172.70511,0.26001358,4008.2335,39.529391,34.603089
"triangle 200x10 mm 40 km/h",0.0942,1.0477778,-177.7213,0.26594194,4005.1728,39.710842,34.608031
"triangle 200x10 mm 40 km/h",0.0944,1.05,-182.68527,0.27333773,4004.0584,39.828712,34.612994
"triangle 200x10 mm 40 km/h",0.0946,1.0522222,-187.42169,0.27774079,4004.076,39.884127,34.617973
"triangle 200x10 mm 40 km/h",0.0948,1.0544444,-191.8082,0.28118843,4004.0746,39.873678,34.622958
"triangle 200x10 mm 40 km/h",0.095,1.0566667,-195.89783,0.28461409,4003.1984,39.821456,34.627943
"triangle 200x10 mm 40 km/h",0.0952,1.0588889,-199.74841,0.28966103,4001.1418,39.723884,34.63292
"triangle 200x10 mm 40 km/h",0.0954,1.0611111,-203.40551,0.29613779,3998.2134,39.550017,34.637886
"triangle 200x10 mm 40 km/h",0.0956,1.0633333,-206.94186,0.30067795,3995.0949,39.301278,34.64283
"triangle 200x10 mm 40 km/h",0.0958,1.0655556,-210.35253,0.30191032,3992.5373,38.988209,34.647742
"triangle 200x10 mm 40 km/h",0.096,1.0677778,-213.57678,0.29871802,3991.2478,38.630792,34.652616
"triangle 200x10 mm 40 km/h",0.0962,1.07,-216.52806,0.2885099,3991.8211,38.245142,34.657445
"triangle 200x10 mm 40 km/h",0.0964,1.0722222,-219.1529,0.2768833,3994.5934,37.855321,34.662225
"triangle 200x10 mm 40 km/h",0.0966,1.0744444,-221.33062,0.2742901,3999.3988,37.475373,34.666957
"triangle 200x10 mm 40 km/h",0.0968,1.0766667,-222.87796,0.2717552,4005.4383,37.111504,34.671642
"triangle 200x10 mm 40 km/h",0.097,1.0788889,-223.64659,0.26686789,4011.6603,36.750375,34.676281
"triangle 200x10 mm 40 km/h",0.0972,1.0811111,-223.65481,0.26379884,4017.0743,36.405416,34.680874
"triangle 200x10 mm 40 km/h",0.0974,1.0833333,-222.98522,0.26212242,4021.1488,36.080332,34.685425
"triangle 200x10 mm 40 km/h",0.0976,1.0855556,-221.69468,0.26211851,4023.8667,35.738224,34.689935
"triangle 200x10 mm 40 km/h",0.0978,1.0877778,-219.87748,0.26188921,4025.6691,35.362036,34.694402
"triangle 200x10 mm 40 km/h",0.098,1.09,-217.60538,0.26061142,4027.1831,34.953518,34.698823
"triangle 200x10 mm 40 km/h",0.0982,1.0922222,-214.88704,0.24907942,4028.95,34.522614,34.703192
"triangle 200x10 mm 40 km/h",0.0984,1.0944444,-211.7328,0.23218425,4031.6507,34.077417,34.707507
"triangle 200x10 mm 40 km/h",0.0986,1.0966667,-208.17561,0.2091964,4035.6335,33.640851,34.711767
"triangle 200x10 mm 40 km/h",0.0988,1.0988889,-204.20683,0.1902277,4040.8013,33.228111,34.715972
"triangle 200x10 mm 40 km/h",0.099,1.1011111,-199.76899,0.17600584,4046.786,32.833357,34.720125
"triangle 200x10 mm 40 km/h",0.0992,1.1033333,-194.77936,0.16220196,4052.5558,32.444277,34.72423
"triangle 200x10 mm 40 km/h",0.0994,1.1055556,-189.2341,0.15164166,4056.9177,32.054821,34.728285
"triangle 200x10 mm 40 km/h",0.0996,1.1077778,-183.25865,0.14527929,4059.2485,31.6658,34.732292
"triangle 200x10 mm 40 km/h",0.0998,1.11,-176.9595,0.14297483,4059.365,31.250895,34.73625
"triangle 200x10 mm 40 km/h",0.1,1.1122222,-170.44388,0.13976988,4057.5818,30.782427,34.740157
"triangle 200x10 mm 80 km/h",-0.0225,-0.49777778,-57.81799,0.23704817,4256.9515,0.49141681,69.349225
"triangle 200x10 mm 80 km/h",-0.0223,-0.49333333,-58.08921,0.24995274,4258.5207,0.49009365,69.349286
"triangle 200x10 mm 80 km/h",-0.0221,-0.48888889,-58.261225,0.26135898,4258.8768,0.52383133,69.349347
"triangle 200x10 mm 80 km/h",-0.0219,-0.48444444,-58.297262,0.27768667,4257.5314,0.55045473,69.349413
"triangle 200x10 mm 80 km/h",-0.0217,-0.48,-58.278487,0.30365803,4255.9343,0.52460636,69.349482
"triangle 200x10 mm 80 km/h",-0.0215,-0.47555556,-58.321525,0.31883068,4255.9147,0.45179349,69.349547
"triangle 200x10 mm 80 km/h",-0.0213,-0.47111111,-58.499461,0.33852886,4257.6368,0.39805441,69.349604
"triangle 200x10 mm 80 km/h",-0.0211,-0.46666667,-58.611959,0.35238779,4259.3731,0.36763358,69.349653
"triangle 200x10 mm 80 km/h",-0.0209,-0.46222222,-58.593876,0.36785238,4259.5907,0.35828122,69.349699
"triangle 200x10 mm 80 km/h",-0.0207,-0.45777778,-58.449724,0.38560689,4258.1532,0.32952366,69.349744
"triangle 200x10 mm 80 km/h",-0.0205,-0.45333333,-58.346894,0.39634506,4257.1085,0.25050447,69.349785
"triangle 200x10 mm 80 km/h",-0.0203,-0.44888889,-58.44825,0.40945563,4257.7935,0.15468998,69.349817
"triangle 200x10 mm 80 km/h",-0.0201,-0.44444444,-58.673738,0.43109334,4259.5454,0.098269999,69.349836
"triangle 200x10 mm 80 km/h",-0.0199,-0.44,-58.821759,0.45839205,4260.427,0.088667683,69.349848
"triangle 200x10 mm 80 km/h",-0.0197,-0.43555556,-58.880876,0.49126452,4259.4284,0.10449824,69.349859
"triangle 200x10 mm 80 km/h",-0.0195,-0.43111111,-58.916092,0.51814149,4257.4979,0.10176491,69.349872
"triangle 200x10 mm 80 km/h",-0.0193,-0.42666667,-59.054242,0.54030516,4256.4784,0.068709913,69.349885
"triangle 200x10 mm 80 km/h",-0.0191,-0.42222222,-59.356735,0.55915032,4257.3688,0.034244845,69.349894
"triangle 200x10 mm 80 km/h",-0.0189,-0.41777778,-59.697525,0.57987451,4258.9218,0.042425465,69.349898
"triangle 200x10 mm 80 km/h",-0.0187,-0.41333333,-59.904956,0.59800084,4259.2268,0.092325983,69.349903
"triangle 200x10 mm 80 km/h",-0.0185,-0.40888889,-59.938693,0.61842471,4257.8183,0.14157079,69.349915
"triangle 200x10 mm 80 km/h",-0.0183,-0.40444444,-59.875731,0.64429524,4256.185,0.14520978,69.349933
"triangle 200x10 mm 80 km/h",-0.0181,-0.4,-59.832658,0.65719707,4256.1336,0.10710319,69.349951
"triangle 200x10 mm 80 km/h",-0.0179,-0.39555556,-59.904095,0.67227201,4257.9204,0.089183948,69.349964
"triangle 200x10 mm 80 km/h",-0.0177,-0.39111111,-59.886063,0.67863521,4259.7057,0.099144347,69.349975
"triangle 200x10 mm 80 km/h",-0.0175,-0.38666667,-59.703187,0.68385192,4259.8503,0.13380129,69.349988
"triangle 200x10 mm 80 km/h",-0.0173,-0.38222222,-59.379935,0.6920073,4258.3214,0.15130985,69.350004
"triangle 200x10 mm 80 km/h",-0.0171,-0.37777778,-59.080913,0.6921767,4257.0894,0.12130826,69.350023
"triangle 200x10 mm 80 km/h",-0.0169,-0.37333333,-58.980663,0.6947631,4257.5532,0.074450802,69.350038
"triangle 200x10 mm 80 km/h",-0.0167,-0.36888889,-59.011705,0.70982309,4259.1249,0.066414059,69.350048
"triangle 200x10 mm 80 km/h",-0.0165,-0.36444444,-58.972118,0.73032055,4259.8906,0.10398328,69.350056
"triangle 200x10 mm 80 km/h",-0.0163,-0.36,-58.846328,0.75745987,4258.8434,0.16543188,69.350069
"triangle 200x10 mm 80 km/h",-0.0161,-0.35555556,-58.694367,0.77868643,4256.9335,0.20642236,69.35009
"triangle 200x10 mm 80 km/h",-0.0159,-0.35111111,-58.654914,0.79544826,4256.121,0.21027649,69.350116
"triangle 200x10 mm 80 km/h",-0.0157,-0.34666667,-58.776807,0.81020059,4257.2219,0.2134191,69.350142
"triangle 200x10 mm 80 km/h",-0.0155,-0.34222222,-58.917302,0.82634866,4258.8923,0.25610587,69.350169
"triangle 200x10 mm 80 km/h",-0.0153,-0.33777778,-58.917261,0.83777057,4259.2437,0.33699818,69.350201
"triangle 200x10 mm 80 km/h",-0.0151,-0.33333333,-58.751655,0.84962502,4257.8299,0.41146234,69.350243
"triangle 200x10 mm 80 km/h",-0.0149,-0.32888889,-58.514045,0.86562112,4256.1736,0.43468782,69.350294
"triangle 200x10 mm 80 km/h",-0.0147,-0.32444444,-58.329877,0.86800921,4256.0935,0.41071772,69.350348
"triangle 200x10 mm 80 km/h",-0.0145,-0.32,-58.29888,0.87131017,4257.8367,0.40208304,69.3504
"triangle 200x10 mm 80 km/h",-0.0143,-0.31555556,-58.225582,0.86487173,4259.6578,0.41381514,69.35045
"triangle 200x10 mm 80 km/h",-0.0141,-0.31111111,-58.018032,0.85646021,4259.7968,0.44586833,69.350502
"triangle 200x10 mm 80 km/h",-0.0139,-0.30666667,-57.686464,0.8504136,4258.2167,0.45536354,69.350557
"triangle 200x10 mm 80 km/h",-0.0137,-0.30222222,-57.397071,0.83451519,4256.9727,0.41190074,69.350614
"triangle 200x10 mm 80 km/h",-0.0135,-0.29777778,-57.319147,0.82049094,4257.4705,0.34779662,69.350666
"triangle 200x10 mm 80 km/h",-0.0133,-0.29333333,-57.372074,0.81647322,4259.1658,0.31470581,69.350709
"triangle 200x10 mm 80 km/h",-0.0131,-0.28888889,-57.344926,0.81510359,4260.0113,0.32201525,69.350749
"triangle 200x10 mm 80 km/h",-0.0129,-0.28444444,-57.224997,0.82024809,4258.9889,0.3480871,69.350789
"triangle 200x10 mm 80 km/h",-0.0127,-0.28,-57.086414,0.82202701,4257.0953,0.35010583,69.350832
"triangle 200x10 mm 80 km/h",-0.0125,-0.27555556,-57.06342,0.82025307,4256.2637,0.31081645,69.350876
"triangle 200x10 mm 80 km/h",-0.0123,-0.27111111,-57.207091,0.81824379,4257.2875,0.26596304,69.350915
"triangle 200x10 mm 80 km/h",-0.0121,-0.26666667,-57.386989,0.81823887,4258.8902,0.25455788,69.350948
"triangle 200x10 mm 80 km/h",-0.0119,-0.26222222,-57.452281,0.81775259,4259.2629,0.27419437,69.35098
"triangle 200x10 mm 80 km/h",-0.0117,-0.25777778,-57.376399,0.8211827,4257.8612,0.28750587,69.351014
"triangle 200x10 mm 80 km/h",-0.0115,-0.25333333,-57.251289,0.83094902,4256.1896,0.25325495,69.35105
"triangle 200x10 mm 80 km/h",-0.0113,-0.24888889,-57.198316,0.82983737,4256.0813,0.17653801,69.351082
"triangle 200x10 mm 80 km/h",-0.0111,-0.24444444,-57.313025,0.83102556,4257.7853,0.12107767,69.351104
"triangle 200x10 mm 80 km/h",-0.0109,-0.24,-57.391809,0.82403451,4259.5766,0.093556074,69.351119
"triangle 200x10 mm 80 km/h",-0.0107,-0.23555556,-57.335896,0.81655099,4259.6937,0.09305713,69.351131
"triangle 200x10 mm 80 km/h",-0.0105,-0.23111111,-57.158318,0.81290977,4258.0771,0.075183577,69.351143
"triangle 200x10 mm 80 km/h",-0.0103,-0.22666667,-57.035166,0.7978194,4256.861,0.0070266802,69.351152
"triangle 200x10 mm 80 km/h",-0.0101,-0.22222222,-57.12365,0.78307193,4257.3399,-0.074630341,69.351153
"triangle 200x10 mm 80 km/h",-0.0099,-0.21777778,-57.335167,0.77725179,4258.9564,-0.1229557,69.351144
"triangle 200x10 mm 80 km/h",-0.0097,-0.21333333,-57.463411,0.77378953,4259.7018,-0.12972051,69.351128
"triangle 200x10 mm 80 km/h",-0.0095,-0.20888889,-57.491703,0.77680523,4258.5925,-0.11651813,69.351112
"triangle 200x10 mm 80 km/h",-0.0093,-0.20444444,-57.482842,0.77707162,4256.6527,-0.12593679,69.351097
"triangle 200x10 mm 80 km/h",-0.0091,-0.2,-57.57297,0.77489284,4255.9474,-0.17908243,69.351082
"triangle 200x10 mm 80 km/h",-0.0089,-0.19555556,-57.787241,0.77463378,4257.0965,-0.23201906,69.351059
"triangle 200x10 mm 80 km/h",-0.0087,-0.19111111,-57.968329,0.77638425,4258.7599,-0.24908914,69.35103
"triangle 200x10 mm 80 km/h",-0.0085,-0.18666667,-57.966896,0.77718215,4259.1128,-0.23219992,69.350999
"triangle 200x10 mm 80 km/h",-0.0083,-0.18222222,-57.762815,0.77975621,4257.6428,-0.21934305,69.35097
"triangle 200x10 mm 80 km/h",-0.0081,-0.17777778,-57.458429,0.78644816,4255.9065,-0.25196958,69.350943
"triangle 200x10 mm 80 km/h",-0.0079,-0.17333333,-57.195857,0.78566503,4255.7738,-0.32117751,69.350911
"triangle 200x10 mm 80 km/h",-0.0077,-0.16888889,-57.272253,0.78888025,4258.6182,-0.39498494,69.350871
"triangle 200x10 mm 80 km/h",-0.0075,-0.16444444,-58.286632,0.78500749,4267.4718,-0.60055679,69.350822
"triangle 200x10 mm 80 km/h",-0.0073,-0.16,-60.423755,0.77850751,4283.7163,-1.0464589,69.350747
"triangle 200x10 mm 80 km/h",-0.0071,-0.15555556,-62.955282,0.78246063,4306.2309,-1.8697824,69.350616
"triangle 200x10 mm 80 km/h",-0.0069,-0.15111111,-65.37942,0.78574164,4336.3018,-3.2638178,69.350382
"triangle 200x10 mm 80 km/h",-0.0067,-0.14666667,-67.33357,0.79042668,4375.0996,-5.350103,69.349974
"triangle 200x10 mm 80 km/h",-0.0065,-0.14222222,-67.82092,0.79814247,4421.0289,-8.1590969,69.349305
"triangle 200x10 mm 80 km/h",-0.0063,-0.13777778,-65.760197,0.80774782,4472.06,-11.76667,69.348285
"triangle 200x10 mm 80 km/h",-0.0061,-0.13333333,-60.717892,0.82143868,4528.4304,-16.279604,69.346815
"triangle 200x10 mm 80 km/h",-0.0059,-0.12888889,-52.350541,0.83363316,4591.9088,-21.765838,69.34478
"triangle 200x10 mm 80 km/h",-0.0057,-0.12444444,-39.692677,0.84127232,4661.8972,-28.130943,69.342059
"triangle 200x10 mm 80 km/h",-0.0055,-0.12,-22.270538,0.84580554,4738.4516,-35.282603,69.338543
"triangle 200x10 mm 80 km/h",-0.0053,-0.11555556,-0.8617152,0.85158751,4823.8765,-43.199525,69.334132
"triangle 200x10 mm 80 km/h",-0.0051,-0.11111111,23.412225,0.85537979,4919.6669,-51.802588,69.328732
"triangle 200x10 mm 80 km/h",-0.0049,-0.10666667,50.029264,0.85824116,5025.1408,-61.010239,69.322257
"triangle 200x10 mm 80 km/h",-0.0047,-0.10222222,78.441597,0.86349479,5138.3234,-70.662892,69.314631
"triangle 200x10 mm 80 km/h",-0.0045,-0.097777778,107.36372,0.85427311,5257.123,-80.510968,69.305798
"triangle 200x10 mm 80 km/h",-0.0043,-0.093333333,134.76699,0.83811062,5379.4317,-90.247393,69.295734
"triangle 200x10 mm 80 km/h",-0.0041,-0.088888889,158.72247,0.80786608,5503.313,-99.696247,69.284453
"triangle 200x10 mm 80 km/h",-0.0039,-0.084444444,177.6121,0.76839382,5627.0485,-108.73823,69.271991
"triangle 200x10 mm 80 km/h",-0.0037,-0.08,190.26884,0.72403452,5748.9894,-117.23573,69.258399
"triangle 200x10 mm 80 km/h",-0.0035,-0.075555556,195.92271,0.66775566,5867.6177,-124.95546,69.243744
"triangle 200x10 mm 80 km/h",-0.0033,-0.071111111,193.97826,0.60997174,5981.6682,-131.60651,69.228125
"triangle 200x10 mm 80 km/h",-0.0031,-0.066666667,184.22437,0.55347023,6090.6604,-136.97808,69.211674
"triangle 200x10 mm 80 km/h",-0.0029,-0.062222222,166.73494,0.49357149,6195.0546,-140.93307,69.194552
"triangle 200x10 mm 80 km/h",-0.0027,-0.057777778,141.97079,0.43970104,6295.8726,-143.37169,69.176935
"triangle 200x10 mm 80 km/h",-0.0025,-0.053333333,110.68937,0.3824741,6393.34,-144.11922,69.159014
"triangle 200x10 mm 80 km/h",-0.0023,-0.048888889,73.627383,0.32239394,6487.2341,-142.94273,69.140999
"triangle 200x10 mm 80 km/h",-0.0021,-0.044444444,31.236242,0.26222322,6577.2592,-139.63369,69.123131
"triangle 200x10 mm 80 km/h",-0.0019,-0.04,-16.673237,0.20551073,6662.365,-134.04256,69.105677
"triangle 200x10 mm 80 km/h",-0.0017,-0.035555556,-70.915277,0.14398361,6741.306,-126.01523,69.088921
"triangle 200x10 mm 80 km/h",-0.0015,-0.031111111,-132.80748,0.085483601,6812.8239,-115.42859,69.073169
"triangle 200x10 mm 80 km/h",-0.0013,-0.026666667,-204.04436,0.03706696,6875.3953,-102.17386,69.058741
"triangle 200x10 mm 80 km/h",-0.0011,-0.022222222,-286.14725,-0.0010241098,6926.3622,-86.15331,69.045969
"triangle 200x10 mm 80 km/h",-0.0009,-0.017777778,-379.92543,-0.037792891,6962.791,-67.389649,69.0352
"triangle 200x10 mm 80 km/h",-0.0007,-0.013333333,-485.38201,-0.081517869,6982.8923,-45.968812,69.026776
"triangle 200x10 mm 80 km/h",-0.0005,-0.0088888889,-601.47152,-0.12264358,6987.0363,-22.073114,69.02103
"triangle 200x10 mm 80 km/h",-0.0003,-0.0044444444,-726.06006,-0.16479925,6977.3687,4.0828129,69.018271
"triangle 200x10 mm 80 km/h",-0.0001,-5.0433616e-14,-856.14162,-0.21845707,6957.1178,32.266396,69.018781
"triangle 200x10 mm 80 km/h",0.0001,0.0044444444,-987.99767,-0.27479657,6929.8969,62.178197,69.022815
"triangle 200x10 mm 80 km/h",0.0003,0.0088888889,-1117.4161,-0.32970023,6897.8102,93.48726,69.030587
"triangle 200x10 mm 80 km/h",0.0005,0.013333333,-1239.9924,-0.38689462,6860.854,125.76471,69.042273
"triangle 200x10 mm 80 km/h",0.0007,0.017777778,-1351.8922,-0.44311106,6817.8356,158.57364,69.057993
"triangle 200x10 mm 80 km/h",0.0009,0.022222222,-1450.1282,-0.49598074,6767.761,191.43555,69.077815
"triangle 200x10 mm 80 km/h",0.0011,0.026666667,-1532.7591,-0.54657596,6710.1473,223.91593,69.101745
"triangle 200x10 mm 80 km/h",0.0013,0.031111111,-1598.8498,-0.60025305,6645.0783,255.63825,69.129734
"triangle 200x10 mm 80 km/h",0.0015,0.035555556,-1648.4032,-0.65978982,6572.8895,286.30176,69.161689
"triangle 200x10 mm 80 km/h",0.0017,0.04,-1681.9654,-0.70903573,6493.8441,315.6144,69.197477
"triangle 200x10 mm 80 km/h",0.0019,0.044444444,-1700.4382,-0.74732018,6407.5698,343.35067,69.236928
"triangle 200x10 mm 80 km/h",0.0021,0.048888889,-1704.5699,-0.78211797,6313.7614,369.20666,69.279847
"triangle 200x10 mm 80 km/h",0.0023,0.053333333,-1695.2826,-0.81147907,6215.4591,392.84939,69.325998
"triangle 200x10 mm 80 km/h",0.0025,0.057777778,-1672.8675,-0.84042776,6116.3526,413.91839,69.375104
"triangle 200x10 mm 80 km/h",0.0027,0.062222222,-1637.0678,-0.8763938,6018.2185,432.23586,69.426844
"triangle 200x10 mm 80 km/h",0.0029,0.066666667,-1587.4799,-0.9226884,5922.3501,447.72756,69.480874
"triangle 200x10 mm 80 km/h",0.0031,0.071111111,-1523.9622,-0.97830169,5830.8188,460.28778,69.536839
"triangle 200x10 mm 80 km/h",0.0033,0.075555556,-1446.9124,-1.0406417,5745.5242,469.82596,69.594375
"triangle 200x10 mm 80 km/h",0.0035,0.08,-1357.2874,-1.089351,5666.2127,476.31791,69.653104
"triangle 200x10 mm 80 km/h",0.0037,0.084444444,-1256.497,-1.1236169,5590.4555,479.68103,69.712643
"triangle 200x10 mm 80 km/h",0.0039,0.088888889,-1146.6186,-1.1412105,5515.1135,479.73888,69.772604
"triangle 200x10 mm 80 km/h",0.0041,0.093333333,-1030.2702,-1.1354394,5437.3374,476.17036,69.832571
"triangle 200x10 mm 80 km/h",0.0043,0.097777778,-910.53996,-1.1158443,5356.3832,468.6677,69.892092
"triangle 200x10 mm 80 km/h",0.0045,0.10222222,-789.68765,-1.0862373,5272.6291,456.96107,69.950676
"triangle 200x10 mm 80 km/h",0.0047,0.10666667,-668.40342,-1.060276,5187.3739,440.83088,70.007796
"triangle 200x10 mm 80 km/h",0.0049,0.11111111,-546.26358,-1.0466879,5101.9806,420.266,70.0629
"triangle 200x10 mm 80 km/h",0.0051,0.11555556,-422.23626,-1.0326893,5017.2945,395.39796,70.115433
"triangle 200x10 mm 80 km/h",0.0053,0.12,-294.98706,-1.0212848,4933.1468,366.37087,70.164858
"triangle 200x10 mm 80 km/h",0.0055,0.12444444,-163.32165,-1.0091232,4849.16,333.35031,70.210654
"triangle 200x10 mm 80 km/h",0.0057,0.12888889,-26.408918,-1.0016386,4765.0684,296.57334,70.252323
"triangle 200x10 mm 80 km/h",0.0059,0.13333333,115.34481,-1.0067357,4679.5319,256.53788,70.289394
"triangle 200x10 mm 80 km/h",0.0061,0.13777778,260.10625,-1.0118901,4589.5771,213.85951,70.321462
"triangle 200x10 mm 80 km/h",0.0063,0.14222222,404.68659,-1.0179152,4491.7661,169.12058,70.348194
"triangle 200x10 mm 80 km/h",0.0065,0.14666667,544.82516,-1.0168892,4384.7552,122.90333,70.369334
"triangle 200x10 mm 80 km/h",0.0067,0.15111111,675.82138,-1.0181954,4271.6853,75.761474,70.384697
"triangle 200x10 mm 80 km/h",0.0069,0.15555556,792.88395,-1.0126258,4157.294,28.311989,70.394167
"triangle 200x10 mm 80 km/h",0.0071,0.16,891.72378,-0.99954876,4045.4831,-18.820814,70.397706
"triangle 200x10 mm 80 km/h",0.0073,0.16444444,969.29945,-0.98085462,3939.4176,-65.046861,70.395354
"triangle 200x10 mm 80 km/h",0.0075,0.16888889,1024.3387,-0.95001147,3844.5079,-109.82392,70.387223
"triangle 200x10 mm 80 km/h",0.0077,0.17333333,1055.8914,-0.91244593,3768.7935,-152.39853,70.373495
"triangle 200x10 mm 80 km/h",0.0079,0.17777778,1064.2675,-0.86437637,3716.4621,-192.20147,70.354445
"triangle 200x10 mm 80 km/h",0.0081,0.18222222,1050.2494,-0.82215142,3687.5381,-228.63296,70.33042
"triangle 200x10 mm 80 km/h",0.0083,0.18666667,1014.584,-0.78268796,3677.9317,-261.03312,70.301841
"triangle 200x10 mm 80 km/h",0.0085,0.19111111,957.59312,-0.74310362,3681.8666,-288.85262,70.269212
"triangle 200x10 mm 80 km/h",0.0087,0.19555556,879.34243,-0.7089573,3693.8629,-311.82838,70.233105
"triangle 200x10 mm 80 km/h",0.0089,0.2,780.0531,-0.67897244,3710.9961,-329.93098,70.194126
"triangle 200x10 mm 80 km/h",0.0091,0.20444444,660.85668,-0.66248204,3731.9415,-343.17848,70.152885
"triangle 200x10 mm 80 km/h",0.0093,0.20888889,523.90741,-0.64805623,3756.1062,-351.58351,70.109988
"triangle 200x10 mm 80 km/h",0.0095,0.21333333,372.58451,-0.64256508,3783.6866,-355.30809,70.06604
"triangle 200x10 mm 80 km/h",0.0097,0.21777778,211.45775,-0.64630154,3816.2243,-354.68686,70.021626
"triangle 200x10 mm 80 km/h",0.0099,0.22222222,46.47679,-0.65236528,3857.5169,-350.1788,69.97729
"triangle 200x10 mm 80 km/h",0.0101,0.22666667,-115.22669,-0.66277453,3912.7744,-342.23644,69.933518
"triangle 200x10 mm 80 km/h",0.0103,0.23111111,-265.89526,-0.675681,3984.0761,-331.28947,69.890739
"triangle 200x10 mm 80 km/h",0.0105,0.23555556,-398.00421,-0.68744979,4069.1867,-317.84345,69.849327
"triangle 200x10 mm 80 km/h",0.0107,0.24,-505.1562,-0.69480739,4163.7786,-302.43692,69.809597
"triangle 200x10 mm 80 km/h",0.0109,0.24444444,-582.49337,-0.69733771,4263.7422,-285.6091,69.771792
"triangle 200x10 mm 80 km/h",0.0111,0.24888889,-626.93214,-0.70004783,4365.7847,-267.91249,69.736091
"triangle 200x10 mm 80 km/h",0.0113,0.25333333,-637.68092,-0.69955106,4465.7626,-249.81064,69.702602
"triangle 200x10 mm 80 km/h",0.0115,0.25777778,-615.62246,-0.69975811,4558.1938,-231.77285,69.671376
"triangle 200x10 mm 80 km/h",0.0117,0.26222222,-562.95179,-0.70051606,4637.135,-214.11532,69.642404
"triangle 200x10 mm 80 km/h",0.0119,0.26666667,-482.56735,-0.69857074,4699.093,-197.09805,69.61564
"triangle 200x10 mm 80 km/h",0.0121,0.27111111,-377.90515,-0.70061257,4744.3661,-180.9158,69.591003
"triangle 200x10 mm 80 km/h",0.0123,0.27555556,-252.68033,-0.69818009,4775.2557,-165.66298,69.568388
"triangle 200x10 mm 80 km/h",0.0125,0.28,-110.10066,-0.68909593,4794.0701,-151.34193,69.54768
"triangle 200x10 mm 80 km/h",0.0127,0.28444444,47.354583,-0.67575357,4801.8791,-137.87845,69.528762
"triangle 200x10 mm 80 km/h",0.0129,0.28888889,217.63048,-0.65279746,4799.4582,-125.23393,69.511528
"triangle 200x10 mm 80 km/h",0.0131,0.29333333,398.23189,-0.62338744,4788.065,-113.34555,69.495873
"triangle 200x10 mm 80 km/h",0.0133,0.29777778,585.96283,-0.59448842,4770.7223,-102.22157,69.481705
"triangle 200x10 mm 80 km/h",0.0135,0.30222222,776.94061,-0.56323198,4748.8908,-91.796905,69.468928
"triangle 200x10 mm 80 km/h",0.0137,0.30666667,967.02376,-0.52610416,4722.1229,-82.110851,69.457453
"triangle 200x10 mm 80 km/h",0.0139,0.31111111,1151.1995,-0.48798303,4687.7711,-73.17542,69.447189
"triangle 200x10 mm 80 km/h",0.0141,0.31555556,1323.7977,-0.4452403,4643.4263,-65.070063,69.438042
"triangle 200x10 mm 80 km/h",0.0143,0.32,1478.6596,-0.40087684,4588.6375,-57.809953,69.429908
"triangle 200x10 mm 80 km/h",0.0145,0.32444444,1610.1966,-0.36089157,4525.5278,-51.436024,69.422682
"triangle 200x10 mm 80 km/h",0.0147,0.32888889,1713.982,-0.31695151,4456.5405,-45.964788,69.416253
"triangle 200x10 mm 80 km/h",0.0149,0.33333333,1787.2639,-0.26663434,4382.6659,-41.404155,69.410507
"triangle 200x10 mm 80 km/h",0.0151,0.33777778,1828.8139,-0.21741993,4304.2513,-37.741903,69.405331
"triangle 200x10 mm 80 km/h",0.0153,0.34222222,1839.0488,-0.17050636,4222.834,-35.002236,69.400614
"triangle 200x10 mm 80 km/h",0.0155,0.34666667,1819.6163,-0.12456315,4142.1569,-33.18461,69.396238
"triangle 200x10 mm 80 km/h",0.0157,0.35111111,1773.422,-0.083808571,4066.7425,-32.316789,69.39209
"triangle 200x10 mm 80 km/h",0.0159,0.35555556,1703.9698,-0.046934881,3999.5683,-32.391895,69.388051
"triangle 200x10 mm 80 km/h",0.0161,0.36,1615.2368,-0.011991232,3940.9925,-33.453055,69.384002
"triangle 200x10 mm 80 km/h",0.0163,0.36444444,1510.6989,0.01689967,3890.0859,-35.497255,69.37982
"triangle 200x10 mm 80 km/h",0.0165,0.36888889,1393.3065,0.04961928,3846.8162,-38.60508,69.375383
"triangle 200x10 mm 80 km/h",0.0167,0.37333333,1265.0915,0.085048931,3812.4025,-42.823393,69.370557
"triangle 200x10 mm 80 km/h",0.0169,0.37777778,1127.4233,0.1147454,3788.7339,-48.17305,69.365204
"triangle 200x10 mm 80 km/h",0.0171,0.38222222,981.42964,0.15040097,3776.4123,-54.596127,69.359183
"triangle 200x10 mm 80 km/h",0.0173,0.38666667,828.5769,0.1810052,3773.5767,-62.013199,69.352358
"triangle 200x10 mm 80 km/h",0.0175,0.39111111,670.54092,0.21100485,3778.3055,-70.315333,69.344607
"triangle 200x10 mm 80 km/h",0.0177,0.39555556,509.25686,0.24649171,3790.7182,-79.395529,69.335817
"triangle 200x10 mm 80 km/h",0.0179,0.4,347.11258,0.27431278,3812.9206,-89.084989,69.325893
"triangle 200x10 mm 80 km/h",0.0181,0.40444444,187.23044,0.29866377,3845.9825,-99.135753,69.314757
"triangle 200x10 mm 80 km/h",0.0183,0.40888889,33.405856,0.31926259,3888.4902,-109.23869,69.302365
"triangle 200x10 mm 80 km/h",0.0185,0.41333333,-110.44095,0.33451794,3937.3274,-119.11786,69.28871
"triangle 200x10 mm 80 km/h",0.0187,0.41777778,-240.83385,0.34724145,3990.2496,-128.57921,69.273821
"triangle 200x10 mm 80 km/h",0.0189,0.42222222,-355.15532,0.35728301,4046.976,-137.43195,69.257748
"triangle 200x10 mm 80 km/h",0.0191,0.42666667,-451.62964,0.36116436,4108.2666,-145.51588,69.240569
"triangle 200x10 mm 80 km/h",0.0193,0.43111111,-529.36667,0.3637562,4173.0458,-152.60082,69.22238
"triangle 200x10 mm 80 km/h",0.0195,0.43555556,-588.07177,0.36080064,4238.4214,-158.55603,69.203305
"triangle 200x10 mm 80 km/h",0.0197,0.44,-628.45444,0.35644936,4301.3081,-163.25582,69.183485
"triangle 200x10 mm 80 km/h",0.0199,0.44444444,-651.83345,0.35599924,4360.2119,-166.64023,69.163078
"triangle 200x10 mm 80 km/h",0.0201,0.44888889,-659.89326,0.35596883,4415.6596,-168.63942,69.142248
"triangle 200x10 mm 80 km/h",0.0203,0.45333333,-654.29178,0.34363583,4468.8661,-169.17469,69.121168
"triangle 200x10 mm 80 km/h",0.0205,0.45777778,-636.35603,0.33379723,4519.2197,-168.11991,69.100021
"triangle 200x10 mm 80 km/h",0.0207,0.46222222,-606.77528,0.31791307,4564.3789,-165.43631,69.079006
"triangle 200x10 mm 80 km/h",0.0209,0.46666667,-566.05728,0.30258193,4602.0278,-161.09518,69.058327
"triangle 200x10 mm 80 km/h",0.0211,0.47111111,-514.63254,0.29410116,4631.0542,-155.10732,69.03819
"triangle 200x10 mm 80 km/h",0.0213,0.47555556,-453.05187,0.27941348,4651.8787,-147.48552,69.018802
"triangle 200x10 mm 80 km/h",0.0215,0.48,-382.16862,0.26780682,4665.4524,-138.26627,69.000366
"triangle 200x10 mm 80 km/h",0.0217,0.48444444,-303.07445,0.26547444,4671.2846,-127.49569,68.983083
"triangle 200x10 mm 80 km/h",0.0219,0.48888889,-217.18169,0.27090273,4667.5303,-115.29027,68.967146
"triangle 200x10 mm 80 km/h",0.0221,0.49333333,-126.56093,0.28301568,4652.9514,-101.79424,68.952734
"triangle 200x10 mm 80 km/h",0.0223,0.49777778,-33.810036,0.30210692,4627.6482,-87.166347,68.94001
"triangle 200x10 mm 80 km/h",0.0225,0.50222222,58.019049,0.31337476,4594.5493,-71.603162,68.929114
"triangle 200x10 mm 80 km/h",0.0227,0.50666667,145.71135,0.31954787,4556.4211,-55.237888,68.920164
"triangle 200x10 mm 80 km/h",0.0229,0.51111111,226.47958,0.32051779,4514.4054,-38.204152,68.913259
"triangle 200x10 mm 80 km/h",0.0231,0.51555556,298.09003,0.31315726,4468.0603,-20.672089,68.908484
"triangle 200x10 mm 80 km/h",0.0233,0.52,358.68354,0.30148696,4417.3557,-2.8268602,68.9059
"triangle 200x10 mm 80 km/h",0.0235,0.52444444,406.83881,0.28399633,4364.3952,15.115092,68.905546
"triangle 200x10 mm 80 km/h",0.0237,0.52888889,441.60889,0.26322156,4312.0412,32.97293,68.907436
"triangle 200x10 mm 80 km/h",0.0239,0.53333333,462.67343,0.23640862,4261.7967,50.605469,68.911557
"triangle 200x10 mm 80 km/h",0.0241,0.53777778,470.3335,0.20612822,4212.9982,67.861288,68.917883
"triangle 200x10 mm 80 km/h",0.0243,0.54222222,465.20193,0.17329507,4164.1456,84.5465,68.926366
"triangle 200x10 mm 80 km/h",0.0245,0.54666667,447.92203,0.14272492,4115.1509,100.4191,68.936934
"triangle 200x10 mm 80 km/h",0.0247,0.55111111,419.0883,0.11718679,4068.2081,115.22529,68.949486
"triangle 200x10 mm 80 km/h",0.0249,0.55555556,379.3408,0.083254229,4025.9262,128.77783,68.963889
"triangle 200x10 mm 80 km/h",0.0251,0.56,329.44619,0.054488306,3989.5262,140.93848,68.979987
"triangle 200x10 mm 80 km/h",0.0253,0.56444444,270.4948,0.016880024,3958.2135,151.54541,68.997604
"triangle 200x10 mm 80 km/h",0.0255,0.56888889,203.59503,-0.023260317,3931.4506,160.43748,69.016547
"triangle 200x10 mm 80 km/h",0.0257,0.57333333,129.93054,-0.060329413,3910.7118,167.41393,69.036602
"triangle 200x10 mm 80 km/h",0.0259,0.57777778,50.826945,-0.10470411,3898.9142,172.34476,69.057529
"triangle 200x10 mm 80 km/h",0.0261,0.58222222,-32.121532,-0.15616412,3897.7685,175.19335,69.079072
"triangle 200x10 mm 80 km/h",0.0263,0.58666667,-116.95059,-0.20928169,3906.4335,176.00098,69.100971
"triangle 200x10 mm 80 km/h",0.0265,0.59111111,-201.45292,-0.26423024,3922.5248,174.77183,69.122971
"triangle 200x10 mm 80 km/h",0.0267,0.59555556,-283.64913,-0.3098245,3944.418,171.51877,69.144817
"triangle 200x10 mm 80 km/h",0.0269,0.6,-361.68743,-0.3557526,3972.0581,166.26466,69.166257
"triangle 200x10 mm 80 km/h",0.0271,0.60444444,-434.00728,-0.39842549,4006.2352,159.08895,69.18704
"triangle 200x10 mm 80 km/h",0.0273,0.60888889,-499.23907,-0.43555303,4046.1391,150.17192,69.206927
"triangle 200x10 mm 80 km/h",0.0275,0.61333333,-556.17189,-0.46535538,4089.002,139.72298,69.225698
"triangle 200x10 mm 80 km/h",0.0277,0.61777778,-603.9458,-0.48719162,4132.2147,127.9147,69.243163
"triangle 200x10 mm 80 km/h",0.0279,0.62222222,-642.11239,-0.50040569,4174.3501,114.92066,69.259153
"triangle 200x10 mm 80 km/h",0.0281,0.62666667,-670.66578,-0.50609419,4216.6852,100.90844,69.273518
"triangle 200x10 mm 80 km/h",0.0283,0.63111111,-689.8527,-0.51564897,4260.3162,86.153087,69.286131
"triangle 200x10 mm 80 km/h",0.0285,0.63555556,-700.04125,-0.51458106,4304.8523,70.978545,69.2969
"triangle 200x10 mm 80 km/h",0.0287,0.64,-701.54943,-0.51965468,4347.9464,55.677057,69.305773
"triangle 200x10 mm 80 km/h",0.0289,0.64444444,-694.94586,-0.52349314,4387.6446,40.511069,69.312732
"triangle 200x10 mm 80 km/h",0.0291,0.64888889,-680.9354,-0.52707432,4422.9538,25.711434,69.317796
"triangle 200x10 mm 80 km/h",0.0293,0.65333333,-660.4984,-0.53676739,4455.1293,11.51635,69.32101
"triangle 200x10 mm 80 km/h",0.0295,0.65777778,-634.71989,-0.54879492,4484.4663,-1.7658842,69.32245
"triangle 200x10 mm 80 km/h",0.0297,0.66222222,-604.62889,-0.55633507,4509.8968,-13.841029,69.322229
"triangle 200x10 mm 80 km/h",0.0299,0.66666667,-571.14842,-0.56114868,4528.9347,-24.495004,69.320499
"triangle 200x10 mm 80 km/h",0.0301,0.67111111,-535.42444,-0.55687569,4539.6085,-33.556064,69.317437
"triangle 200x10 mm 80 km/h",0.0303,0.67555556,-498.61932,-0.55402518,4541.6633,-40.902486,69.313243
"triangle 200x10 mm 80 km/h",0.0305,0.68,-462.16073,-0.55492749,4537.1647,-46.430551,69.30813
"triangle 200x10 mm 80 km/h",0.0307,0.68444444,-427.39141,-0.55798829,4527.9746,-50.016825,69.302326
"triangle 200x10 mm 80 km/h",0.0309,0.68888889,-395.26461,-0.55855359,4514.2581,-51.584293,69.296074
"triangle 200x10 mm 80 km/h",0.0311,0.69333333,-366.32092,-0.56471399,4494.8258,-51.1411,69.289626
"triangle 200x10 mm 80 km/h",0.0313,0.69777778,-340.93529,-0.57077818,4469.5273,-48.764825,69.283233
"triangle 200x10 mm 80 km/h",0.0315,0.70222222,-319.35618,-0.57131757,4439.9219,-44.571941,69.277138
"triangle 200x10 mm 80 km/h",0.0317,0.70666667,-301.73508,-0.57492734,4408.6378,-38.681219,69.271566
"triangle 200x10 mm 80 km/h",0.0319,0.71111111,-287.93361,-0.5696744,4376.6376,-31.179967,69.266731
"triangle 200x10 mm 80 km/h",0.0321,0.71555556,-277.43432,-0.56462828,4342.8966,-22.236204,69.262833
"triangle 200x10 mm 80 km/h",0.0323,0.72,-269.72048,-0.55688939,4306.1954,-12.061776,69.260054
"triangle 200x10 mm 80 km/h",0.0325,0.72444444,-264.33054,-0.54093268,4266.7679,-0.92610391,69.258546
"triangle 200x10 mm 80 km/h",0.0327,0.72888889,-260.98781,-0.53328614,4227.6598,10.879464,69.25843
"triangle 200x10 mm 80 km/h",0.0329,0.73333333,-259.4706,-0.52615006,4191.2915,23.169558,69.25979
"triangle 200x10 mm 80 km/h",0.0331,0.73777778,-259.35772,-0.50978691,4158.2909,35.765012,69.262687
"triangle 200x10 mm 80 km/h",0.0333,0.74222222,-260.04855,-0.48949281,4127.5725,48.436204,69.267157
"triangle 200x10 mm 80 km/h",0.0335,0.74666667,-261.13606,-0.4663526,4098.7445,60.936149,69.273212
"triangle 200x10 mm 80 km/h",0.0337,0.75111111,-262.21814,-0.4457683,4073.2414,72.967746,69.280829
"triangle 200x10 mm 80 km/h",0.0339,0.75555556,-263.13187,-0.42582948,4053.7564,84.316808,69.28995
"triangle 200x10 mm 80 km/h",0.0341,0.76,-263.53422,-0.40240696,4041.2874,94.842461,69.300489
"triangle 200x10 mm 80 km/h",0.0343,0.76444444,-263.00067,-0.37199572,4034.7431,104.4349,69.312345
"triangle 200x10 mm 80 km/h",0.0345,0.76888889,-261.08779,-0.34243857,4032.5354,112.9214,69.325399
"triangle 200x10 mm 80 km/h",0.0347,0.77333333,-257.51207,-0.31072238,4034.1816,120.12449,69.339514
"triangle 200x10 mm 80 km/h",0.0349,0.77777778,-252.09718,-0.28077081,4041.6519,125.83516,69.35453
"triangle 200x10 mm 80 km/h",0.0351,0.78222222,-244.63451,-0.26266057,4056.221,129.96241,69.370259
"triangle 200x10 mm 80 km/h",0.0353,0.78666667,-234.7359,-0.23700799,4076.5917,132.48797,69.386504
"triangle 200x10 mm 80 km/h",0.0355,0.79111111,-221.96238,-0.21846375,4099.8278,133.36909,69.403065
"triangle 200x10 mm 80 km/h",0.0357,0.79555556,-206.12782,-0.20230054,4124.0233,132.5352,69.419736
"triangle 200x10 mm 80 km/h",0.0359,0.8,-187.22989,-0.1840569,4148.9386,129.91304,69.436303
"triangle 200x10 mm 80 km/h",0.0361,0.80444444,-165.39219,-0.16776358,4175.7805,125.48409,69.452543
"triangle 200x10 mm 80 km/h",0.0363,0.80888889,-140.82101,-0.14911109,4204.4719,119.34785,69.468228
"triangle 200x10 mm 80 km/h",0.0365,0.81333333,-113.7806,-0.12919088,4233.3767,111.66507,69.483146
"triangle 200x10 mm 80 km/h",0.0367,0.81777778,-84.684763,-0.11102696,4260.192,102.57607,69.497105
"triangle 200x10 mm 80 km/h",0.0369,0.82222222,-54.290926,-0.092410078,4283.7405,92.230343,69.509927
"triangle 200x10 mm 80 km/h",0.0371,0.82666667,-23.573758,-0.080130615,4305.0156,80.788048,69.521455
"triangle 200x10 mm 80 km/h",0.0373,0.83111111,6.2321617,-0.071846482,4326.1863,68.467938,69.531554
"triangle 200x10 mm 80 km/h",0.0375,0.83555556,33.886844,-0.064048369,4348.1491,55.559042,69.540112
"triangle 200x10 mm 80 km/h",0.0377,0.84,58.364299,-0.057614769,4369.6453,42.322356,69.547057
"triangle 200x10 mm 80 km/h",0.0379,0.84444444,78.727634,-0.051546186,4388.2994,29.012762,69.552348
"triangle 200x10 mm 80 km/h",0.0381,0.84888889,94.124633,-0.044378893,4402.5696,15.834863,69.555974
"triangle 200x10 mm 80 km/h",0.0383,0.85333333,103.7187,-0.038230999,4412.7737,2.9865067,69.557954
"triangle 200x10 mm 80 km/h",0.0385,0.85777778,106.76871,-0.028875555,4419.8073,-9.3017826,69.558327
"triangle 200x10 mm 80 km/h",0.0387,0.86222222,102.85167,-0.0096880062,4423.5018,-20.795782,69.557164
"triangle 200x10 mm 80 km/h",0.0389,0.86666667,92.162125,0.0087408135,4422.0461,-31.340561,69.554565
"triangle 200x10 mm 80 km/h",0.0391,0.87111111,75.123579,0.034108671,4413.8691,-40.81048,69.550647
"triangle 200x10 mm 80 km/h",0.0393,0.87555556,52.411242,0.067032197,4399.2048,-49.144182,69.545546
"triangle 200x10 mm 80 km/h",0.0395,0.88,24.727167,0.093664469,4381.267,-56.309247,69.539403
"triangle 200x10 mm 80 km/h",0.0397,0.88444444,-7.0269166,0.11897435,4362.653,-62.237569,69.532364
"triangle 200x10 mm 80 km/h",0.0399,0.88888889,-41.618273,0.14452736,4344.6039,-66.890911,69.524584
"triangle 200x10 mm 80 km/h",0.0401,0.89333333,-77.534632,0.16215987,4326.3679,-70.300258,69.516223
"triangle 200x10 mm 80 km/h",0.0403,0.89777778,-113.47592,0.17639188,4307.7457,-72.545102,69.507436
"triangle 200x10 mm 80 km/h",0.0405,0.90222222,-148.31258,0.18153308,4290.3287,-73.756667,69.498367
"triangle 200x10 mm 80 km/h",0.0407,0.90666667,-181.11712,0.18356103,4276.2256,-74.043503,69.489148
"triangle 200x10 mm 80 km/h",0.0409,0.91111111,-210.95241,0.17930833,4265.7649,-73.47083,69.479892
"triangle 200x10 mm 80 km/h",0.0411,0.91555556,-236.78613,0.17238488,4256.5305,-72.104384,69.470709
"triangle 200x10 mm 80 km/h",0.0413,0.92,-257.76362,0.16657401,4245.8011,-70.042812,69.461695
"triangle 200x10 mm 80 km/h",0.0415,0.92444444,-273.31329,0.16227443,4233.0551,-67.444143,69.45294
"triangle 200x10 mm 80 km/h",0.0417,0.92888889,-283.04481,0.15867631,4220.0664,-64.449122,69.44451
"triangle 200x10 mm 80 km/h",0.0419,0.93333333,-286.51302,0.14430634,4208.3472,-61.110966,69.436453
"triangle 200x10 mm 80 km/h",0.0421,0.93777778,-283.25417,0.13078332,4197.7169,-57.418169,69.428815
"triangle 200x10 mm 80 km/h",0.0423,0.94222222,-272.78787,0.11203893,4186.9718,-53.404912,69.421637
"triangle 200x10 mm 80 km/h",0.0425,0.94666667,-254.99964,0.095328104,4176.049,-49.133399,69.414962
"triangle 200x10 mm 80 km/h",0.0427,0.95111111,-230.07534,0.082421735,4166.6195,-44.706432,69.40882
"triangle 200x10 mm 80 km/h",0.0429,0.95555556,-198.49722,0.062984692,4161.1697,-40.180999,69.403232
"triangle 200x10 mm 80 km/h",0.0431,0.96,-161.03445,0.03872304,4160.7527,-35.559116,69.398209
"triangle 200x10 mm 80 km/h",0.0433,0.96444444,-118.65207,0.011759459,4164.2926,-30.834183,69.393764
"triangle 200x10 mm 80 km/h",0.0435,0.96888889,-72.621859,-0.016456407,4169.5129,-26.033996,69.38991
"triangle 200x10 mm 80 km/h",0.0437,0.97333333,-24.541858,-0.04349508,4175.0772,-21.227567,69.386656
"triangle 200x10 mm 80 km/h",0.0439,0.97777778,23.781505,-0.073675555,4181.4896,-16.49035,69.384002
"triangle 200x10 mm 80 km/h",0.0441,0.98222222,70.527071,-0.10428076,4190.0831,-11.865524,69.381941
"triangle 200x10 mm 80 km/h",0.0443,0.98666667,114.14435,-0.1278312,4200.8179,-7.3400321,69.380458
"triangle 200x10 mm 80 km/h",0.0445,0.99111111,153.6307,-0.15407567,4211.8219,-2.9390234,69.37954
"triangle 200x10 mm 80 km/h",0.0447,0.99555556,188.29425,-0.18056593,4221.0839,1.2995332,69.379173
"triangle 200x10 mm 80 km/h",0.0449,1,217.79168,-0.1979493,4227.9461,5.2966383,69.379335
"triangle 200x10 mm 80 km/h",0.0451,1.0044444,241.97074,-0.21721927,4234.0741,8.9833481,69.379997
"triangle 200x10 mm 80 km/h",0.0453,1.0088889,260.92329,-0.23180012,4241.4944,12.314653,69.38112
"triangle 200x10 mm 80 km/h",0.0455,1.0133333,275.01318,-0.23851846,4250.6669,15.278046,69.38266
"triangle 200x10 mm 80 km/h",0.0457,1.0177778,284.96411,-0.24058169,4259.849,17.812051,69.384569
"triangle 200x10 mm 80 km/h",0.0459,1.0222222,291.35464,-0.23755346,4267.2809,19.844884,69.386796
"triangle 200x10 mm 80 km/h",0.0461,1.0266667,294.46033,-0.22863473,4273.3603,21.273033,69.389277
"triangle 200x10 mm 80 km/h",0.0463,1.0311111,294.30827,-0.22169002,4280.0636,22.00415,69.391936
"triangle 200x10 mm 80 km/h",0.0465,1.0355556,290.79908,-0.2213358,4288.4581,22.024391,69.394686
"triangle 200x10 mm 80 km/h",0.0467,1.04,284.00442,-0.22106313,4297.4836,21.331916,69.397439
"triangle 200x10 mm 80 km/h",0.0469,1.0444444,274.02973,-0.22416678,4304.7846,19.924104,69.400106
"triangle 200x10 mm 80 km/h",0.0471,1.0488889,260.91003,-0.22539932,4309.4703,17.771206,69.402596
"triangle 200x10 mm 80 km/h",0.0473,1.0533333,244.6421,-0.22867543,4312.649,14.865813,69.404818
"triangle 200x10 mm 80 km/h",0.0475,1.0577778,225.32346,-0.2391762,4316.427,11.245186,69.406676
"triangle 200x10 mm 80 km/h",0.0477,1.0622222,203.33903,-0.24864867,4321.1098,7.0412523,69.408081
"triangle 200x10 mm 80 km/h",0.0479,1.0666667,179.5175,-0.26541707,4324.8655,2.3486024,69.408962
"triangle 200x10 mm 80 km/h",0.0481,1.0711111,154.61257,-0.28640677,4325.9206,-2.7284283,69.409255
"triangle 200x10 mm 80 km/h",0.0483,1.0755556,129.30652,-0.30487546,4323.9727,-8.1211191,69.408914
"triangle 200x10 mm 80 km/h",0.0485,1.08,104.05223,-0.33209382,4321.0084,-13.760448,69.407899
"triangle 200x10 mm 80 km/h",0.0487,1.0844444,79.191027,-0.3546593,4318.5337,-19.512435,69.406179
"triangle 200x10 mm 80 km/h",0.0489,1.0888889,55.082572,-0.36787798,4316.0034,-25.206219,69.40374
"triangle 200x10 mm 80 km/h",0.0491,1.0933333,32.050512,-0.37361377,4311.507,-30.729737,69.400589
"triangle 200x10 mm 80 km/h",0.0493,1.0977778,10.083976,-0.37683907,4304.0447,-36.003591,69.396748
"triangle 200x10 mm 80 km/h",0.0495,1.1022222,-11.060381,-0.37893339,4294.7452,-40.980933,69.392247
"triangle 200x10 mm 80 km/h",0.0497,1.1066667,-31.671852,-0.38217952,4285.9078,-45.601531,69.387125
"triangle 200x10 mm 80 km/h",0.0499,1.1111111,-51.928128,-0.39164266,4278.6193,-49.743905,69.381425
"triangle 200x10 mm 80 km/h",0.0501,1.1155556,-71.68868,-0.4015018,4272.1368,-53.310078,69.375207
"triangle 200x10 mm 80 km/h",0.0503,1.12,-90.681517,-0.41323159,4264.7133,-56.234532,69.368543
"triangle 200x10 mm 80 km/h",0.0505,1.1244444,-108.58644,-0.41967662,4255.6874,-58.502293,69.361514
"triangle 200x10 mm 80 km/h",0.0507,1.1288889,-125.10512,-0.42411008,4246.2614,-60.115481,69.354201
"triangle 200x10 mm 80 km/h",0.0509,1.1333333,-139.92647,-0.43154903,4238.5205,-61.064256,69.346686
"triangle 200x10 mm 80 km/h",0.0511,1.1377778,-152.61706,-0.434515,4232.801,-61.280366,69.339053
"triangle 200x10 mm 80 km/h",0.0513,1.1422222,-162.54347,-0.44311416,4227.5556,-60.759321,69.331393
"triangle 200x10 mm 80 km/h",0.0515,1.1466667,-169.28063,-0.45446427,4221.209,-59.524663,69.323798
"triangle 200x10 mm 80 km/h",0.0517,1.1511111,-172.58218,-0.46262875,4213.2744,-57.641997,69.316358
"triangle 200x10 mm 80 km/h",0.0519,1.1555556,-172.52599,-0.47419715,4205.8704,-55.201004,69.309153
"triangle 200x10 mm 80 km/h",0.0521,1.16,-169.33094,-0.480739,4200.8396,-52.219275,69.302252
"triangle 200x10 mm 80 km/h",0.0523,1.1644444,-163.22924,-0.47682508,4198.4398,-48.695668,69.295725
"triangle 200x10 mm 80 km/h",0.0525,1.1688889,-154.27032,-0.46776386,4197.011,-44.688097,69.289638
"triangle 200x10 mm 80 km/h",0.0527,1.1733333,-142.70203,-0.45313141,4195.2261,-40.264839,69.284052
"triangle 200x10 mm 80 km/h",0.0529,1.1777778,-128.89272,-0.43160989,4193.6495,-35.538514,69.279019
"triangle 200x10 mm 80 km/h",0.0531,1.1822222,-113.32948,-0.41488024,4194.5223,-30.607933,69.274577
"triangle 200x10 mm 80 km/h",0.0533,1.1866667,-96.461423,-0.40110885,4198.9388,-25.497645,69.270751
"triangle 200x10 mm 80 km/h",0.0535,1.1911111,-78.459909,-0.38719586,4205.7094,-20.222901,69.267563
"triangle 200x10 mm 80 km/h",0.0537,1.1955556,-59.420025,-0.3783406,4212.4851,-14.844041,69.265036
"triangle 200x10 mm 80 km/h",0.0539,1.2,-39.588591,-0.36998288,4218.0959,-9.4575556,69.26318
"triangle 200x10 mm 80 km/h",0.0541,1.2044444,-19.381408,-0.36228381,4223.4607,-4.170922,69.261998
"triangle 200x10 mm 80 km/h",0.0543,1.2088889,0.6698114,-0.3632963,4230.5339,0.93876421,69.261477
"triangle 200x10 mm 80 km/h",0.0545,1.2133333,20.088186,-0.36637034,4239.5421,5.8788058,69.261594
"triangle 200x10 mm 80 km/h",0.0547,1.2177778,38.63054,-0.3770838,4248.7185,10.612604,69.262329
"triangle 200x10 mm 80 km/h",0.0549,1.2222222,55.909266,-0.39205822,4256.4871,15.085265,69.263655
"triangle 200x10 mm 80 km/h",0.0551,1.2266667,71.531103,-0.40530406,4262.1537,19.222259,69.265541
"triangle 200x10 mm 80 km/h",0.0553,1.2311111,84.93325,-0.42399885,4267.9166,22.932004,69.267944
"triangle 200x10 mm 80 km/h",0.0555,1.2355556,95.618486,-0.43775788,4275.3052,26.215476,69.27081
"triangle 200x10 mm 80 km/h",0.0557,1.24,103.32241,-0.44253337,4283.9589,29.105287,69.274087
"triangle 200x10 mm 80 km/h",0.0559,1.2444444,108.06657,-0.44314501,4291.842,31.582833,69.277725
"triangle 200x10 mm 80 km/h",0.0561,1.2488889,109.79197,-0.44127322,4297.3404,33.625696,69.281673
"triangle 200x10 mm 80 km/h",0.0563,1.2533333,108.43246,-0.43437047,4300.8066,35.177492,69.285876
"triangle 200x10 mm 80 km/h",0.0565,1.2577778,103.88693,-0.42976942,4304.2467,36.200112,69.290274
"triangle 200x10 mm 80 km/h",0.0567,1.2622222,96.169231,-0.43049405,4308.5319,36.735121,69.294799
"triangle 200x10 mm 80 km/h",0.0569,1.2666667,85.590611,-0.42709319,4312.6089,36.821333,69.29939
"triangle 200x10 mm 80 km/h",0.0571,1.2711111,72.573895,-0.42568604,4314.3607,36.468068,69.303993
"triangle 200x10 mm 80 km/h",0.0573,1.2755556,57.457223,-0.41874222,4312.9028,35.657604,69.308552
"triangle 200x10 mm 80 km/h",0.0575,1.28,40.46381,-0.40929171,4309.4571,34.369291,69.313009
"triangle 200x10 mm 80 km/h",0.0577,1.2844444,21.783366,-0.40503323,4306.3074,32.609296,69.317305
"triangle 200x10 mm 80 km/h",0.0579,1.2888889,1.7335739,-0.39752054,4304.0421,30.464957,69.321381
"triangle 200x10 mm 80 km/h",0.0581,1.2933333,-19.115756,-0.39462662,4301.2935,27.984928,69.325189
"triangle 200x10 mm 80 km/h",0.0583,1.2977778,-40.291132,-0.39474854,4296.6225,25.205256,69.328687
"triangle 200x10 mm 80 km/h",0.0585,1.3022222,-61.366748,-0.3924627,4289.5622,22.14043,69.331838
"triangle 200x10 mm 80 km/h",0.0587,1.3066667,-82.132763,-0.40030158,4282.3681,18.789655,69.334606
"triangle 200x10 mm 80 km/h",0.0589,1.3111111,-102.39875,-0.40543116,4276.7071,15.243856,69.336954
"triangle 200x10 mm 80 km/h",0.0591,1.3155556,-121.8656,-0.40413917,4272.3457,11.626156,69.33886
"triangle 200x10 mm 80 km/h",0.0593,1.32,-140.06978,-0.40099457,4267.3477,8.000469,69.340313
"triangle 200x10 mm 80 km/h",0.0595,1.3244444,-156.77745,-0.39654901,4260.2964,4.4292161,69.341313
"triangle 200x10 mm 80 km/h",0.0597,1.3288889,-171.8561,-0.38758126,4251.7712,0.92154751,69.341867
"triangle 200x10 mm 80 km/h",0.0599,1.3333333,-185.34496,-0.38525905,4244.0626,-2.4940332,69.341982
"triangle 200x10 mm 80 km/h",0.0601,1.3377778,-197.26222,-0.38961188,4238.3179,-5.7176797,69.34167
"triangle 200x10 mm 80 km/h",0.0603,1.3422222,-207.41766,-0.39254082,4233.8067,-8.6538109,69.340956
"triangle 200x10 mm 80 km/h",0.0605,1.3466667,-215.54154,-0.39800192,4228.6867,-11.257953,69.339874
"triangle 200x10 mm 80 km/h",0.0607,1.3511111,-221.53411,-0.40014408,4222.2249,-13.51696,69.338467
"triangle 200x10 mm 80 km/h",0.0609,1.3555556,-225.42479,-0.40158745,4215.759,-15.437722,69.336777
"triangle 200x10 mm 80 km/h",0.0611,1.36,-227.32291,-0.4066347,4211.5837,-17.011436,69.334847
"triangle 200x10 mm 80 km/h",0.0613,1.3644444,-227.27091,-0.40922573,4210.1909,-18.158921,69.332721
"triangle 200x10 mm 80 km/h",0.0615,1.3688889,-225.12946,-0.4147683,4210.0975,-18.84745,69.330451
"triangle 200x10 mm 80 km/h",0.0617,1.3733333,-220.87546,-0.42306883,4209.7116,-19.076716,69.328095
"triangle 200x10 mm 80 km/h",0.0619,1.3777778,-214.58808,-0.42748376,4208.4116,-18.884107,69.32571
"triangle 200x10 mm 80 km/h",0.0621,1.3822222,-206.56803,-0.43740198,4208.0796,-18.326815,69.32335
"triangle 200x10 mm 80 km/h",0.0623,1.3866667,-197.15362,-0.44194814,4210.1231,-17.380748,69.321059
"triangle 200x10 mm 80 km/h",0.0625,1.3911111,-186.62995,-0.43728987,4214.546,-16.013654,69.318886
"triangle 200x10 mm 80 km/h",0.0627,1.3955556,-175.05606,-0.42952873,4219.4449,-14.241907,69.316885
"triangle 200x10 mm 80 km/h",0.0629,1.4,-162.62674,-0.41649154,4223.0666,-12.08872,69.315104
"triangle 200x10 mm 80 km/h",0.0631,1.4044444,-149.61689,-0.39613167,4225.7674,-9.6497911,69.313593
"triangle 200x10 mm 80 km/h",0.0633,1.4088889,-136.43737,-0.38097654,4229.7187,-6.9894004,69.312387
"triangle 200x10 mm 80 km/h",0.0635,1.4133333,-123.41366,-0.36966888,4235.905,-4.1089999,69.311514
"triangle 200x10 mm 80 km/h",0.0637,1.4177778,-110.63664,-0.35786245,4243.4521,-1.0067152,69.311
"triangle 200x10 mm 80 km/h",0.0639,1.4222222,-98.0685,-0.34644753,4250.1915,2.2723382,69.310874
"triangle 200x10 mm 80 km/h",0.0641,1.4266667,-85.828587,-0.33383579,4255.2432,5.6444971,69.311158
"triangle 200x10 mm 80 km/h",0.0643,1.4311111,-74.124624,-0.32172503,4259.6838,9.0135135,69.311864
"triangle 200x10 mm 80 km/h",0.0645,1.4355556,-63.216263,-0.31541516,4265.5397,12.305916,69.31299
"triangle 200x10 mm 80 km/h",0.0647,1.44,-53.275022,-0.30835921,4273.0806,15.527934,69.314529
"triangle 200x10 mm 80 km/h",0.0649,1.4444444,-44.2468,-0.30564574,4280.5445,18.650571,69.31647
"triangle 200x10 mm 80 km/h",0.0651,1.4488889,-36.158336,-0.30934399,4286.328,21.613734,69.318801
"triangle 200x10 mm 80 km/h",0.0653,1.4533333,-29.060998,-0.31198422,4289.6386,24.342518,69.321503
"triangle 200x10 mm 80 km/h",0.0655,1.4577778,-23.179421,-0.32468947,4292.5176,26.737494,69.324545
"triangle 200x10 mm 80 km/h",0.0657,1.4622222,-18.717345,-0.33600484,4296.4714,28.801163,69.327888
"triangle 200x10 mm 80 km/h",0.0659,1.4666667,-15.697566,-0.34213505,4301.1341,30.566944,69.331488
"triangle 200x10 mm 80 km/h",0.0661,1.4711111,-13.916669,-0.34766741,4304.4718,32.013729,69.335309
"triangle 200x10 mm 80 km/h",0.0663,1.4755556,-13.329174,-0.35541986,4305.0033,33.12401,69.33931
"triangle 200x10 mm 80 km/h",0.0665,1.48,-13.940765,-0.36027968,4303.4514,33.826217,69.343451
"triangle 200x10 mm 80 km/h",0.0667,1.4844444,-15.838825,-0.37007196,4301.8621,34.093451,69.347679
"triangle 200x10 mm 80 km/h",0.0669,1.4888889,-19.043453,-0.38878952,4301.3779,33.958896,69.351941
"triangle 200x10 mm 80 km/h",0.0671,1.4933333,-23.330721,-0.40609824,4300.8846,33.477554,69.356186
"triangle 200x10 mm 80 km/h",0.0673,1.4977778,-28.405564,-0.42605179,4298.512,32.653826,69.36037
"triangle 200x10 mm 80 km/h",0.0675,1.5022222,-34.093441,-0.439993,4293.4385,31.475795,69.364452
"triangle 200x10 mm 80 km/h",0.0677,1.5066667,-40.349468,-0.44932366,4286.9774,29.919356,69.368387
"triangle 200x10 mm 80 km/h",0.0679,1.5111111,-47.197695,-0.46352024,4281.4682,27.990283,69.372126
"triangle 200x10 mm 80 km/h",0.0681,1.5155556,-54.549889,-0.47144387,4277.4214,25.777245,69.375625
"triangle 200x10 mm 80 km/h",0.0683,1.52,-62.076817,-0.48275524,4273.391,23.32605,69.378847
"triangle 200x10 mm 80 km/h",0.0685,1.5244444,-69.543784,-0.49606388,4267.8955,20.665515,69.381763
"triangle 200x10 mm 80 km/h",0.0687,1.5288889,-76.769786,-0.50440393,4260.3933,17.806948,69.384346
"triangle 200x10 mm 80 km/h",0.0689,1.5333333,-83.775088,-0.52160303,4253.2045,14.736986,69.386572
"triangle 200x10 mm 80 km/h",0.0691,1.5377778,-90.590909,-0.53710217,4247.9523,11.535953,69.388414
"triangle 200x10 mm 80 km/h",0.0693,1.5422222,-97.097302,-0.54524204,4244.3933,8.3108498,69.389856
"triangle 200x10 mm 80 km/h",0.0695,1.5466667,-102.98335,-0.55019551,4240.6268,5.1080759,69.390895
"triangle 200x10 mm 80 km/h",0.0697,1.5511111,-108.13506,-0.55346668,4235.221,1.9660879,69.391534
"triangle 200x10 mm 80 km/h",0.0699,1.5555556,-112.55992,-0.55199518,4228.9742,-1.1253244,69.391779
"triangle 200x10 mm 80 km/h",0.0701,1.56,-116.36401,-0.55314405,4223.9911,-4.144805,69.391639
"triangle 200x10 mm 80 km/h",0.0703,1.5644444,-119.61498,-0.56339656,4221.4884,-7.0189258,69.391121
"triangle 200x10 mm 80 km/h",0.0705,1.5688889,-122.15776,-0.57297253,4220.4093,-9.6626965,69.390243
"triangle 200x10 mm 80 km/h",0.0707,1.5733333,-123.77978,-0.58650822,4218.7905,-12.044649,69.389035
"triangle 200x10 mm 80 km/h",0.0709,1.5777778,-124.43113,-0.59594961,4215.9609,-14.166091,69.38753
"triangle 200x10 mm 80 km/h",0.0711,1.5822222,-124.20278,-0.6031906,4213.2564,-16.041681,69.385759
"triangle 200x10 mm 80 km/h",0.0713,1.5866667,-123.24902,-0.61624724,4212.9242,-17.666695,69.383754
"triangle 200x10 mm 80 km/h",0.0715,1.5911111,-121.64976,-0.62478679,4215.3956,-18.95916,69.381546
"triangle 200x10 mm 80 km/h",0.0717,1.5955556,-119.24757,-0.6386391,4219.0099,-19.889191,69.379176
"triangle 200x10 mm 80 km/h",0.0719,1.6,-116.01571,-0.65692924,4222.2106,-20.46021,69.37669
"triangle 200x10 mm 80 km/h",0.0721,1.6044444,-111.97995,-0.6723628,4224.2541,-20.696885,69.374132
"triangle 200x10 mm 80 km/h",0.0723,1.6088889,-107.37615,-0.69414037,4227.1992,-20.656533,69.371545
"triangle 200x10 mm 80 km/h",0.0725,1.6133333,-102.4498,-0.71407444,4232.4354,-20.313531,69.368963
"triangle 200x10 mm 80 km/h",0.0727,1.6177778,-97.298418,-0.72697507,4239.5155,-19.619622,69.366424
"triangle 200x10 mm 80 km/h",0.0729,1.6222222,-91.81627,-0.73688251,4246.3483,-18.590171,69.363971
"triangle 200x10 mm 80 km/h",0.0731,1.6266667,-86.067954,-0.74517813,4251.3211,-17.252633,69.361647
"triangle 200x10 mm 80 km/h",0.0733,1.6311111,-80.203858,-0.7482892,4255.1741,-15.693037,69.359491
"triangle 200x10 mm 80 km/h",0.0735,1.6355556,-74.420439,-0.75322647,4259.7814,-13.960536,69.357529
"triangle 200x10 mm 80 km/h",0.0737,1.64,-68.841203,-0.76601059,4266.2113,-12.058407,69.355784
"triangle 200x10 mm 80 km/h",0.0739,1.6444444,-63.35844,-0.77938537,4273.2624,-9.9726712,69.354277
"triangle 200x10 mm 80 km/h",0.0741,1.6488889,-57.785571,-0.79616399,4278.9359,-7.750136,69.35303
"triangle 200x10 mm 80 km/h",0.0743,1.6533333,-52.086404,-0.80556672,4282.5479,-5.4673754,69.352062
"triangle 200x10 mm 80 km/h",0.0745,1.6577778,-46.317243,-0.80775183,4285.0886,-3.202495,69.351378
"triangle 200x10 mm 80 km/h",0.0747,1.6622222,-40.600514,-0.81359914,4288.4862,-1.0119249,69.350978
"triangle 200x10 mm 80 km/h",0.0749,1.6666667,-35.033163,-0.81183975,4293.0904,1.1289439,69.350851
"triangle 200x10 mm 80 km/h",0.0751,1.6711111,-29.48462,-0.81380482,4297.3069,3.1950124,69.350992
"triangle 200x10 mm 80 km/h",0.0753,1.6755556,-23.944986,-0.81693296,4299.5474,5.1460299,69.351392
"triangle 200x10 mm 80 km/h",0.0755,1.68,-18.474049,-0.81624394,4299.2553,6.9242867,69.352035
"triangle 200x10 mm 80 km/h",0.0757,1.6844444,-13.308986,-0.81980751,4298.3736,8.4621339,69.352901
"triangle 200x10 mm 80 km/h",0.0759,1.6888889,-8.7038073,-0.82074535,4298.2968,9.7747114,69.353958
"triangle 200x10 mm 80 km/h",0.0761,1.6933333,-4.7612508,-0.81644596,4298.7005,10.907262,69.35518
"triangle 200x10 mm 80 km/h",0.0763,1.6977778,-1.391141,-0.80952251,4297.7068,11.859074,69.356544
"triangle 200x10 mm 80 km/h",0.0765,1.7022222,1.3655256,-0.7981241,4293.9626,12.616887,69.358026
"triangle 200x10 mm 80 km/h",0.0767,1.7066667,3.3632079,-0.78842392,4288.5319,13.126748,69.359603
"triangle 200x10 mm 80 km/h",0.0769,1.7111111,4.4058108,-0.78097803,4283.4352,13.366053,69.361244
"triangle 200x10 mm 80 km/h",0.0771,1.7155556,4.3993012,-0.78360804,4279.6982,13.376708,69.362915
"triangle 200x10 mm 80 km/h",0.0773,1.72,3.4897256,-0.78597068,4276.2745,13.201125,69.364587
"triangle 200x10 mm 80 km/h",0.0775,1.7244444,1.8738687,-0.79224421,4271.4464,12.838892,69.366237
"triangle 200x10 mm 80 km/h",0.0777,1.7288889,-0.35530182,-0.79263637,4264.7935,12.260328,69.367842
"triangle 200x10 mm 80 km/h",0.0779,1.7333333,-3.1743045,-0.78536035,4257.542,11.440415,69.369374
"triangle 200x10 mm 80 km/h",0.0781,1.7377778,-6.6031973,-0.78363393,4251.8504,10.373856,69.370804
"triangle 200x10 mm 80 km/h",0.0783,1.7422222,-10.618693,-0.77356912,4248.1759,9.1330026,69.372101
"triangle 200x10 mm 80 km/h",0.0785,1.7466667,-14.907763,-0.76947122,4244.8971,7.7449404,69.373243
"triangle 200x10 mm 80 km/h",0.0787,1.7511111,-19.26792,-0.7651102,4240.6235,6.2146653,69.374211
"triangle 200x10 mm 80 km/h",0.0789,1.7555556,-23.590921,-0.75903938,4234.9733,4.5349553,69.374988
"triangle 200x10 mm 80 km/h",0.0791,1.76,-27.942289,-0.75781687,4230.0765,2.6850864,69.375555
"triangle 200x10 mm 80 km/h",0.0793,1.7644444,-32.397167,-0.75468758,4227.5731,0.71597392,69.37589
"triangle 200x10 mm 80 km/h",0.0795,1.7688889,-36.821683,-0.74299882,4226.8671,-1.2814627,69.37598
"triangle 200x10 mm 80 km/h",0.0797,1.7733333,-40.938181,-0.72422724,4225.9385,-3.2689737,69.375819
"triangle 200x10 mm 80 km/h",0.0799,1.7777778,-44.671996,-0.7005918,4223.6384,-5.2310821,69.375411
"triangle 200x10 mm 80 km/h",0.0801,1.7822222,-48.091746,-0.67926743,4221.065,-7.1828,69.374757
"triangle 200x10 mm 80 km/h",0.0803,1.7866667,-51.320606,-0.65913546,4220.1062,-9.1116281,69.373859
"triangle 200x10 mm 80 km/h",0.0805,1.7911111,-54.41591,-0.64815974,4221.7061,-10.94952,69.37272
"triangle 200x10 mm 80 km/h",0.0807,1.7955556,-57.255592,-0.6408729,4224.7052,-12.624152,69.371351
"triangle 200x10 mm 80 km/h",0.0809,1.8,-59.693445,-0.63586163,4227.2283,-14.112612,69.369773
"triangle 200x10 mm 80 km/h",0.0811,1.8044444,-61.710257,-0.62557375,4228.6828,-15.428928,69.368009
"triangle 200x10 mm 80 km/h",0.0813,1.8088889,-63.380395,-0.60840534,4230.1109,-16.586399,69.366081
"triangle 200x10 mm 80 km/h",0.0815,1.8133333,-64.834183,-0.59684185,4233.4761,-17.582849,69.364007
"triangle 200x10 mm 80 km/h",0.0817,1.8177778,-66.161991,-0.57560905,4238.9648,-18.339001,69.36181
"triangle 200x10 mm 80 km/h",0.0819,1.8222222,-67.191768,-0.55891414,4244.9062,-18.836947,69.359517
"triangle 200x10 mm 80 km/h",0.0821,1.8266667,-67.844698,-0.54242486,4249.7623,-19.079928,69.357163
"triangle 200x10 mm 80 km/h",0.0823,1.8311111,-68.10005,-0.52360992,4252.9532,-19.095144,69.354778
"triangle 200x10 mm 80 km/h",0.0825,1.8355556,-68.102813,-0.51165919,4256.4366,-18.927572,69.352391
"triangle 200x10 mm 80 km/h",0.0827,1.84,-68.016512,-0.49774552,4261.7087,-18.553364,69.350025
"triangle 200x10 mm 80 km/h",0.0829,1.8444444,-67.780727,-0.47670519,4268.0026,-17.915187,69.347706
"triangle 200x10 mm 80 km/h",0.0831,1.8488889,-67.187182,-0.45396498,4273.2858,-17.021844,69.345466
"triangle 200x10 mm 80 km/h",0.0833,1.8533333,-66.217508,-0.43163651,4276.3036,-15.904533,69.343339
"triangle 200x10 mm 80 km/h",0.0835,1.8577778,-64.970592,-0.41568502,4278.0183,-14.631681,69.34135
"triangle 200x10 mm 80 km/h",0.0837,1.8622222,-63.602119,-0.40460235,4280.2198,-13.244579,69.339521
"triangle 200x10 mm 80 km/h",0.0839,1.8666667,-62.198191,-0.40269019,4283.7994,-11.729386,69.337866
"triangle 200x10 mm 80 km/h",0.0841,1.8711111,-60.660218,-0.40287036,4287.6383,-10.070857,69.3364
"triangle 200x10 mm 80 km/h",0.0843,1.8755556,-58.828484,-0.40337605,4289.7751,-8.2998755,69.335141
"triangle 200x10 mm 80 km/h",0.0845,1.88,-56.667981,-0.399361,4289.6342,-6.4849703,69.334103
"triangle 200x10 mm 80 km/h",0.0847,1.8844444,-54.236823,-0.38442814,4288.3476,-4.6912591,69.333293
"triangle 200x10 mm 80 km/h",0.0849,1.8888889,-51.668593,-0.37798159,4287.983,-2.9572236,69.332706
"triangle 200x10 mm 80 km/h",0.0851,1.8933333,-49.06398,-0.3667398,4288.8766,-1.2433067,69.332337
"triangle 200x10 mm 80 km/h",0.0853,1.8977778,-46.220834,-0.36279517,4289.2938,0.43538017,69.332181
"triangle 200x10 mm 80 km/h",0.0855,1.9022222,-43.07962,-0.3573665,4287.7826,2.0462417,69.332236
"triangle 200x10 mm 80 km/h",0.0857,1.9066667,-39.681859,-0.3505592,4284.1431,3.5302655,69.332492
"triangle 200x10 mm 80 km/h",0.0859,1.9111111,-36.215024,-0.34732451,4280.2507,4.8358956,69.332933
"triangle 200x10 mm 80 km/h",0.0861,1.9155556,-32.903544,-0.34229978,4277.6541,5.9773137,69.333537
"triangle 200x10 mm 80 km/h",0.0863,1.92,-29.767281,-0.33148343,4275.7727,7.0059316,69.334284
"triangle 200x10 mm 80 km/h",0.0865,1.9244444,-26.697727,-0.31778722,4272.8145,7.9195679,69.33516
"triangle 200x10 mm 80 km/h",0.0867,1.9288889,-23.782318,-0.30156977,4267.8247,8.6928388,69.33615
"triangle 200x10 mm 80 km/h",0.0869,1.9333333,-21.203489,-0.29083555,4261.8014,9.2809104,69.337237
"triangle 200x10 mm 80 km/h",0.0871,1.9377778,-19.19166,-0.28361632,4256.6554,9.6673044,69.338397
"triangle 200x10 mm 80 km/h",0.0873,1.9422222,-17.888715,-0.28351598,4253.4618,9.8822501,69.339605
"triangle 200x10 mm 80 km/h",0.0875,1.9466667,-17.233228,-0.28399458,4251.0893,9.9721602,69.340841
"triangle 200x10 mm 80 km/h",0.0877,1.9511111,-17.093576,-0.28557065,4247.7076,9.939284,69.342087
"triangle 200x10 mm 80 km/h",0.0879,1.9555556,-17.447531,-0.28374576,4242.8816,9.7495785,69.343329
"triangle 200x10 mm 80 km/h",0.0881,1.96,-18.344493,-0.27190813,4237.8528,9.3755918,69.344548
"triangle 200x10 mm 80 km/h",0.0883,1.9644444,-19.883252,-0.26645327,4234.7521,8.815491,69.34572
"triangle 200x10 mm 80 km/h",0.0885,1.9688889,-22.122198,-0.25595626,4233.9489,8.1473744,69.346822
"triangle 200x10 mm 80 km/h",0.0887,1.9733333,-24.786459,-0.25224235,4233.6729,7.3918963,69.34784
"triangle 200x10 mm 80 km/h",0.0889,1.9777778,-27.734989,-0.24678558,4232.4661,6.5519991,69.348764
"triangle 200x10 mm 80 km/h",0.0891,1.9822222,-30.918982,-0.24012331,4230.1376,5.6034652,69.349583
"triangle 200x10 mm 80 km/h",0.0893,1.9866667,-34.421711,-0.23687879,4228.5619,4.5278835,69.350284
"triangle 200x10 mm 80 km/h",0.0895,1.9911111,-38.345816,-0.2329337,4229.2533,3.3704927,69.35085
"triangle 200x10 mm 80 km/h",0.0897,1.9955556,-42.575226,-0.22237409,4231.6197,2.2082927,69.351271
"triangle 200x10 mm 80 km/h",0.0899,2,-46.847254,-0.20869577,4233.682,1.0686065,69.351547
"triangle 200x10 mm 80 km/h",0.0901,2.0044444,-51.09928,-0.19473286,4234.3746,-0.050626515,69.351681
"triangle 200x10 mm 80 km/h",0.0903,2.0088889,-55.368788,-0.18827334,4234.6142,-1.1746887,69.351674
"triangle 200x10 mm 80 km/h",0.0905,2.0133333,-59.743707,-0.1863097,4236.2108,-2.3022714,69.351528
"triangle 200x10 mm 80 km/h",0.0907,2.0177778,-64.240119,-0.18964403,4240.1059,-3.3845746,69.35124
"triangle 200x10 mm 80 km/h",0.0909,2.0222222,-68.685789,-0.19123036,4245.0099,-4.3593762,69.350817
"triangle 200x10 mm 80 km/h",0.0911,2.0266667,-72.860837,-0.19567699,4248.9267,-5.2126415,69.350272
"triangle 200x10 mm 80 km/h",0.0913,2.0311111,-76.671302,-0.19641013,4251.2686,-5.9730382,69.34962
"triangle 200x10 mm 80 km/h",0.0915,2.0355556,-80.121741,-0.18674367,4253.138,-6.6648725,69.348874
"triangle 200x10 mm 80 km/h",0.0917,2.04,-83.288159,-0.18245115,4256.5396,-7.2892481,69.348041
"triangle 200x10 mm 80 km/h",0.0919,2.0444444,-86.225688,-0.17160616,4261.7355,-7.7704565,69.347129
"triangle 200x10 mm 80 km/h",0.0921,2.0488889,-88.681295,-0.16605096,4266.8639,-8.0913775,69.346158
"triangle 200x10 mm 80 km/h",0.0923,2.0533333,-90.544748,-0.1566274,4270.3795,-8.2575896,69.345147
"triangle 200x10 mm 80 km/h",0.0925,2.0577778,-91.803787,-0.14405933,4272.0128,-8.3064156,69.344114
"triangle 200x10 mm 80 km/h",0.0927,2.0622222,-92.596786,-0.13905832,4273.5668,-8.2685393,69.343076
"triangle 200x10 mm 80 km/h",0.0929,2.0666667,-93.079388,-0.13245078,4276.5005,-8.1173145,69.342043
"triangle 200x10 mm 80 km/h",0.0931,2.0711111,-93.203302,-0.11723742,4280.1915,-7.7956728,69.341028
"triangle 200x10 mm 80 km/h",0.0933,2.0755556,-92.775805,-0.096829694,4282.6424,-7.300195,69.340053
"triangle 200x10 mm 80 km/h",0.0935,2.08,-91.796614,-0.073710899,4282.673,-6.6556927,69.339141
"triangle 200x10 mm 80 km/h",0.0937,2.0844444,-90.390677,-0.056170072,4281.3458,-5.9219639,69.338309
"triangle 200x10 mm 80 km/h",0.0939,2.0888889,-88.744895,-0.042012451,4280.5384,-5.1242883,69.337569
"triangle 200x10 mm 80 km/h",0.0941,2.0933333,-86.959255,-0.032178686,4281.2212,-4.2438343,69.336928
"triangle 200x10 mm 80 km/h",0.0943,2.0977778,-84.948652,-0.019997983,4282.1458,-3.2495668,69.336398
"triangle 200x10 mm 80 km/h",0.0945,2.1022222,-82.580055,-0.010061208,4281.3898,-2.1591002,69.335992
"triangle 200x10 mm 80 km/h",0.0947,2.1066667,-79.846245,0.004079356,4278.4723,-1.0319975,69.335722
"triangle 200x10 mm 80 km/h",0.0949,2.1111111,-76.834621,0.029125315,4274.6267,0.077650901,69.335593
"triangle 200x10 mm 80 km/h",0.0951,2.1155556,-73.714159,0.044523468,4271.9944,1.1448171,69.335602
"triangle 200x10 mm 80 km/h",0.0953,2.12,-70.616301,0.064646073,4270.9518,2.2192022,69.335745
"triangle 200x10 mm 80 km/h",0.0955,2.1244444,-67.359353,0.077949031,4269.7382,3.2941076,69.336023
"triangle 200x10 mm 80 km/h",0.0957,2.1288889,-63.899692,0.093751962,4266.9345,4.3431093,69.336435
"triangle 200x10 mm 80 km/h",0.0959,2.1333333,-60.289981,0.11100802,4262.409,5.3123159,69.336977
"triangle 200x10 mm 80 km/h",0.0961,2.1377778,-56.72869,0.12018337,4258.1526,6.1604226,69.337642
"triangle 200x10 mm 80 km/h",0.0963,2.1422222,-53.431374,0.13005607,4255.6716,6.9027485,69.338412
"triangle 200x10 mm 80 km/h",0.0965,2.1466667,-50.393366,0.14678888,4254.403,7.5887275,69.339274
"triangle 200x10 mm 80 km/h",0.0967,2.1511111,-47.471986,0.16865284,4252.449,8.2177001,69.340223
"triangle 200x10 mm 80 km/h",0.0969,2.1555556,-44.716484,0.19457248,4248.8151,8.7617132,69.34125
"triangle 200x10 mm 80 km/h",0.0971,2.16,-42.254667,0.21374155,4244.4557,9.1714505,69.342345
"triangle 200x10 mm 80 km/h",0.0973,2.1644444,-40.268261,0.22727496,4241.2171,9.4313854,69.343492
"triangle 200x10 mm 80 km/h",0.0975,2.1688889,-38.87127,0.2361126,4240.177,9.5675738,69.344671
"triangle 200x10 mm 80 km/h",0.0977,2.1733333,-37.982544,0.24762703,4240.1771,9.6249377,69.345867
"triangle 200x10 mm 80 km/h",0.0979,2.1777778,-37.454316,0.25723979,4239.3393,9.6047524,69.34707
"triangle 200x10 mm 80 km/h",0.0981,2.1822222,-37.252546,0.27151837,4237.1954,9.4682663,69.34827
"triangle 200x10 mm 80 km/h",0.0983,2.1866667,-37.451146,0.29521393,4235.2026,9.1750581,69.349454
"triangle 200x10 mm 80 km/h",0.0985,2.1911111,-38.150013,0.30749877,4235.1907,8.7364931,69.350601
"triangle 200x10 mm 80 km/h",0.0987,2.1955556,-39.398925,0.3241278,4237.3216,8.2253929,69.351693
"triangle 200x10 mm 80 km/h",0.0989,2.2,-40.962458,0.33404606,4239.7689,7.6573108,69.352721
"triangle 200x10 mm 80 km/h",0.0991,2.2044444,-42.744834,0.34691223,4241.0959,7.0294519,69.353678
"triangle 200x10 mm 80 km/h",0.0993,2.2088889,-44.735362,0.36187491,4241.1423,6.3125371,69.354557
"triangle 200x10 mm 80 km/h",0.0995,2.2133333,-47.064395,0.36929557,4241.9363,5.487016,69.355346
"triangle 200x10 mm 80 km/h",0.0997,2.2177778,-49.843878,0.37798047,4244.7377,4.5973754,69.356032
"triangle 200x10 mm 80 km/h",0.0999,2.2222222,-52.949628,0.39447269,4248.8054,3.7131056,69.356607
"triangle 200x10 mm 80 km/h",0.1001,2.2266667,-56.13101,0.41657874,4252.1611,2.8527422,69.357071
"triangle 200x10 mm 120 km/h",-0.015,-0.49666667,-77.777163,0.81312625,4570.2584,0.089707034,103.85373
"triangle 200x10 mm 120 km/h",-0.0148,-0.49,-77.504254,0.82346224,4569.5576,0.11419895,103.85374
"triangle 200x10 mm 120 km/h",-0.0146,-0.48333333,-77.504131,0.83311756,4569.0614,0.056395077,103.85376
"triangle 200x10 mm 120 km/h",-0.0144,-0.47666667,-77.824053,0.83665796,4569.7415,0.0013586658,103.85376
"triangle 200x10 mm 120 km/h",-0.0142,-0.47,-77.9285,0.83944406,4570.4229,0.030254788,103.85376
"triangle 200x10 mm 120 km/h",-0.014,-0.46333333,-77.829788,0.84049932,4569.9615,0.053885747,103.85377
"triangle 200x10 mm 120 km/h",-0.0138,-0.45666667,-78.087327,0.84070841,4569.8971,-0.016256905,103.85377
"triangle 200x10 mm 120 km/h",-0.0136,-0.45,-78.572314,0.83091827,4570.6432,-0.067795011,103.85377
"triangle 200x10 mm 120 km/h",-0.0134,-0.44333333,-78.787795,0.81913102,4570.826,-0.046345674,103.85376
"triangle 200x10 mm 120 km/h",-0.0132,-0.43666667,-78.887874,0.8084931,4569.7863,-0.050387273,103.85376
"triangle 200x10 mm 120 km/h",-0.013,-0.43,-79.376819,0.7968635,4569.5981,-0.13355574,103.85375
"triangle 200x10 mm 120 km/h",-0.0128,-0.42333333,-79.938527,0.78477173,4570.3453,-0.16352471,103.85373
"triangle 200x10 mm 120 km/h",-0.0126,-0.41666667,-80.116574,0.77545218,4570.4282,-0.13189974,103.85371
"triangle 200x10 mm 120 km/h",-0.0124,-0.41,-80.257426,0.76999716,4569.8209,-0.15076025,103.85369
"triangle 200x10 mm 120 km/h",-0.0122,-0.40333333,-80.659287,0.76343592,4570.0032,-0.21964378,103.85367
"triangle 200x10 mm 120 km/h",-0.012,-0.39666667,-80.914908,0.75470555,4570.6188,-0.2182786,103.85364
"triangle 200x10 mm 120 km/h",-0.0118,-0.39,-80.751092,0.75158895,4570.0995,-0.16841802,103.85362
"triangle 200x10 mm 120 km/h",-0.0116,-0.38333333,-80.677313,0.75406367,4569.1832,-0.19236481,103.8536
"triangle 200x10 mm 120 km/h",-0.0114,-0.37666667,-80.910898,0.74928559,4569.5329,-0.24852906,103.85357
"triangle 200x10 mm 120 km/h",-0.0112,-0.37,-80.954609,0.74512699,4570.0772,-0.22380981,103.85354
"triangle 200x10 mm 120 km/h",-0.011,-0.36333333,-80.685971,0.74227197,4569.3661,-0.17884369,103.85351
"triangle 200x10 mm 120 km/h",-0.0108,-0.35666667,-80.717806,0.74089702,4569.1608,-0.21893393,103.85349
"triangle 200x10 mm 120 km/h",-0.0106,-0.35,-80.958914,0.7364641,4569.9498,-0.2518642,103.85346
"triangle 200x10 mm 120 km/h",-0.0104,-0.34333333,-80.909358,0.73640308,4570.661,-0.21019036,103.85343
"triangle 200x10 mm 120 km/h",-0.0102,-0.33666667,-80.64324,0.74328909,4570.215,-0.18053308,103.85341
"triangle 200x10 mm 120 km/h",-0.01,-0.33,-80.66243,0.75173323,4570.1809,-0.23378594,103.85338
"triangle 200x10 mm 120 km/h",-0.0098,-0.32333333,-80.757368,0.75677655,4570.869,-0.25115747,103.85335
"triangle 200x10 mm 120 km/h",-0.0096,-0.31666667,-80.450543,0.76447574,4570.6956,-0.18980658,103.85332
"triangle 200x10 mm 120 km/h",-0.0094,-0.31,-80.061753,0.7746962,4569.676,-0.16144234,103.8533
"triangle 200x10 mm 120 km/h",-0.0092,-0.30333333,-80.046841,0.78081693,4569.6623,-0.18880158,103.85328
"triangle 200x10 mm 120 km/h",-0.009,-0.29666667,-80.031633,0.78354914,4570.3368,-0.14338081,103.85326
"triangle 200x10 mm 120 km/h",-0.0088,-0.29,-79.657049,0.78518053,4570.1935,-0.0413215,103.85324
"triangle 200x10 mm 120 km/h",-0.0086,-0.28333333,-79.374389,0.79029869,4569.5941,-0.0097413331,103.85324
"triangle 200x10 mm 120 km/h",-0.0084,-0.27666667,-79.460653,0.7937695,4570.0263,-0.025938016,103.85324
"triangle 200x10 mm 120 km/h",-0.0082,-0.27,-79.472256,0.79837445,4570.7836,0.032147277,103.85323
"triangle 200x10 mm 120 km/h",-0.008,-0.26333333,-79.162899,0.80595943,4570.2925,0.11960362,103.85324
"triangle 200x10 mm 120 km/h",-0.0078,-0.25666667,-79.077322,0.8166177,4569.6601,0.12631857,103.85326
"triangle 200x10 mm 120 km/h",-0.0076,-0.25,-79.342872,0.82090383,4570.3004,0.1220813,103.85327
"triangle 200x10 mm 120 km/h",-0.0074,-0.24333333,-79.418124,0.82801255,4571.0958,0.19520444,103.85329
"triangle 200x10 mm 120 km/h",-0.0072,-0.23666667,-79.246351,0.83608508,4570.7208,0.264712,103.85332
"triangle 200x10 mm 120 km/h",-0.007,-0.23,-79.345232,0.84810362,4570.545,0.24474555,103.85335
"triangle 200x10 mm 120 km/h",-0.0068,-0.22333333,-79.597747,0.85046303,4571.17,0.23537459,103.85338
"triangle 200x10 mm 120 km/h",-0.0066,-0.21666667,-79.513462,0.85342549,4571.2505,0.29989291,103.85341
"triangle 200x10 mm 120 km/h",-0.0064,-0.21,-79.216816,0.85969104,4569.9068,0.3453664,103.85345
"triangle 200x10 mm 120 km/h",-0.0062,-0.20333333,-79.244961,0.86316163,4569.219,0.30438913,103.85349
"triangle 200x10 mm 120 km/h",-0.006,-0.19666667,-79.379056,0.86231807,4569.5787,0.30441051,103.85353
"triangle 200x10 mm 120 km/h",-0.0058,-0.19,-79.150705,0.86149303,4569.2945,0.364836,103.85357
"triangle 200x10 mm 120 km/h",-0.0056,-0.18333333,-78.937219,0.86066695,4568.6459,0.36276344,103.85362
"triangle 200x10 mm 120 km/h",-0.0054,-0.17666667,-79.060689,0.85839897,4568.9808,0.29865463,103.85366
"triangle 200x10 mm 120 km/h",-0.0052,-0.17,-79.342676,0.85614087,4571.3746,0.24177851,103.8537
"triangle 200x10 mm 120 km/h",-0.005,-0.16333333,-80.955973,0.85868939,4582.9353,-0.035416986,103.85372
"triangle 200x10 mm 120 km/h",-0.0048,-0.15666667,-84.620685,0.86504794,4608.1451,-0.79392712,103.8537
"triangle 200x10 mm 120 km/h",-0.0046,-0.15,-90.675132,0.86319924,4654.8723,-2.4340198,103.85357
"triangle 200x10 mm 120 km/h",-0.0044,-0.14333333,-97.714146,0.85842702,4723.1875,-5.1434258,103.8532
"triangle 200x10 mm 120 km/h",-0.0042,-0.13666667,-103.67077,0.84807676,4807.063,-9.2119246,103.85245
"triangle 200x10 mm 120 km/h",-0.004,-0.13,-107.22885,0.82393069,4900.8875,-14.776966,103.85115
"triangle 200x10 mm 120 km/h",-0.0038,-0.12333333,-106.53361,0.79533517,5002.2657,-21.806189,103.8491
"triangle 200x10 mm 120 km/h",-0.0036,-0.11666667,-99.72621,0.76697485,5111.803,-30.430154,103.84613
"triangle 200x10 mm 120 km/h",-0.0034,-0.11,-86.041396,0.73935084,5229.1991,-40.486444,103.84204
"triangle 200x10 mm 120 km/h",-0.0032,-0.10333333,-62.013339,0.70430851,5347.6275,-51.77607,103.83664
"triangle 200x10 mm 120 km/h",-0.003,-0.096666667,-26.620663,0.67744873,5463.249,-63.750531,103.8298
"triangle 200x10 mm 120 km/h",-0.0028,-0.09,16.544083,0.66166954,5583.6354,-75.901144,103.82145
"triangle 200x10 mm 120 km/h",-0.0026,-0.083333333,64.297954,0.65180923,5715.4058,-88.009214,103.81158
"triangle 200x10 mm 120 km/h",-0.0024,-0.076666667,114.25377,0.6421351,5858.309,-99.757176,103.8002
"triangle 200x10 mm 120 km/h",-0.0022,-0.07,162.57026,0.63098318,6009.7783,-110.53483,103.78737
"triangle 200x10 mm 120 km/h",-0.002,-0.063333333,205.15536,0.62541246,6164.6289,-119.87402,103.77323
"triangle 200x10 mm 120 km/h",-0.0018,-0.056666667,237.98759,0.62747261,6317.9694,-127.66656,103.75797
"triangle 200x10 mm 120 km/h",-0.0016,-0.05,256.92495,0.62660259,6468.9338,-133.77094,103.74179
"triangle 200x10 mm 120 km/h",-0.0014,-0.043333333,259.34783,0.62661082,6617.0882,-137.85639,103.72491
"triangle 200x10 mm 120 km/h",-0.0012,-0.036666667,244.26292,0.6236392,6760.4017,-139.45376,103.70758
"triangle 200x10 mm 120 km/h",-0.001,-0.03,210.81738,0.62037248,6896.1914,-138.04141,103.69013
"triangle 200x10 mm 120 km/h",-0.0008,-0.023333333,158.29984,0.61298107,7024.3275,-133.2258,103.67297
"triangle 200x10 mm 120 km/h",-0.0006,-0.016666667,87.268709,0.59500786,7143.5131,-124.75254,103.65652
"triangle 200x10 mm 120 km/h",-0.0004,-0.01,-0.56392807,0.57217392,7249.1605,-112.47689,103.64124
"triangle 200x10 mm 120 km/h",-0.0002,-0.0033333333,-103.97358,0.53910753,7337.676,-96.22192,103.62763
"triangle 200x10 mm 120 km/h",-7.5569434e-15,0.0033333333,-222.30812,0.49923157,7410.8221,-75.910679,103.61617
"triangle 200x10 mm 120 km/h",0.0002,0.01,-353.99374,0.45080143,7471.7573,-51.76513,103.60737
"triangle 200x10 mm 120 km/h",0.0004,0.016666667,-496.60388,0.38956704,7519.7751,-24.217024,103.60171
"triangle 200x10 mm 120 km/h",0.0006,0.023333333,-647.98839,0.32363692,7554.6259,6.2435144,103.59959
"triangle 200x10 mm 120 km/h",0.0008,0.03,-806.13617,0.24427119,7579.9273,39.128861,103.60137
"triangle 200x10 mm 120 km/h",0.001,0.036666667,-968.20335,0.16061724,7599.4227,73.799136,103.60732
"triangle 200x10 mm 120 km/h",0.0012,0.043333333,-1130.6092,0.070991346,7609.7494,109.60469,103.61765
"triangle 200x10 mm 120 km/h",0.0014,0.05,-1290.0387,-0.027243867,7606.6748,145.891,103.63249
"triangle 200x10 mm 120 km/h",0.0016,0.056666667,-1442.967,-0.141745,7590.5573,181.99638,103.65187
"triangle 200x10 mm 120 km/h",0.0018,0.063333333,-1585.2225,-0.25799435,7560.7172,217.40566,103.67574
"triangle 200x10 mm 120 km/h",0.002,0.07,-1713.5181,-0.35744734,7516.2386,251.62013,103.70402
"triangle 200x10 mm 120 km/h",0.0022,0.076666667,-1824.795,-0.42754777,7451.6522,284.30739,103.73653
"triangle 200x10 mm 120 km/h",0.0024,0.083333333,-1914.6466,-0.45704764,7356.8566,314.93118,103.77307
"triangle 200x10 mm 120 km/h",0.0026,0.09,-1978.91,-0.44095436,7225.7912,342.47495,103.81336
"triangle 200x10 mm 120 km/h",0.0028,0.096666667,-2014.4712,-0.39818259,7054.9606,365.95887,103.85699
"triangle 200x10 mm 120 km/h",0.003,0.10333333,-2017.0825,-0.34863874,6843.6469,384.5431,103.90341
"triangle 200x10 mm 120 km/h",0.0032,0.11,-1981.6152,-0.30135466,6598.8447,397.41298,103.95198
"triangle 200x10 mm 120 km/h",0.0034,0.11666667,-1902.82,-0.26134909,6332.3656,403.91835,104.00198
"triangle 200x10 mm 120 km/h",0.0036,0.12333333,-1774.519,-0.23565084,6052.4455,403.52817,104.05258
"triangle 200x10 mm 120 km/h",0.0038,0.13,-1593.0084,-0.23087188,5767.119,396.14122,104.10291
"triangle 200x10 mm 120 km/h",0.004,0.13666667,-1359.0232,-0.23025357,5484.1637,382.04208,104.15211
"triangle 200x10 mm 120 km/h",0.0042,0.14333333,-1076.514,-0.22987216,5204.3242,361.62019,104.19933
"triangle 200x10 mm 120 km/h",0.0044,0.15,-753.16945,-0.23967947,4923.8321,335.34038,104.24381
"triangle 200x10 mm 120 km/h",0.0046,0.15666667,-401.74261,-0.25102796,4638.6883,304.03514,104.28484
"triangle 200x10 mm 120 km/h",0.0048,0.16333333,-38.062978,-0.26190937,4345.9686,268.60158,104.3218
"triangle 200x10 mm 120 km/h",0.005,0.17,321.57375,-0.27924036,4046.3217,229.96219,104.35422
"triangle 200x10 mm 120 km/h",0.0052,0.17666667,661.57813,-0.30315959,3744.5922,189.28294,104.38173
"triangle 200x10 mm 120 km/h",0.0054,0.18333333,968.94703,-0.33126304,3448.874,147.80645,104.4041
"triangle 200x10 mm 120 km/h",0.0056,0.19,1233.5297,-0.34182713,3168.5348,106.78241,104.42129
"triangle 200x10 mm 120 km/h",0.0058,0.19666667,1447.496,-0.34042392,2913.0432,67.465329,104.43337
"triangle 200x10 mm 120 km/h",0.006,0.20333333,1606.2706,-0.32742688,2689.3999,30.976505,104.44062
"triangle 200x10 mm 120 km/h",0.0062,0.21,1708.8337,-0.31359765,2502.9339,-1.8708943,104.4434
"triangle 200x10 mm 120 km/h",0.0064,0.21666667,1756.2731,-0.29334577,2359.4099,-30.481807,104.4422
"triangle 200x10 mm 120 km/h",0.0066,0.22333333,1750.8148,-0.26617195,2264.5789,-54.668631,104.43757
"triangle 200x10 mm 120 km/h",0.0068,0.23,1695.5202,-0.22849934,2220.6715,-74.589586,104.43005
"triangle 200x10 mm 120 km/h",0.007,0.23666667,1594.0859,-0.18930834,2227.9356,-90.630538,104.42016
"triangle 200x10 mm 120 km/h",0.0072,0.24333333,1449.9702,-0.1385745,2285.5912,-103.24952,104.40838
"triangle 200x10 mm 120 km/h",0.0074,0.25,1266.5623,-0.082469371,2392.635,-113.19875,104.39512
"triangle 200x10 mm 120 km/h",0.0076,0.25666667,1047.7602,-0.030975454,2547.1906,-121.19804,104.38069
"triangle 200x10 mm 120 km/h",0.0078,0.26333333,798.79006,0.018175799,2744.7066,-127.63336,104.36532
"triangle 200x10 mm 120 km/h",0.008,0.27,526.36658,0.064614247,2978.6455,-132.87414,104.34918
"triangle 200x10 mm 120 km/h",0.0082,0.27666667,238.51361,0.10140235,3243.7861,-137.30937,104.33241
"triangle 200x10 mm 120 km/h",0.0084,0.28333333,-54.809429,0.11951165,3533.1173,-140.98346,104.31512
"triangle 200x10 mm 120 km/h",0.0086,0.29,-342.49302,0.12461382,3837.1432,-143.80297,104.29739
"triangle 200x10 mm 120 km/h",0.0088,0.29666667,-613.24964,0.12587377,4146.6682,-145.88568,104.27933
"triangle 200x10 mm 120 km/h",0.009,0.30333333,-856.60369,0.11944689,4456.5139,-147.38815,104.26104
"triangle 200x10 mm 120 km/h",0.0092,0.31,-1063.1345,0.10383727,4760.238,-148.33379,104.24257
"triangle 200x10 mm 120 km/h",0.0094,0.31666667,-1225.5485,0.085422675,5050.6174,-148.93048,104.224
"triangle 200x10 mm 120 km/h",0.0096,0.32333333,-1339.8201,0.067656904,5324.8344,-149.46768,104.20536
"triangle 200x10 mm 120 km/h",0.0098,0.33,-1404.6926,0.042665094,5582.3814,-150.02212,104.18666
"triangle 200x10 mm 120 km/h",0.01,0.33666667,-1421.1423,0.021806111,5819.9031,-150.54953,104.16788
"triangle 200x10 mm 120 km/h",0.0102,0.34333333,-1392.9663,0.010787774,6034.4583,-151.02087,104.14904
"triangle 200x10 mm 120 km/h",0.0104,0.35,-1325.8541,-0.003624798,6227.0015,-151.37858,104.13015
"triangle 200x10 mm 120 km/h",0.0106,0.35666667,-1225.4412,-0.022390862,6395.3181,-151.49771,104.11121
"triangle 200x10 mm 120 km/h",0.0108,0.36333333,-1097.8584,-0.033861345,6534.211,-151.36807,104.09227
"triangle 200x10 mm 120 km/h",0.011,0.37,-950.00896,-0.037784461,6641.2366,-150.99333,104.07335
"triangle 200x10 mm 120 km/h",0.0112,0.37666667,-787.40192,-0.038219191,6713.8837,-150.22001,104.05449
"triangle 200x10 mm 120 km/h",0.0114,0.38333333,-614.05791,-0.032935869,6746.1119,-148.87691,104.03574
"triangle 200x10 mm 120 km/h",0.0116,0.39,-434.22613,-0.015785328,6732.7056,-146.80241,104.01718
"triangle 200x10 mm 120 km/h",0.0118,0.39666667,-251.50206,0.0059925089,6673.1294,-143.74688,103.9989
"triangle 200x10 mm 120 km/h",0.012,0.40333333,-67.750813,0.031668831,6566.9202,-139.33241,103.98104
"triangle 200x10 mm 120 km/h",0.0122,0.41,115.38167,0.070439903,6412.9606,-133.32666,103.96378
"triangle 200x10 mm 120 km/h",0.0124,0.41666667,295.57829,0.12422885,6214.332,-125.66061,103.94733
"triangle 200x10 mm 120 km/h",0.0126,0.42333333,470.90987,0.18553674,5979.0337,-116.37219,103.93188
"triangle 200x10 mm 120 km/h",0.0128,0.43,639.71771,0.24972257,5714.7046,-105.52312,103.91764
"triangle 200x10 mm 120 km/h",0.013,0.43666667,799.84042,0.31702615,5427.8644,-93.371107,103.90481
"triangle 200x10 mm 120 km/h",0.0132,0.44333333,948.45812,0.38771096,5127.194,-80.315464,103.89353
"triangle 200x10 mm 120 km/h",0.0134,0.45,1082.8295,0.45582567,4823.426,-66.76913,103.88391
"triangle 200x10 mm 120 km/h",0.0136,0.45666667,1200.4239,0.51557205,4524.8749,-53.040119,103.87599
"triangle 200x10 mm 120 km/h",0.0138,0.46333333,1298.7823,0.56444525,4236.0156,-39.478944,103.86979
"triangle 200x10 mm 120 km/h",0.014,0.47,1375.3131,0.60475506,3961.6549,-26.494506,103.86527
"triangle 200x10 mm 120 km/h",0.0142,0.47666667,1428.0444,0.64074391,3707.7006,-14.423234,103.86235
"triangle 200x10 mm 120 km/h",0.0144,0.48333333,1455.8354,0.67556553,3476.9829,-3.4136001,103.86091
"triangle 200x10 mm 120 km/h",0.0146,0.49,1457.8834,0.71001705,3269.6166,6.3958273,103.86081
"triangle 200x10 mm 120 km/h",0.0148,0.49666667,1433.5597,0.73827732,3086.9685,14.857299,103.86189
"triangle 200x10 mm 120 km/h",0.015,0.50333333,1383.1916,0.75032331,2932.4361,21.949239,103.86399
"triangle 200x10 mm 120 km/h",0.0152,0.51,1308.2049,0.74859161,2807.332,27.865825,103.86694
"triangle 200x10 mm 120 km/h",0.0154,0.51666667,1210.4459,0.73498438,2711.1209,32.750552,103.87059
"triangle 200x10 mm 120 km/h",0.0156,0.52333333,1091.7426,0.71401252,2646.2839,36.618524,103.87482
"triangle 200x10 mm 120 km/h",0.0158,0.53,955.01531,0.68362925,2616.4384,39.590586,103.87951
"triangle 200x10 mm 120 km/h",0.016,0.53666667,804.15339,0.64887238,2622.7481,41.852813,103.88454
"triangle 200x10 mm 120 km/h",0.0162,0.54333333,642.70566,0.61430024,2665.5181,43.368485,103.88983
"triangle 200x10 mm 120 km/h",0.0164,0.55,473.73275,0.58488753,2747.0708,44.004234,103.89529
"triangle 200x10 mm 120 km/h",0.0166,0.55666667,301.38459,0.55634227,2867.8801,43.773173,103.9008
"triangle 200x10 mm 120 km/h",0.0168,0.56333333,130.09711,0.5326111,3025.4435,42.611928,103.90625
"triangle 200x10 mm 120 km/h",0.017,0.57,-36.739583,0.51433713,3216.1975,40.231941,103.91152
"triangle 200x10 mm 120 km/h",0.0172,0.57666667,-196.20824,0.49750021,3437.203,36.387414,103.91646
"triangle 200x10 mm 120 km/h",0.0174,0.58333333,-344.36429,0.47546429,3682.2576,31.003049,103.92086
"triangle 200x10 mm 120 km/h",0.0176,0.59,-477.58693,0.45625395,3943.269,23.924983,103.92455
"triangle 200x10 mm 120 km/h",0.0178,0.59666667,-593.67378,0.43857694,4213.6741,14.912601,103.92729
"triangle 200x10 mm 120 km/h",0.018,0.60333333,-690.43193,0.41140601,4487.8079,3.9438053,103.92884
"triangle 200x10 mm 120 km/h",0.0182,0.61,-764.99337,0.37138939,4758.7068,-8.7710252,103.92896
"triangle 200x10 mm 120 km/h",0.0184,0.61666667,-815.37595,0.32729422,5019.1954,-23.043686,103.92744
"triangle 200x10 mm 120 km/h",0.0186,0.62333333,-841.07338,0.28395955,5265.0383,-38.682668,103.92409
"triangle 200x10 mm 120 km/h",0.0188,0.63,-841.6093,0.24261722,5493.1105,-55.229698,103.91875
"triangle 200x10 mm 120 km/h",0.019,0.63666667,-816.4784,0.20530735,5698.7483,-72.136577,103.91132
"triangle 200x10 mm 120 km/h",0.0192,0.64333333,-766.81205,0.17591703,5877.762,-88.985571,103.90177
"triangle 200x10 mm 120 km/h",0.0194,0.65,-695.38543,0.15707099,6029.0504,-105.38169,103.89012
"triangle 200x10 mm 120 km/h",0.0196,0.65666667,-605.01774,0.14294263,6151.2512,-120.79824,103.87644
"triangle 200x10 mm 120 km/h",0.0198,0.66333333,-498.99596,0.13965064,6241.6464,-134.77645,103.86088
"triangle 200x10 mm 120 km/h",0.02,0.67,-381.99602,0.14877123,6298.0607,-147.00484,103.84361
"triangle 200x10 mm 120 km/h",0.0202,0.67666667,-259.34257,0.16245968,6321.7611,-157.20804,103.82488
"triangle 200x10 mm 120 km/h",0.0204,0.68333333,-135.58709,0.18105783,6313.4272,-165.00749,103.80494
"triangle 200x10 mm 120 km/h",0.0206,0.69,-14.574967,0.20222864,6270.8834,-170.1844,103.7841
"triangle 200x10 mm 120 km/h",0.0208,0.69666667,99.691715,0.22967053,6193.1244,-172.67988,103.76271
"triangle 200x10 mm 120 km/h",0.021,0.70333333,203.55362,0.25422644,6083.8545,-172.47097,103.74108
"triangle 200x10 mm 120 km/h",0.0212,0.71,294.59735,0.27920521,5946.3974,-169.47517,103.71956
"triangle 200x10 mm 120 km/h",0.0214,0.71666667,371.56578,0.30257162,5781.0783,-163.76789,103.69851
"triangle 200x10 mm 120 km/h",0.0216,0.72333333,433.28077,0.32639894,5589.9944,-155.53092,103.67825
"triangle 200x10 mm 120 km/h",0.0218,0.73,478.85507,0.33930383,5380.0146,-144.90301,103.6591
"triangle 200x10 mm 120 km/h",0.022,0.73666667,508.54257,0.34329222,5155.8519,-131.9158,103.64135
"triangle 200x10 mm 120 km/h",0.0222,0.74333333,523.27984,0.34063232,4919.291,-116.76601,103.6253
"triangle 200x10 mm 120 km/h",0.0224,0.75,523.41154,0.33208292,4674.56,-99.732651,103.61121
"triangle 200x10 mm 120 km/h",0.0226,0.75666667,509.01137,0.3144911,4429.98,-81.027077,103.5993
"triangle 200x10 mm 120 km/h",0.0228,0.76333333,480.79872,0.29608319,4190.7623,-60.786713,103.58978
"triangle 200x10 mm 120 km/h",0.023,0.77,439.34841,0.2769024,3960.1118,-39.320781,103.58283
"triangle 200x10 mm 120 km/h",0.0232,0.77666667,384.45916,0.25795267,3744.7961,-17.032439,103.5786
"triangle 200x10 mm 120 km/h",0.0234,0.78333333,316.51418,0.23065229,3552.6667,5.8146971,103.57718
"triangle 200x10 mm 120 km/h",0.0236,0.79,237.20054,0.20296458,3387.634,28.940683,103.57862
"triangle 200x10 mm 120 km/h",0.0238,0.79666667,148.21847,0.17414859,3253.098,51.825386,103.58297
"triangle 200x10 mm 120 km/h",0.024,0.80333333,51.644867,0.14733189,3153.4171,73.950222,103.59015
"triangle 200x10 mm 120 km/h",0.0242,0.81,-48.624247,0.11935939,3089.0737,94.949569,103.60007
"triangle 200x10 mm 120 km/h",0.0244,0.81666667,-148.23976,0.09525404,3058.2175,114.33866,103.61258
"triangle 200x10 mm 120 km/h",0.0246,0.82333333,-243.77088,0.074912415,3059.4367,131.49927,103.62745
"triangle 200x10 mm 120 km/h",0.0248,0.83,-331.41164,0.056390906,3089.3166,145.99396,103.64439
"triangle 200x10 mm 120 km/h",0.025,0.83666667,-407.14385,0.04091832,3144.6272,157.51779,103.66305
"triangle 200x10 mm 120 km/h",0.0252,0.84333333,-468.36876,0.032864595,3224.2141,165.74287,103.68306
"triangle 200x10 mm 120 km/h",0.0254,0.85,-513.6785,0.034684265,3327.4694,170.42629,103.70399
"triangle 200x10 mm 120 km/h",0.0256,0.85666667,-541.18718,0.039995957,3452.5539,171.51986,103.72539
"triangle 200x10 mm 120 km/h",0.0258,0.86333333,-549.42521,0.055013694,3598.4308,169.13242,103.74681
"triangle 200x10 mm 120 km/h",0.026,0.87,-538.34975,0.08058911,3764.1857,163.32338,103.76783
"triangle 200x10 mm 120 km/h",0.0262,0.87666667,-508.98689,0.1155688,3947.131,154.22651,103.78802
"triangle 200x10 mm 120 km/h",0.0264,0.88333333,-462.60309,0.15411853,4142.9287,142.18183,103.80697
"triangle 200x10 mm 120 km/h",0.0266,0.89,-401.34998,0.19619254,4346.3433,127.65237,103.82433
"triangle 200x10 mm 120 km/h",0.0268,0.89666667,-328.63504,0.2431672,4551.4846,111.00539,103.8398
"triangle 200x10 mm 120 km/h",0.027,0.90333333,-248.64978,0.29439605,4753.1792,92.629426,103.85313
"triangle 200x10 mm 120 km/h",0.0272,0.91,-165.03039,0.34795204,4945.1509,73.106431,103.86411
"triangle 200x10 mm 120 km/h",0.0274,0.91666667,-81.135255,0.40999856,5119.8721,53.037435,103.87263
"triangle 200x10 mm 120 km/h",0.0276,0.92333333,-0.75308474,0.47867873,5270.5019,32.900393,103.87863
"triangle 200x10 mm 120 km/h",0.0278,0.93,72.15738,0.5473375,5395.4143,13.172296,103.88212
"triangle 200x10 mm 120 km/h",0.028,0.93666667,134.4103,0.61024877,5497.3306,-5.5853097,103.88316
"triangle 200x10 mm 120 km/h",0.0282,0.94333333,184.07029,0.67277221,5577.7265,-22.905198,103.88189
"triangle 200x10 mm 120 km/h",0.0284,0.95,219.92222,0.73482087,5636.6807,-38.481157,103.87851
"triangle 200x10 mm 120 km/h",0.0286,0.95666667,241.12854,0.79126577,5677.4161,-52.048765,103.87325
"triangle 200x10 mm 120 km/h",0.0288,0.96333333,247.54375,0.8420724,5703.0273,-63.301138,103.86635
"triangle 200x10 mm 120 km/h",0.029,0.97,239.90582,0.8857245,5710.5835,-72.085489,103.85812
"triangle 200x10 mm 120 km/h",0.0292,0.97666667,218.71243,0.92581271,5696.2664,-78.457078,103.84887
"triangle 200x10 mm 120 km/h",0.0294,0.98333333,183.9052,0.9526555,5660.3892,-82.463775,103.8389
"triangle 200x10 mm 120 km/h",0.0296,0.99,135.7057,0.97237639,5603.8031,-84.125842,103.8285
"triangle 200x10 mm 120 km/h",0.0298,0.99666667,75.276333,0.9880586,5525.3503,-83.696988,103.81796
"triangle 200x10 mm 120 km/h",0.03,1.0033333,3.7923934,1.0012506,5427.7202,-81.568426,103.80754
"triangle 200x10 mm 120 km/h",0.0302,1.01,-77.029049,1.0022715,5316.8968,-77.9328,103.79743
"triangle 200x10 mm 120 km/h",0.0304,1.0166667,-163.5036,1.0031136,5195.8711,-72.934748,103.78782
"triangle 200x10 mm 120 km/h",0.0306,1.0233333,-251.21733,1.0062867,5066.4983,-66.935301,103.77888
"triangle 200x10 mm 120 km/h",0.0308,1.03,-336.13608,1.0053343,4934.2913,-60.298885,103.77071
"triangle 200x10 mm 120 km/h",0.031,1.0366667,-413.26147,1.0019398,4801.9322,-53.106577,103.76339
"triangle 200x10 mm 120 km/h",0.0312,1.0433333,-477.3899,1.000531,4668.9206,-45.560009,103.75698
"triangle 200x10 mm 120 km/h",0.0314,1.05,-525.65875,1.0018092,4537.6529,-38.041119,103.75152
"triangle 200x10 mm 120 km/h",0.0316,1.0566667,-556.41556,0.99819976,4410.0495,-30.702533,103.747
"triangle 200x10 mm 120 km/h",0.0318,1.0633333,-568.6681,0.9950076,4287.6332,-23.619156,103.74338
"triangle 200x10 mm 120 km/h",0.032,1.07,-563.56351,0.99036481,4172.9408,-16.95361,103.74065
"triangle 200x10 mm 120 km/h",0.0322,1.0766667,-544.07605,0.99018561,4069.2417,-10.820292,103.73873
"triangle 200x10 mm 120 km/h",0.0324,1.0833333,-512.88119,0.98414154,3977.612,-5.1710239,103.73756
"triangle 200x10 mm 120 km/h",0.0326,1.09,-472.94176,0.97817593,3899.0249,0.15789373,103.73708
"triangle 200x10 mm 120 km/h",0.0328,1.0966667,-427.94078,0.97408482,3835.65,5.2462829,103.73726
"triangle 200x10 mm 120 km/h",0.033,1.1033333,-381.17499,0.97168082,3788.3205,10.214049,103.73808
"triangle 200x10 mm 120 km/h",0.0332,1.11,-334.62593,0.96167162,3757.2657,15.263638,103.73951
"triangle 200x10 mm 120 km/h",0.0334,1.1166667,-289.54714,0.95009797,3742.1261,20.615733,103.74158
"triangle 200x10 mm 120 km/h",0.0336,1.1233333,-246.81041,0.93772801,3741.9847,26.262461,103.74433
"triangle 200x10 mm 120 km/h",0.0338,1.13,-207.09539,0.92573945,3755.9621,32.139095,103.74779
"triangle 200x10 mm 120 km/h",0.034,1.1366667,-170.37069,0.91082118,3783.1145,38.287242,103.752
"triangle 200x10 mm 120 km/h",0.0342,1.1433333,-136.09368,0.90067942,3820.9318,44.696859,103.75698
"triangle 200x10 mm 120 km/h",0.0344,1.15,-104.18413,0.89854908,3867.3361,51.126895,103.76277
"triangle 200x10 mm 120 km/h",0.0346,1.1566667,-75.146805,0.90499582,3923.3351,57.310627,103.76937
"triangle 200x10 mm 120 km/h",0.0348,1.1633333,-48.995639,0.90900709,3989.8543,63.150187,103.77672
"triangle 200x10 mm 120 km/h",0.035,1.17,-25.307044,0.91785839,4065.4296,68.521995,103.78479
"triangle 200x10 mm 120 km/h",0.0352,1.1766667,-4.0942889,0.92796316,4148.127,73.162224,103.79352
"triangle 200x10 mm 120 km/h",0.0354,1.1833333,14.31663,0.93450462,4238.9992,76.811714,103.8028
"triangle 200x10 mm 120 km/h",0.0356,1.19,30.039414,0.93803747,4338.9431,79.416567,103.8125
"triangle 200x10 mm 120 km/h",0.0358,1.1966667,43.855215,0.94729103,4444.4132,80.892655,103.82249
"triangle 200x10 mm 120 km/h",0.036,1.2033333,56.17745,0.95818149,4551.3402,81.019482,103.83263
"triangle 200x10 mm 120 km/h",0.0362,1.21,66.88119,0.96345144,4659.2304,79.676607,103.84274
"triangle 200x10 mm 120 km/h",0.0364,1.2166667,76.399712,0.95920378,4765.3047,77.005972,103.85264
"triangle 200x10 mm 120 km/h",0.0366,1.2233333,85.330251,0.95399471,4864.7065,73.050709,103.86217
"triangle 200x10 mm 120 km/h",0.0368,1.23,93.252892,0.95173544,4954.9476,67.806937,103.87116
"triangle 200x10 mm 120 km/h",0.037,1.2366667,99.524234,0.94184173,5036.2086,61.497196,103.87945
"triangle 200x10 mm 120 km/h",0.0372,1.2433333,104.39026,0.93083579,5106.1143,54.422659,103.88693
"triangle 200x10 mm 120 km/h",0.0374,1.25,107.78308,0.9168716,5161.3637,46.70961,103.8935
"triangle 200x10 mm 120 km/h",0.0376,1.2566667,108.39228,0.90376866,5203.5312,38.474322,103.89909
"triangle 200x10 mm 120 km/h",0.0378,1.2633333,105.56282,0.88284456,5234.0365,30.028186,103.90364
"triangle 200x10 mm 120 km/h",0.038,1.27,99.457178,0.86168563,5251.8575,21.585363,103.90713
"triangle 200x10 mm 120 km/h",0.0382,1.2766667,89.477404,0.84261024,5256.4677,13.212735,103.90957
"triangle 200x10 mm 120 km/h",0.0384,1.2833333,74.496249,0.82304951,5250.8273,5.014081,103.91096
"triangle 200x10 mm 120 km/h",0.0386,1.29,54.603983,0.80067062,5235.3384,-2.7499578,103.91134
"triangle 200x10 mm 120 km/h",0.0388,1.2966667,30.282422,0.7815568,5208.36,-9.9771431,103.91076
"triangle 200x10 mm 120 km/h",0.039,1.3033333,1.1485674,0.77219875,5170.5417,-16.686709,103.90929
"triangle 200x10 mm 120 km/h",0.0392,1.31,-32.832001,0.76303552,5123.7932,-22.791647,103.907
"triangle 200x10 mm 120 km/h",0.0394,1.3166667,-70.652782,0.75510408,5067.8711,-28.117946,103.90397
"triangle 200x10 mm 120 km/h",0.0396,1.3233333,-111.33917,0.75146931,5002.0375,-32.651475,103.90031
"triangle 200x10 mm 120 km/h",0.0398,1.33,-154.50473,0.75229012,4928.4484,-36.486624,103.89609
"triangle 200x10 mm 120 km/h",0.04,1.3366667,-198.93273,0.747027,4848.8745,-39.564202,103.89142
"triangle 200x10 mm 120 km/h",0.0402,1.3433333,-242.80519,0.74460003,4763.6662,-41.789624,103.88639
"triangle 200x10 mm 120 km/h",0.0404,1.35,-284.74152,0.74776002,4673.9637,-43.243954,103.88111
"triangle 200x10 mm 120 km/h",0.0406,1.3566667,-323.77481,0.75675078,4583.1177,-44.047437,103.87567
"triangle 200x10 mm 120 km/h",0.0408,1.3633333,-358.3802,0.76438832,4493.398,-44.13342,103.87015
"triangle 200x10 mm 120 km/h",0.041,1.37,-386.9491,0.77779952,4405.5404,-43.430111,103.86464
"triangle 200x10 mm 120 km/h",0.0412,1.3766667,-408.66387,0.79636933,4320.9624,-42.064216,103.85924
"triangle 200x10 mm 120 km/h",0.0414,1.3833333,-423.34228,0.81927805,4243.4643,-40.188417,103.85403
"triangle 200x10 mm 120 km/h",0.0416,1.39,-430.50355,0.83826639,4174.9527,-37.745218,103.84907
"triangle 200x10 mm 120 km/h",0.0418,1.3966667,-429.7774,0.8628381,4115.2084,-34.736311,103.84444
"triangle 200x10 mm 120 km/h",0.042,1.4033333,-421.80038,0.8930995,4065.2167,-31.346337,103.8402
"triangle 200x10 mm 120 km/h",0.0422,1.41,-407.58374,0.92217893,4027.2703,-27.692129,103.83639
"triangle 200x10 mm 120 km/h",0.0424,1.4166667,-387.6017,0.95266003,4001.3959,-23.710907,103.83305
"triangle 200x10 mm 120 km/h",0.0426,1.4233333,-362.40338,0.98572535,3986.375,-19.465535,103.83021
"triangle 200x10 mm 120 km/h",0.0428,1.43,-333.21355,1.0214748,3981.9315,-15.118006,103.82791
"triangle 200x10 mm 120 km/h",0.043,1.4366667,-301.14063,1.0470912,3989.1817,-10.707275,103.82616
"triangle 200x10 mm 120 km/h",0.0432,1.4433333,-266.54622,1.0629384,4007.4672,-6.141647,103.82496
"triangle 200x10 mm 120 km/h",0.0434,1.45,-229.65709,1.0786329,4034.4333,-1.4806822,103.82434
"triangle 200x10 mm 120 km/h",0.0436,1.4566667,-191.37668,1.0949409,4069.8988,3.1087052,103.8243
"triangle 200x10 mm 120 km/h",0.0438,1.4633333,-152.28659,1.1013472,4114.6127,7.6138784,103.82483
"triangle 200x10 mm 120 km/h",0.044,1.47,-112.26547,1.1052606,4166.7724,12.088778,103.82592
"triangle 200x10 mm 120 km/h",0.0442,1.4766667,-71.536845,1.1085479,4223.7087,16.415424,103.82757
"triangle 200x10 mm 120 km/h",0.0444,1.4833333,-31.19442,1.1090936,4285.7976,20.426264,103.82975
"triangle 200x10 mm 120 km/h",0.0446,1.49,8.116106,1.1011256,4353.0201,24.149639,103.83243
"triangle 200x10 mm 120 km/h",0.0448,1.4966667,46.26412,1.0889818,4423.0047,27.602823,103.83556
"triangle 200x10 mm 120 km/h",0.045,1.5033333,82.455079,1.0748039,4493.4222,30.637336,103.83911
"triangle 200x10 mm 120 km/h",0.0452,1.51,115.27295,1.0584982,4564.9019,33.139484,103.84303
"triangle 200x10 mm 120 km/h",0.0454,1.5166667,144.11925,1.0345867,4636.9541,35.180534,103.84725
"triangle 200x10 mm 120 km/h",0.0456,1.5233333,168.83332,1.0090904,4706.7733,36.771749,103.8517
"triangle 200x10 mm 120 km/h",0.0458,1.53,188.64988,0.98400922,4772.327,37.796687,103.85634
"triangle 200x10 mm 120 km/h",0.046,1.5366667,202.64691,0.95662657,4834.7047,38.196384,103.86109
"triangle 200x10 mm 120 km/h",0.0462,1.5433333,210.93098,0.92694779,4892.7897,38.093302,103.86587
"triangle 200x10 mm 120 km/h",0.0464,1.55,213.91779,0.89807016,4943.4513,37.492488,103.87062
"triangle 200x10 mm 120 km/h",0.0466,1.5566667,211.28221,0.87385526,4985.7806,36.298818,103.87528
"triangle 200x10 mm 120 km/h",0.0468,1.5633333,202.97572,0.84556575,5020.5247,34.564237,103.87977
"triangle 200x10 mm 120 km/h",0.047,1.57,189.86743,0.81664963,5045.949,32.440436,103.88403
"triangle 200x10 mm 120 km/h",0.0472,1.5766667,172.60795,0.79037065,5059.9693,29.924115,103.88802
"triangle 200x10 mm 120 km/h",0.0474,1.5833333,151.02928,0.76420629,5064.0866,26.95245,103.89167
"triangle 200x10 mm 120 km/h",0.0476,1.59,125.55327,0.73162015,5059.6859,23.657938,103.89494
"triangle 200x10 mm 120 km/h",0.0478,1.5966667,97.281513,0.70049036,5045.8381,20.175439,103.8978
"triangle 200x10 mm 120 km/h",0.048,1.6033333,66.769061,0.67103023,5022.0445,16.463001,103.90021
"triangle 200x10 mm 120 km/h",0.0482,1.61,34.044713,0.64087247,4990.839,12.482717,103.90214
"triangle 200x10 mm 120 km/h",0.0484,1.6166667,-0.098949458,0.6091677,4953.4664,8.3876347,103.90358
"triangle 200x10 mm 120 km/h",0.0486,1.6233333,-34.554177,0.58481492,4909.2975,4.273435,103.9045
"triangle 200x10 mm 120 km/h",0.0488,1.63,-68.988745,0.5676581,4859.3164,0.071369321,103.9049
"triangle 200x10 mm 120 km/h",0.049,1.6366667,-103.24584,0.55138417,4806.3112,-4.1978693,103.90478
"triangle 200x10 mm 120 km/h",0.0492,1.6433333,-136.43059,0.53570817,4750.8924,-8.3373082,103.90412
"triangle 200x10 mm 120 km/h",0.0494,1.65,-167.67757,0.52002884,4692.5827,-12.298834,103.90295
"triangle 200x10 mm 120 km/h",0.0496,1.6566667,-196.93773,0.5053647,4632.6336,-16.140488,103.90129
"triangle 200x10 mm 120 km/h",0.0498,1.6633333,-224.05462,0.48499597,4573.4017,-19.788667,103.89916
"triangle 200x10 mm 120 km/h",0.05,1.67,-248.22345,0.46490712,4515.1581,-23.072024,103.89657
"triangle 200x10 mm 120 km/h",0.0502,1.6766667,-268.86445,0.44974719,4457.6114,-25.990833,103.89359
"triangle 200x10 mm 120 km/h",0.0504,1.6833333,-286.13466,0.44137197,4402.8355,-28.629419,103.89026
"triangle 200x10 mm 120 km/h",0.0506,1.69,-299.7278,0.42666143,4352.4375,-30.889684,103.8866
"triangle 200x10 mm 120 km/h",0.0508,1.6966667,-308.87659,0.41597818,4306.2727,-32.649357,103.88267
"triangle 200x10 mm 120 km/h",0.051,1.7033333,-313.26297,0.40838138,4264.0602,-33.967954,103.87854
"triangle 200x10 mm 120 km/h",0.0512,1.71,-313.18308,0.40089501,4227.8101,-34.930935,103.87426
"triangle 200x10 mm 120 km/h",0.0514,1.7166667,-308.44542,0.38570308,4198.9205,-35.450489,103.86987
"triangle 200x10 mm 120 km/h",0.0516,1.7233333,-298.59856,0.37087065,4176.7862,-35.452322,103.86543
"triangle 200x10 mm 120 km/h",0.0518,1.73,-283.93009,0.35625697,4161.0723,-35.036156,103.861
"triangle 200x10 mm 120 km/h",0.052,1.7366667,-265.27668,0.33994269,4153.884,-34.288573,103.85664
"triangle 200x10 mm 120 km/h",0.0522,1.7433333,-242.90875,0.32078616,4155.7394,-33.110769,103.85238
"triangle 200x10 mm 120 km/h",0.0524,1.75,-216.98902,0.30241399,4165.0101,-31.47835,103.84829
"triangle 200x10 mm 120 km/h",0.0526,1.7566667,-188.50687,0.28573519,4180.9514,-29.517388,103.84441
"triangle 200x10 mm 120 km/h",0.0528,1.7633333,-158.80031,0.26769882,4205.3472,-27.291684,103.84078
"triangle 200x10 mm 120 km/h",0.053,1.77,-128.38771,0.24869542,4237.4333,-24.693551,103.83745
"triangle 200x10 mm 120 km/h",0.0532,1.7766667,-97.667603,0.23395547,4274.4683,-21.745009,103.83445
"triangle 200x10 mm 120 km/h",0.0534,1.7833333,-67.820906,0.2266018,4315.5703,-18.58568,103.83182
"triangle 200x10 mm 120 km/h",0.0536,1.79,-39.811876,0.21667872,4361.2802,-15.22345,103.8296
"triangle 200x10 mm 120 km/h",0.0538,1.7966667,-13.723546,0.20879681,4410.1047,-11.57297,103.82781
"triangle 200x10 mm 120 km/h",0.054,1.8033333,10.3584,0.20577148,4459.4311,-7.713411,103.82648
"triangle 200x10 mm 120 km/h",0.0542,1.81,31.69466,0.2066655,4509.2145,-3.8118182,103.82564
"triangle 200x10 mm 120 km/h",0.0544,1.8166667,50.008462,0.20195027,4560.3595,0.12181078,103.82528
"triangle 200x10 mm 120 km/h",0.0546,1.8233333,65.838542,0.20055832,4611.1674,4.1131401,103.82542
"triangle 200x10 mm 120 km/h",0.0548,1.83,79.328902,0.20315053,4659.4516,8.0185824,103.82606
"triangle 200x10 mm 120 km/h",0.055,1.8366667,89.942786,0.21247435,4706.15,11.669572,103.82718
"triangle 200x10 mm 120 km/h",0.0552,1.8433333,97.821564,0.21720098,4751.3652,15.085339,103.82875
"triangle 200x10 mm 120 km/h",0.0554,1.85,103.54859,0.22663795,4792.8476,18.257507,103.83074
"triangle 200x10 mm 120 km/h",0.0556,1.8566667,106.99226,0.24407307,4828.8293,21.020545,103.83312
"triangle 200x10 mm 120 km/h",0.0558,1.8633333,107.54243,0.26644087,4860.6843,23.251092,103.83582
"triangle 200x10 mm 120 km/h",0.056,1.87,105.43033,0.28842047,4887.9114,25.031835,103.83879
"triangle 200x10 mm 120 km/h",0.0562,1.8766667,101.09264,0.31368787,4908.2835,26.350825,103.84197
"triangle 200x10 mm 120 km/h",0.0564,1.8833333,94.136872,0.34288106,4921.6162,27.079906,103.8453
"triangle 200x10 mm 120 km/h",0.0566,1.89,84.299412,0.37067848,4929.1131,27.229703,103.8487
"triangle 200x10 mm 120 km/h",0.0568,1.8966667,72.198779,0.39489936,4930.1401,26.939792,103.8521
"triangle 200x10 mm 120 km/h",0.057,1.9033333,58.401881,0.4228175,4922.8319,26.227974,103.85545
"triangle 200x10 mm 120 km/h",0.0572,1.91,42.717237,0.45619217,4908.0396,25.015239,103.8587
"triangle 200x10 mm 120 km/h",0.0574,1.9166667,25.250839,0.48291276,4887.9311,23.394322,103.86178
"triangle 200x10 mm 120 km/h",0.0576,1.9233333,6.8470435,0.51048942,4861.9814,21.533233,103.86465
"triangle 200x10 mm 120 km/h",0.0578,1.93,-12.066401,0.53780217,4829.5821,19.421034,103.86728
"triangle 200x10 mm 120 km/h",0.058,1.9366667,-31.804837,0.5655927,4793.1219,17.019959,103.86964
"triangle 200x10 mm 120 km/h",0.0582,1.9433333,-52.012955,0.58701209,4753.8271,14.472359,103.87169
"triangle 200x10 mm 120 km/h",0.0584,1.95,-72.023651,0.60900357,4711.6419,11.880249,103.87342
"triangle 200x10 mm 120 km/h",0.0586,1.9566667,-91.762187,0.63365364,4666.6,9.1903332,103.87482
"triangle 200x10 mm 120 km/h",0.0588,1.9633333,-111.53172,0.65598411,4621.3066,6.3570744,103.87589
"triangle 200x10 mm 120 km/h",0.059,1.97,-130.91601,0.6707369,4576.896,3.5274859,103.87659
"triangle 200x10 mm 120 km/h",0.0592,1.9766667,-149.19623,0.6856056,4532.4574,0.76522491,103.87695
"triangle 200x10 mm 120 km/h",0.0594,1.9833333,-166.38442,0.70261208,4488.8778,-2.0204199,103.87696
"triangle 200x10 mm 120 km/h",0.0596,1.99,-182.53148,0.71556267,4448.6494,-4.8252524,103.87661
"triangle 200x10 mm 120 km/h",0.0598,1.9966667,-196.82832,0.72548614,4411.8575,-7.492875,103.87592
"triangle 200x10 mm 120 km/h",0.06,2.0033333,-208.49732,0.73496023,4377.5765,-10.013922,103.87491
"triangle 200x10 mm 120 km/h",0.0602,2.01,-217.53784,0.74739819,4346.6614,-12.490744,103.87358
"triangle 200x10 mm 120 km/h",0.0604,2.0166667,-223.80205,0.75422028,4320.8532,-14.876355,103.87194
"triangle 200x10 mm 120 km/h",0.0606,2.0233333,-226.55896,0.76109564,4299.6925,-17.022674,103.87001
"triangle 200x10 mm 120 km/h",0.0608,2.03,-225.4361,0.76839498,4282.1283,-18.948978,103.86782
"triangle 200x10 mm 120 km/h",0.061,2.0366667,-221.02029,0.77474693,4269.8581,-20.741126,103.86539
"triangle 200x10 mm 120 km/h",0.0612,2.0433333,-213.52791,0.76921574,4264.1668,-22.295104,103.86274
"triangle 200x10 mm 120 km/h",0.0614,2.05,-202.72559,0.76472236,4264.2214,-23.494426,103.85991
"triangle 200x10 mm 120 km/h",0.0616,2.0566667,-189.00815,0.75982104,4268.8148,-24.381701,103.85694
"triangle 200x10 mm 120 km/h",0.0618,2.0633333,-173.43316,0.75780651,4279.2856,-25.021097,103.85387
"triangle 200x10 mm 120 km/h",0.062,2.07,-156.47878,0.74949447,4296.0795,-25.294164,103.85072
"triangle 200x10 mm 120 km/h",0.0622,2.0766667,-138.27913,0.74540685,4317.851,-25.125544,103.84756
"triangle 200x10 mm 120 km/h",0.0624,2.0833333,-119.57266,0.74744834,4343.2753,-24.594611,103.84443
"triangle 200x10 mm 120 km/h",0.0626,2.09,-101.42467,0.75153629,4373.4249,-23.760451,103.84138
"triangle 200x10 mm 120 km/h",0.0628,2.0966667,-84.067619,0.75586615,4407.8797,-22.511,103.83844
"triangle 200x10 mm 120 km/h",0.063,2.1033333,-67.429324,0.76279273,4444.0668,-20.826707,103.83567
"triangle 200x10 mm 120 km/h",0.0632,2.11,-52.184005,0.77286748,4481.2255,-18.844318,103.83312
"triangle 200x10 mm 120 km/h",0.0634,2.1166667,-38.986022,0.77944766,4520.2438,-16.609043,103.83083
"triangle 200x10 mm 120 km/h",0.0636,2.1233333,-27.583199,0.78572334,4559.9584,-14.030474,103.82883
"triangle 200x10 mm 120 km/h",0.0638,2.13,-17.692535,0.79497714,4598.1038,-11.170452,103.82716
"triangle 200x10 mm 120 km/h",0.064,2.1366667,-9.7879377,0.80785696,4634.3515,-8.1965697,103.82586
"triangle 200x10 mm 120 km/h",0.0642,2.1433333,-4.0666996,0.81902829,4669.624,-5.1322979,103.82493
"triangle 200x10 mm 120 km/h",0.0644,2.15,0.058361062,0.82931942,4702.7216,-1.9223403,103.82438
"triangle 200x10 mm 120 km/h",0.0646,2.1566667,2.9324187,0.83870061,4731.7598,1.3199196,103.82425
"triangle 200x10 mm 120 km/h",0.0648,2.1633333,4.0926529,0.84519451,4757.8826,4.4204662,103.82451
"triangle 200x10 mm 120 km/h",0.065,2.17,3.6547423,0.8461247,4781.7594,7.4040082,103.82516
"triangle 200x10 mm 120 km/h",0.0652,2.1766667,2.2989536,0.84773629,4801.9331,10.297688,103.82618
"triangle 200x10 mm 120 km/h",0.0654,2.1833333,0.15617685,0.85087936,4816.8801,12.956696,103.82755
"triangle 200x10 mm 120 km/h",0.0656,2.19,-3.2157723,0.85468683,4827.794,15.257276,103.82925
"triangle 200x10 mm 120 km/h",0.0658,2.1966667,-7.5716473,0.85441363,4834.8391,17.274282,103.83122
"triangle 200x10 mm 120 km/h",0.066,2.2033333,-12.327089,0.85573075,4836.1882,19.033476,103.83344
"triangle 200x10 mm 120 km/h",0.0662,2.21,-17.683168,0.86088219,4831.5303,20.400184,103.83587
"triangle 200x10 mm 120 km/h",0.0664,2.2166667,-24.078414,0.86217309,4822.7581,21.337048,103.83846
"triangle 200x10 mm 120 km/h",0.0666,2.2233333,-31.084988,0.85709878,4809.8705,21.976347,103.84115
"triangle 200x10 mm 120 km/h",0.0668,2.23,-38.225122,0.84814554,4791.7163,22.315979,103.84391
"triangle 200x10 mm 120 km/h",0.067,2.2366667,-45.806683,0.83859512,4768.8903,22.254442,103.84671
"triangle 200x10 mm 120 km/h",0.0672,2.2433333,-53.990739,0.82254483,4743.264,21.831598,103.84948
"triangle 200x10 mm 120 km/h",0.0674,2.25,-62.224671,0.80524116,4714.9046,21.187223,103.8522
"triangle 200x10 mm 120 km/h",0.0676,2.2566667,-70.148267,0.79321096,4682.9482,20.31548,103.85482
"triangle 200x10 mm 120 km/h",0.0678,2.2633333,-78.203273,0.78752777,4649.2847,19.126168,103.85733
"triangle 200x10 mm 120 km/h",0.068,2.27,-86.480158,0.77455455,4616.0618,17.715132,103.85968
"triangle 200x10 mm 120 km/h",0.0682,2.2766667,-94.416155,0.76398362,4582.9151,16.208914,103.86185
"triangle 200x10 mm 120 km/h",0.0684,2.2833333,-101.89093,0.75301207,4549.0941,14.557733,103.86383
"triangle 200x10 mm 120 km/h",0.0686,2.29,-109.37871,0.7450461,4516.4869,12.695453,103.86559
"triangle 200x10 mm 120 km/h",0.0688,2.2966667,-116.69971,0.73208612,4486.13,10.734326,103.86712
"triangle 200x10 mm 120 km/h",0.069,2.3033333,-123.30642,0.72542914,4457.3193,8.7567588,103.8684
"triangle 200x10 mm 120 km/h",0.0692,2.31,-129.22186,0.72529685,4429.6703,6.690387,103.86943
"triangle 200x10 mm 120 km/h",0.0694,2.3166667,-134.79199,0.72547793,4405.4597,4.4843753,103.8702
"triangle 200x10 mm 120 km/h",0.0696,2.3233333,-139.6045,0.72173048,4385.358,2.2873344,103.87069
"triangle 200x10 mm 120 km/h",0.0698,2.33,-142.97363,0.72147668,4367.8709,0.15937384,103.87091
"triangle 200x10 mm 120 km/h",0.07,2.3366667,-145.04382,0.7258265,4353.5692,-1.996925,103.87086
"triangle 200x10 mm 120 km/h",0.0702,2.3433333,-146.00124,0.73028337,4344.2163,-4.169226,103.87055
"triangle 200x10 mm 120 km/h",0.0704,2.35,-145.30093,0.73380982,4339.4915,-6.2100362,103.86996
"triangle 200x10 mm 120 km/h",0.0706,2.3566667,-142.63846,0.74054839,4338.3088,-8.1106858,103.86912
"triangle 200x10 mm 120 km/h",0.0708,2.3633333,-138.5366,0.75257391,4341.0116,-9.9556905,103.86805
"triangle 200x10 mm 120 km/h",0.071,2.37,-133.39939,0.76357619,4348.9903,-11.688151,103.86675
"triangle 200x10 mm 120 km/h",0.0712,2.3766667,-127.01751,0.77703913,4361.3299,-13.159981,103.86523
"triangle 200x10 mm 120 km/h",0.0714,2.3833333,-119.49031,0.79412179,4376.2087,-14.390631,103.86355
"triangle 200x10 mm 120 km/h",0.0716,2.39,-111.75694,0.81499205,4394.6103,-15.464041,103.86171
"triangle 200x10 mm 120 km/h",0.0718,2.3966667,-104.24732,0.8330219,4417.3842,-16.282165,103.85975
"triangle 200x10 mm 120 km/h",0.072,2.4033333,-96.738044,0.85359233,4442.9505,-16.746344,103.85769
"triangle 200x10 mm 120 km/h",0.0722,2.41,-89.471402,0.87587404,4469.5193,-16.928613,103.85559
"triangle 200x10 mm 120 km/h",0.0724,2.4166667,-83.178232,0.90124443,4497.9018,-16.905666,103.85347
"triangle 200x10 mm 120 km/h",0.0726,2.4233333,-77.850473,0.91672342,4528.1403,-16.571824,103.85136
"triangle 200x10 mm 120 km/h",0.0728,2.43,-73.014539,0.92888266,4558.2481,-15.87557,103.8493
"triangle 200x10 mm 120 km/h",0.073,2.4366667,-68.773952,0.94131873,4586.6844,-14.926056,103.84735
"triangle 200x10 mm 120 km/h",0.0732,2.4433333,-65.603744,0.94641201,4614.9256,-13.805727,103.84551
"triangle 200x10 mm 120 km/h",0.0734,2.45,-63.156304,0.94648013,4642.8318,-12.418931,103.84382
"triangle 200x10 mm 120 km/h",0.0736,2.4566667,-60.875105,0.94822113,4668.2181,-10.782293,103.84232
"triangle 200x10 mm 120 km/h",0.0738,2.4633333,-59.067137,0.95301732,4690.8014,-9.0511992,103.84103
"triangle 200x10 mm 120 km/h",0.074,2.47,-58.014158,0.9550431,4711.606,-7.2567222,103.83995
"triangle 200x10 mm 120 km/h",0.0742,2.4766667,-57.272867,0.95703663,4729.9508,-5.3127444,103.8391
"triangle 200x10 mm 120 km/h",0.0744,2.4833333,-56.569537,0.96527935,4744.1451,-3.2779345,103.8385
"triangle 200x10 mm 120 km/h",0.0746,2.49,-56.408105,0.97965189,4754.6689,-1.3087993,103.83815
"triangle 200x10 mm 120 km/h",0.0748,2.4966667,-57.003745,0.98656108,4763.0067,0.60296016,103.83805
"triangle 200x10 mm 120 km/h",0.075,2.5033333,-57.848561,0.99165552,4768.0015,2.5430597,103.83818
"triangle 200x10 mm 120 km/h",0.0752,2.51,-58.796267,0.99469226,4768.1495,4.42617,103.83856
"triangle 200x10 mm 120 km/h",0.0754,2.5166667,-60.437205,0.9976042,4765.2194,6.1235398,103.83917
"triangle 200x10 mm 120 km/h",0.0756,2.5233333,-62.635838,0.99556307,4759.7699,7.7094641,103.83999
"triangle 200x10 mm 120 km/h",0.0758,2.53,-64.800871,0.9970123,4750.6637,9.2367371,103.841
"triangle 200x10 mm 120 km/h",0.076,2.5366667,-66.952864,1.0069094,4737.0376,10.603271,103.8422
"triangle 200x10 mm 120 km/h",0.0762,2.5433333,-69.510046,1.0168317,4720.8345,11.718315,103.84357
"triangle 200x10 mm 120 km/h",0.0764,2.55,-72.173016,1.0203631,4702.7444,12.685936,103.84506
"triangle 200x10 mm 120 km/h",0.0766,2.5566667,-74.378892,1.0255414,4681.4383,13.534082,103.84668
"triangle 200x10 mm 120 km/h",0.0768,2.5633333,-76.388899,1.0331427,4657.4978,14.137892,103.84839
"triangle 200x10 mm 120 km/h",0.077,2.57,-78.55905,1.0381692,4633.1431,14.471383,103.85018
"triangle 200x10 mm 120 km/h",0.0772,2.5766667,-80.441334,1.0410687,4608.499,14.652446,103.85199
"triangle 200x10 mm 120 km/h",0.0774,2.5833333,-81.691041,1.0454221,4582.7348,14.664393,103.85383
"triangle 200x10 mm 120 km/h",0.0776,2.59,-82.729495,1.0533224,4556.7503,14.386419,103.85566
"triangle 200x10 mm 120 km/h",0.0778,2.5966667,-83.802949,1.0580345,4532.4673,13.850134,103.85744
"triangle 200x10 mm 120 km/h",0.078,2.6033333,-84.452732,1.063094,4509.443,13.185779,103.85916
"triangle 200x10 mm 120 km/h",0.0782,2.61,-84.490994,1.0699381,4486.642,12.35592,103.86078
"triangle 200x10 mm 120 km/h",0.0784,2.6166667,-84.547984,1.0767959,4465.9532,11.264307,103.8623
"triangle 200x10 mm 120 km/h",0.0786,2.6233333,-84.705711,1.0765673,4448.6733,10.0172,103.86367
"triangle 200x10 mm 120 km/h",0.0788,2.63,-84.465352,1.0766285,4433.8752,8.7222749,103.86488
"triangle 200x10 mm 120 km/h",0.079,2.6366667,-83.852021,1.0759205,4420.5664,7.3180676,103.86593
"triangle 200x10 mm 120 km/h",0.0792,2.6433333,-83.426333,1.0745072,4410.3735,5.7422058,103.8668
"triangle 200x10 mm 120 km/h",0.0794,2.65,-83.106411,1.0606441,4404.0815,4.1242968,103.86746
"triangle 200x10 mm 120 km/h",0.0796,2.6566667,-82.413151,1.0460465,4400.3916,2.5488126,103.86793
"triangle 200x10 mm 120 km/h",0.0798,2.6633333,-81.483195,1.0359785,4398.4608,0.94839427,103.8682
"triangle 200x10 mm 120 km/h",0.08,2.67,-80.86091,1.0250543,4400.4312,-0.71933428,103.86827
"triangle 200x10 mm 120 km/h",0.0802,2.6766667,-80.286132,1.0131084,4406.4346,-2.3012123,103.86813
"triangle 200x10 mm 120 km/h",0.0804,2.6833333,-79.296244,1.0046452,4414.655,-3.7585575,103.86779
"triangle 200x10 mm 120 km/h",0.0806,2.69,-78.279078,0.99860494,4425.2409,-5.1967467,103.86728
"triangle 200x10 mm 120 km/h",0.0808,2.6966667,-77.564153,0.99073978,4439.3634,-6.6010202,103.86658
"triangle 200x10 mm 120 km/h",0.081,2.7033333,-76.765213,0.98223244,4456.3072,-7.8344104,103.86571
"triangle 200x10 mm 120 km/h",0.0812,2.71,-75.645991,0.97737627,4474.2445,-8.9036786,103.8647
"triangle 200x10 mm 120 km/h",0.0814,2.7166667,-74.742337,0.97600767,4493.3751,-9.9166783,103.86355
"triangle 200x10 mm 120 km/h",0.0816,2.7233333,-74.316665,0.96538985,4514.8159,-10.825664,103.86228
"triangle 200x10 mm 120 km/h",0.0818,2.73,-73.922327,0.94994822,4537.082,-11.50434,103.8609
"triangle 200x10 mm 120 km/h",0.082,2.7366667,-73.458059,0.93236356,4558.2868,-11.997937,103.85945
"triangle 200x10 mm 120 km/h",0.0822,2.7433333,-73.567633,0.90898118,4579.6221,-12.404008,103.85793
"triangle 200x10 mm 120 km/h",0.0824,2.75,-74.270263,0.87530146,4601.6526,-12.63113,103.85637
"triangle 200x10 mm 120 km/h",0.0826,2.7566667,-75.00071,0.83809604,4622.6247,-12.592528,103.85479
"triangle 200x10 mm 120 km/h",0.0828,2.7633333,-75.802652,0.80405418,4641.282,-12.379938,103.85322
"triangle 200x10 mm 120 km/h",0.083,2.77,-77.162996,0.77218268,4658.6722,-12.062665,103.85168
"triangle 200x10 mm 120 km/h",0.0832,2.7766667,-78.85516,0.74156738,4674.9478,-11.535714,103.85018
"triangle 200x10 mm 120 km/h",0.0834,2.7833333,-80.327801,0.71524993,4688.2626,-10.75736,103.84876
"triangle 200x10 mm 120 km/h",0.0836,2.79,-81.792173,0.69384075,4698.1058,-9.8500387,103.84744
"triangle 200x10 mm 120 km/h",0.0838,2.7966667,-83.712758,0.67127336,4706.3817,-8.8631835,103.84624
"triangle 200x10 mm 120 km/h",0.084,2.8033333,-85.696663,0.64959337,4712.947,-7.6883657,103.84517
"triangle 200x10 mm 120 km/h",0.0842,2.81,-87.284336,0.63048382,4716.0847,-6.3548436,103.84425
"triangle 200x10 mm 120 km/h",0.0844,2.8166667,-88.844889,0.61687863,4716.0087,-5.0121577,103.84349
"triangle 200x10 mm 120 km/h",0.0846,2.8233333,-90.621705,0.60003708,4714.1966,-3.6689172,103.84291
"triangle 200x10 mm 120 km/h",0.0848,2.83,-92.136355,0.58245007,4710.1361,-2.2285472,103.84249
"triangle 200x10 mm 120 km/h",0.085,2.8366667,-93.06087,0.56838909,4702.3111,-0.75289697,103.84226
"triangle 200x10 mm 120 km/h",0.0852,2.8433333,-93.883351,0.56173549,4691.9726,0.6164069,103.84221
"triangle 200x10 mm 120 km/h",0.0854,2.85,-94.706663,0.55218448,4680.7228,1.9257579,103.84233
"triangle 200x10 mm 120 km/h",0.0856,2.8566667,-94.950251,0.54618462,4667.7669,3.2476549,103.84261
"triangle 200x10 mm 120 km/h",0.0858,2.8633333,-94.503244,0.54095802,4652.0202,4.4867297,103.84306
"triangle 200x10 mm 120 km/h",0.086,2.87,-93.869931,0.53909292,4635.1626,5.5382783,103.84366
"triangle 200x10 mm 120 km/h",0.0862,2.8766667,-92.922186,0.53220625,4618.093,6.4865164,103.84438
"triangle 200x10 mm 120 km/h",0.0864,2.8833333,-91.165587,0.53219467,4599.8198,7.3854672,103.84522
"triangle 200x10 mm 120 km/h",0.0866,2.89,-88.766085,0.53779324,4579.8076,8.1352367,103.84617
"triangle 200x10 mm 120 km/h",0.0868,2.8966667,-86.321057,0.5410297,4560.6367,8.6591804,103.84721
"triangle 200x10 mm 120 km/h",0.087,2.9033333,-83.645594,0.53777534,4542.8677,9.0879491,103.8483
"triangle 200x10 mm 120 km/h",0.0872,2.91,-80.355481,0.53391147,4525.0785,9.4474537,103.84945
"triangle 200x10 mm 120 km/h",0.0874,2.9166667,-76.915527,0.52994067,4507.8098,9.6180176,103.85064
"triangle 200x10 mm 120 km/h",0.0876,2.9233333,-73.785174,0.52381152,4492.9125,9.5935457,103.85185
"triangle 200x10 mm 120 km/h",0.0878,2.93,-70.645988,0.5163709,4480.27,9.4920493,103.85304
"triangle 200x10 mm 120 km/h",0.088,2.9366667,-67.315903,0.51454158,4468.6168,9.3015043,103.85423
"triangle 200x10 mm 120 km/h",0.0882,2.9433333,-64.344691,0.5188112,4458.6134,8.9078465,103.85538
"triangle 200x10 mm 120 km/h",0.0884,2.95,-62.017292,0.51686523,4451.9537,8.3551083,103.85648
"triangle 200x10 mm 120 km/h",0.0886,2.9566667,-59.893743,0.51616353,4447.7216,7.7679603,103.85751
"triangle 200x10 mm 120 km/h",0.0888,2.9633333,-57.829948,0.51891798,4444.4489,7.1050009,103.85846
"triangle 200x10 mm 120 km/h",0.089,2.97,-56.444984,0.52175859,4443.7922,6.2686821,103.85932
"triangle 200x10 mm 120 km/h",0.0892,2.9766667,-55.724755,0.5210055,4446.5047,5.3566694,103.86008
"triangle 200x10 mm 120 km/h",0.0894,2.9833333,-55.14854,0.51990853,4451.4822,4.4543589,103.86072
"triangle 200x10 mm 120 km/h",0.0896,2.99,-54.741704,0.52177809,4457.5976,3.4851248,103.86125
"triangle 200x10 mm 120 km/h",0.0898,2.9966667,-54.994982,0.52702954,4466.0269,2.3883934,103.86165
"triangle 200x10 mm 120 km/h",0.09,3.0033333,-55.729067,0.53385206,4477.0383,1.2869013,103.86191
"triangle 200x10 mm 120 km/h",0.0902,3.01,-56.434295,0.54273462,4488.8903,0.24830907,103.86204
"triangle 200x10 mm 120 km/h",0.0904,3.0166667,-57.329482,0.55404002,4500.8885,-0.81330114,103.86204
"triangle 200x10 mm 120 km/h",0.0906,3.0233333,-58.920021,0.56125568,4514.9404,-1.9290811,103.8619
"triangle 200x10 mm 120 km/h",0.0908,3.03,-60.882903,0.56734085,4530.8088,-2.9534122,103.86163
"triangle 200x10 mm 120 km/h",0.091,3.0366667,-62.783147,0.57468939,4546.5925,-3.8747761,103.86123
"triangle 200x10 mm 120 km/h",0.0912,3.0433333,-64.995922,0.58605106,4562.0206,-4.7907048,103.86072
"triangle 200x10 mm 120 km/h",0.0914,3.05,-67.817624,0.59444292,4578.3027,-5.6760688,103.86009
"triangle 200x10 mm 120 km/h",0.0916,3.0566667,-70.821885,0.59897018,4594.6726,-6.3954559,103.85935
"triangle 200x10 mm 120 km/h",0.0918,3.0633333,-73.689518,0.60523086,4609.1221,-6.9652213,103.85853
"triangle 200x10 mm 120 km/h",0.092,3.07,-76.901836,0.6162322,4622.1527,-7.4927851,103.85765
"triangle 200x10 mm 120 km/h",0.0922,3.0766667,-80.630823,0.6219319,4635.2258,-7.9232913,103.85669
"triangle 200x10 mm 120 km/h",0.0924,3.0833333,-84.303941,0.62923575,4647.0194,-8.1468294,103.85569
"triangle 200x10 mm 120 km/h",0.0926,3.09,-87.747345,0.63686967,4655.8549,-8.2235185,103.85467
"triangle 200x10 mm 120 km/h",0.0928,3.0966667,-91.49325,0.64799436,4663.3157,-8.2579772,103.85364
"triangle 200x10 mm 120 km/h",0.093,3.1033333,-95.372533,0.65799339,4669.9025,-8.1572274,103.85261
"triangle 200x10 mm 120 km/h",0.0932,3.11,-98.779723,0.6733815,4674.3072,-7.8568835,103.8516
"triangle 200x10 mm 120 km/h",0.0934,3.1166667,-101.7374,0.69540055,4675.511,-7.4505025,103.85062
"triangle 200x10 mm 120 km/h",0.0936,3.1233333,-104.66674,0.71708007,4675.2595,-7.0204512,103.84971
"triangle 200x10 mm 120 km/h",0.0938,3.13,-107.2611,0.73062722,4673.9228,-6.4569485,103.84884
"triangle 200x10 mm 120 km/h",0.094,3.1366667,-108.97446,0.74114556,4669.8488,-5.7356161,103.84806
"triangle 200x10 mm 120 km/h",0.0942,3.1433333,-110.10096,0.74950505,4663.2973,-4.9834655,103.84736
"triangle 200x10 mm 120 km/h",0.0944,3.15,-111.00917,0.75264853,4656.129,-4.234156,103.84676
"triangle 200x10 mm 120 km/h",0.0946,3.1566667,-111.25591,0.7523644,4648.0196,-3.3782163,103.84626
"triangle 200x10 mm 120 km/h",0.0948,3.1633333,-110.54174,0.7541074,4637.8641,-2.4485215,103.84586
"triangle 200x10 mm 120 km/h",0.095,3.17,-109.34394,0.76059054,4626.2764,-1.5778635,103.84559
"triangle 200x10 mm 120 km/h",0.0952,3.1766667,-107.90055,0.76431284,4614.8365,-0.74855877,103.84542
"triangle 200x10 mm 120 km/h",0.0954,3.1833333,-105.74906,0.76733168,4602.7805,0.14409364,103.84535
"triangle 200x10 mm 120 km/h",0.0956,3.19,-102.74034,0.77089449,4588.939,1.0382832,103.8454
"triangle 200x10 mm 120 km/h",0.0958,3.1966667,-99.524668,0.77134084,4575.0584,1.8166739,103.84555
"triangle 200x10 mm 120 km/h",0.096,3.2033333,-96.194985,0.76548103,4562.3505,2.5547107,103.8458
"triangle 200x10 mm 120 km/h",0.0962,3.21,-92.285719,0.75856737,4549.8972,3.3254444,103.84614
"triangle 200x10 mm 120 km/h",0.0964,3.2166667,-87.87525,0.75237202,4536.8392,4.0289634,103.84658
"triangle 200x10 mm 120 km/h",0.0966,3.2233333,-83.58162,0.74725931,4524.9162,4.576416,103.84711
"triangle 200x10 mm 120 km/h",0.0968,3.23,-79.3428,0.73407199,4514.7469,5.0726351,103.8477
"triangle 200x10 mm 120 km/h",0.097,3.2366667,-74.774186,0.72044684,4505.2171,5.5662807,103.84835
"triangle 200x10 mm 120 km/h",0.0972,3.2433333,-70.151406,0.7101753,4495.9016,5.952663,103.84906
"triangle 200x10 mm 120 km/h",0.0974,3.25,-66.099758,0.69996507,4489.0714,6.1770812,103.84981
"triangle 200x10 mm 120 km/h",0.0976,3.2566667,-62.415708,0.68922254,4484.8698,6.3713418,103.85059
"triangle 200x10 mm 120 km/h",0.0978,3.2633333,-58.755802,0.68010513,4481.7774,6.5367807,103.85139
"triangle 200x10 mm 120 km/h",0.098,3.27,-55.562294,0.67484758,4479.781,6.5587116,103.85221
"triangle 200x10 mm 120 km/h",0.0982,3.2766667,-53.202861,0.66657489,4480.3285,6.4410477,103.85303
"triangle 200x10 mm 120 km/h",0.0984,3.2833333,-51.323622,0.65654256,4482.9663,6.3064751,103.85383
"triangle 200x10 mm 120 km/h",0.0986,3.29,-49.654391,0.65223143,4485.9355,6.1323608,103.85461
"triangle 200x10 mm 120 km/h",0.0988,3.2966667,-48.708433,0.65255165,4489.9079,5.8005786,103.85537
"triangle 200x10 mm 120 km/h",0.099,3.3033333,-48.680559,0.64674971,4496.5188,5.3571288,103.85609
"triangle 200x10 mm 120 km/h",0.0992,3.31,-49.019096,0.64236645,4504.5783,4.9196205,103.85674
"triangle 200x10 mm 120 km/h",0.0994,3.3166667,-49.550308,0.6406571,4512.4757,4.435229,103.85734
"triangle 200x10 mm 120 km/h",0.0996,3.3233333,-50.826309,0.64204487,4521.7906,3.8044733,103.85788
"triangle 200x10 mm 120 km/h",0.0998,3.33,-52.694486,0.64169861,4532.8323,3.1269475,103.85833
"triangle 200x10 mm 120 km/h",0.1,3.3366667,-54.609647,0.64622895,4544.3382,2.4782765,103.8587
"bar 28x5 mm, 5 mm bevel 40 km/h",-0.045,-0.49888889,-38.548032,0.42503017,4031.9306,3.2051249,34.701054
"bar 28x5 mm, 5 mm bevel 40 km/h",-0.0448,-0.49666667,-38.190049,0.43837501,4029.6099,3.1350524,34.701455
"bar 28x5 mm, 5 mm bevel 40 km/h",-0.0446,-0.49444444,-37.961272,0.44786979,4026.7109,3.030915,34.701847
"bar 28x5 mm, 5 mm bevel 40 km/h",-0.0444,-0.49222222,-37.861212,0.45662334,4024.0197,2.8952551,34.702226
"bar 28x5 mm, 5 mm bevel 40 km/h",-0.0442,-0.49,-37.850215,0.45780648,4022.1834,2.7433678,34.702588
"bar 28x5 mm, 5 mm bevel 40 km/h",-0.044,-0.48777778,-37.874515,0.45494594,4021.6034,2.594793,34.70293
"bar 28x5 mm, 5 mm bevel 40 km/h",-0.0438,-0.48555556,-37.948522,0.45781219,4022.6152,2.467295,34.703255
"bar 28x5 mm, 5 mm bevel 40 km/h",-0.0436,-0.48333333,-38.023953,0.46490823,4025.1723,2.3632782,34.703563
"bar 28x5 mm, 5 mm bevel 40 km/h",-0.0434,-0.48111111,-37.937908,0.47010553,4028.3939,2.2697449,34.703859
"bar 28x5 mm, 5 mm bevel 40 km/h",-0.0432,-0.47888889,-37.605498,0.47562323,4031.0611,2.1788858,34.704142
"bar 28x5 mm, 5 mm bevel 40 km/h",-0.043,-0.47666667,-37.101981,0.4810795,4032.2848,2.1076166,34.704415
"bar 28x5 mm, 5 mm bevel 40 km/h",-0.0428,-0.47444444,-36.488672,0.48626884,4031.7372,2.0390359,34.704678
"bar 28x5 mm, 5 mm bevel 40 km/h",-0.0426,-0.47222222,-35.844372,0.49105826,4029.7272,1.9384342,34.704933
"bar 28x5 mm, 5 mm bevel 40 km/h",-0.0424,-0.47,-35.27781,0.49574352,4026.9784,1.8037948,34.705175
"bar 28x5 mm, 5 mm bevel 40 km/h",-0.0422,-0.46777778,-34.803813,0.49883818,4024.1864,1.6389499,34.705401
"bar 28x5 mm, 5 mm bevel 40 km/h",-0.042,-0.46555556,-34.408507,0.49888795,4022.0882,1.4573998,34.705606
"bar 28x5 mm, 5 mm bevel 40 km/h",-0.0418,-0.46333333,-34.06077,0.49550506,4021.2461,1.2743115,34.705788
"bar 28x5 mm, 5 mm bevel 40 km/h",-0.0416,-0.46111111,-33.758371,0.49055979,4022.0269,1.1051767,34.705947
"bar 28x5 mm, 5 mm bevel 40 km/h",-0.0414,-0.45888889,-33.46097,0.49145579,4024.3603,0.96362336,34.706085
"bar 28x5 mm, 5 mm bevel 40 km/h",-0.0412,-0.45666667,-33.021419,0.49029893,4027.4457,0.84884812,34.706206
"bar 28x5 mm, 5 mm bevel 40 km/h",-0.041,-0.45444444,-32.330096,0.48759956,4030.3018,0.73985437,34.706312
"bar 28x5 mm, 5 mm bevel 40 km/h",-0.0408,-0.45222222,-31.456681,0.48707008,4031.9775,0.65613018,34.706404
"bar 28x5 mm, 5 mm bevel 40 km/h",-0.0406,-0.45,-30.476755,0.48864473,4032.0966,0.58637683,34.706486
"bar 28x5 mm, 5 mm bevel 40 km/h",-0.0404,-0.44777778,-29.465649,0.49608472,4030.7282,0.49808056,34.70656
"bar 28x5 mm, 5 mm bevel 40 km/h",-0.0402,-0.44555556,-28.520616,0.50467706,4028.3747,0.37866568,34.706622
"bar 28x5 mm, 5 mm bevel 40 km/h",-0.04,-0.44333333,-27.694701,0.51451634,4025.724,0.23001449,34.706669
"bar 28x5 mm, 5 mm bevel 40 km/h",-0.0398,-0.44111111,-27.011787,0.51485605,4023.516,0.067459563,34.706698
"bar 28x5 mm, 5 mm bevel 40 km/h",-0.0396,-0.43888889,-26.439555,0.50864461,4022.4446,-0.10224006,34.706706
"bar 28x5 mm, 5 mm bevel 40 km/h",-0.0394,-0.43666667,-25.981094,0.49698738,4022.9251,-0.25786462,34.706694
"bar 28x5 mm, 5 mm bevel 40 km/h",-0.0392,-0.43444444,-25.606767,0.48990337,4024.7719,-0.37183165,34.706661
"bar 28x5 mm, 5 mm bevel 40 km/h",-0.039,-0.43222222,-25.225139,0.48453382,4027.6754,-0.45172252,34.706615
"bar 28x5 mm, 5 mm bevel 40 km/h",-0.0388,-0.43,-24.725876,0.47933804,4030.7307,-0.51378573,34.706559
"bar 28x5 mm, 5 mm bevel 40 km/h",-0.0386,-0.42777778,-24.101319,0.47604883,4032.8364,-0.55423519,34.706494
"bar 28x5 mm, 5 mm bevel 40 km/h",-0.0384,-0.42555556,-23.424398,0.47649955,4033.4334,-0.57399456,34.706425
"bar 28x5 mm, 5 mm bevel 40 km/h",-0.0382,-0.42333333,-22.751726,0.48087359,4032.4216,-0.60224723,34.706353
"bar 28x5 mm, 5 mm bevel 40 km/h",-0.038,-0.42111111,-22.162708,0.48408194,4030.1446,-0.65750816,34.706278
"bar 28x5 mm, 5 mm bevel 40 km/h",-0.0378,-0.41888889,-21.704463,0.48449544,4027.2956,-0.74328356,34.706196
"bar 28x5 mm, 5 mm bevel 40 km/h",-0.0376,-0.41666667,-21.376984,0.48246383,4024.6201,-0.85360238,34.706103
"bar 28x5 mm, 5 mm bevel 40 km/h",-0.0374,-0.41444444,-21.148349,0.47327229,4022.9111,-0.98021389,34.705996
"bar 28x5 mm, 5 mm bevel 40 km/h",-0.0372,-0.41222222,-20.968977,0.46069762,4022.4508,-1.0967891,34.705874
"bar 28x5 mm, 5 mm bevel 40 km/h",-0.037,-0.41,-20.856545,0.45284724,4023.5298,-1.1840122,34.705737
"bar 28x5 mm, 5 mm bevel 40 km/h",-0.0368,-0.40777778,-20.774266,0.45076769,4026.1012,-1.2407656,34.705589
"bar 28x5 mm, 5 mm bevel 40 km/h",-0.0366,-0.40555556,-20.566213,0.44789711,4029.272,-1.2837998,34.705433
"bar 28x5 mm, 5 mm bevel 40 km/h",-0.0364,-0.40333333,-20.171008,0.44802771,4031.8315,-1.3184785,34.705273
"bar 28x5 mm, 5 mm bevel 40 km/h",-0.0362,-0.40111111,-19.670011,0.44961159,4032.9089,-1.3306047,34.705108
"bar 28x5 mm, 5 mm bevel 40 km/h",-0.036,-0.39888889,-19.128119,0.45394443,4032.2122,-1.339664,34.704942
"bar 28x5 mm, 5 mm bevel 40 km/h",-0.0358,-0.39666667,-18.629159,0.460033,4030.1006,-1.3790559,34.704774
"bar 28x5 mm, 5 mm bevel 40 km/h",-0.0356,-0.39444444,-18.281121,0.46594143,4027.289,-1.4501007,34.704602
"bar 28x5 mm, 5 mm bevel 40 km/h",-0.0354,-0.39222222,-18.085582,0.47184366,4024.4416,-1.5487697,34.704421
"bar 28x5 mm, 5 mm bevel 40 km/h",-0.0352,-0.39,-18.02437,0.47655526,4022.3045,-1.661481,34.704227
"bar 28x5 mm, 5 mm bevel 40 km/h",-0.035,-0.38777778,-18.056544,0.4797498,4021.4222,-1.773498,34.704019
"bar 28x5 mm, 5 mm bevel 40 km/h",-0.0348,-0.38555556,-18.171577,0.48346604,4022.1508,-1.8687206,34.703798
"bar 28x5 mm, 5 mm bevel 40 km/h",-0.0346,-0.38333333,-18.311939,0.49263954,4024.4025,-1.9372066,34.703564
"bar 28x5 mm, 5 mm bevel 40 km/h",-0.0344,-0.38111111,-18.321853,0.4993472,4027.3937,-1.9833114,34.703322
"bar 28x5 mm, 5 mm bevel 40 km/h",-0.0342,-0.37888889,-18.083081,0.50383917,4030.1061,-2.0265397,34.703074
"bar 28x5 mm, 5 mm bevel 40 km/h",-0.034,-0.37666667,-17.662615,0.51076562,4031.6023,-2.0477007,34.702821
"bar 28x5 mm, 5 mm bevel 40 km/h",-0.0338,-0.37444444,-17.125504,0.52025518,4031.4868,-2.0583611,34.702565
"bar 28x5 mm, 5 mm bevel 40 km/h",-0.0336,-0.37222222,-16.548854,0.53510004,4029.9169,-2.0939133,34.702308
"bar 28x5 mm, 5 mm bevel 40 km/h",-0.0334,-0.37,-16.042335,0.54958437,4027.4687,-2.1632753,34.702046
"bar 28x5 mm, 5 mm bevel 40 km/h",-0.0332,-0.36777778,-15.647706,0.56282476,4024.797,-2.2616307,34.701775
"bar 28x5 mm, 5 mm bevel 40 km/h",-0.033,-0.36555556,-15.386061,0.56776913,4022.6136,-2.3728584,34.701493
"bar 28x5 mm, 5 mm bevel 40 km/h",-0.0328,-0.36333333,-15.240788,0.56383265,4021.5819,-2.4877293,34.701196
"bar 28x5 mm, 5 mm bevel 40 km/h",-0.0326,-0.36111111,-15.229774,0.55499616,4022.1839,-2.5878229,34.700885
"bar 28x5 mm, 5 mm bevel 40 km/h",-0.0324,-0.35888889,-15.326994,0.55108285,4024.2576,-2.6468236,34.700562
"bar 28x5 mm, 5 mm bevel 40 km/h",-0.0322,-0.35666667,-15.417459,0.54890621,4027.2808,-2.6692725,34.700231
"bar 28x5 mm, 5 mm bevel 40 km/h",-0.032,-0.35444444,-15.394668,0.5461003,4030.3262,-2.6714729,34.699897
"bar 28x5 mm, 5 mm bevel 40 km/h",-0.0318,-0.35222222,-15.264547,0.54599624,4032.3547,-2.6476801,34.699563
"bar 28x5 mm, 5 mm bevel 40 km/h",-0.0316,-0.35,-15.101063,0.54932,4032.8643,-2.5992291,34.699232
"bar 28x5 mm, 5 mm bevel 40 km/h",-0.0314,-0.34777778,-14.956657,0.55625143,4031.8055,-2.5565702,34.698907
"bar 28x5 mm, 5 mm bevel 40 km/h",-0.0312,-0.34555556,-14.908145,0.56239514,4029.5851,-2.5363928,34.698588
"bar 28x5 mm, 5 mm bevel 40 km/h",-0.031,-0.34333333,-14.994195,0.56720186,4026.8367,-2.5396997,34.698271
"bar 28x5 mm, 5 mm bevel 40 km/h",-0.0308,-0.34111111,-15.215754,0.56598597,4024.2862,-2.5576364,34.697953
"bar 28x5 mm, 5 mm bevel 40 km/h",-0.0306,-0.33888889,-15.537181,0.55814239,4022.7279,-2.5830937,34.697634
"bar 28x5 mm, 5 mm bevel 40 km/h",-0.0304,-0.33666667,-15.923167,0.54528261,4022.5501,-2.5940806,34.697311
"bar 28x5 mm, 5 mm bevel 40 km/h",-0.0302,-0.33444444,-16.375877,0.53565383,4023.8495,-2.5672303,34.696986
"bar 28x5 mm, 5 mm bevel 40 km/h",-0.03,-0.33222222,-16.849122,0.53246864,4026.5401,-2.5043108,34.696665
"bar 28x5 mm, 5 mm bevel 40 km/h",-0.0298,-0.33,-17.191996,0.52864266,4029.7443,-2.4246967,34.696352
"bar 28x5 mm, 5 mm bevel 40 km/h",-0.0296,-0.32777778,-17.358375,0.52858708,4032.263,-2.331694,34.696049
"bar 28x5 mm, 5 mm bevel 40 km/h",-0.0294,-0.32555556,-17.42157,0.52937822,4033.2618,-2.2136941,34.695758
"bar 28x5 mm, 5 mm bevel 40 km/h",-0.0292,-0.32333333,-17.439394,0.53318875,4032.4702,-2.0925721,34.695481
"bar 28x5 mm, 5 mm bevel 40 km/h",-0.029,-0.32111111,-17.493396,0.53791098,4030.2857,-2.0002775,34.69522
"bar 28x5 mm, 5 mm bevel 40 km/h",-0.0288,-0.31888889,-17.683687,0.54046499,4027.504,-1.9400005,34.69497
"bar 28x5 mm, 5 mm bevel 40 km/h",-0.0286,-0.31666667,-18.002788,0.54516219,4024.7349,-1.9039718,34.694727
"bar 28x5 mm, 5 mm bevel 40 km/h",-0.0284,-0.31444444,-18.42246,0.54964651,4022.6672,-1.8774671,34.694489
"bar 28x5 mm, 5 mm bevel 40 km/h",-0.0282,-0.31222222,-18.901991,0.55308567,4021.8353,-1.8457064,34.694254
"bar 28x5 mm, 5 mm bevel 40 km/h",-0.028,-0.31,-19.443172,0.55929836,4022.5968,-1.792452,34.694024
"bar 28x5 mm, 5 mm bevel 40 km/h",-0.0278,-0.30777778,-19.993627,0.56978993,4024.8667,-1.710693,34.6938
"bar 28x5 mm, 5 mm bevel 40 km/h",-0.0276,-0.30555556,-20.404106,0.57963587,4027.8668,-1.6098997,34.693586
"bar 28x5 mm, 5 mm bevel 40 km/h",-0.0274,-0.30333333,-20.573489,0.5865433,4030.5201,-1.5055947,34.693385
"bar 28x5 mm, 5 mm bevel 40 km/h",-0.0272,-0.30111111,-20.581017,0.59374676,4031.8793,-1.3778119,34.693196
"bar 28x5 mm, 5 mm bevel 40 km/h",-0.027,-0.29888889,-20.49435,0.60174246,4031.5759,-1.2412273,34.693024
"bar 28x5 mm, 5 mm bevel 40 km/h",-0.0268,-0.29666667,-20.392983,0.61378749,4029.8188,-1.1323322,34.692869
"bar 28x5 mm, 5 mm bevel 40 km/h",-0.0266,-0.29444444,-20.386991,0.62421538,4027.2453,-1.0613973,34.692727
"bar 28x5 mm, 5 mm bevel 40 km/h",-0.0264,-0.29222222,-20.501047,0.63129748,4024.4701,-1.0228202,34.692595
"bar 28x5 mm, 5 mm bevel 40 km/h",-0.0262,-0.29,-20.74884,0.63039744,4022.3124,-1.0043794,34.692467
"bar 28x5 mm, 5 mm bevel 40 km/h",-0.026,-0.28777778,-21.093285,0.62092309,4021.3099,-0.99234636,34.692341
"bar 28x5 mm, 5 mm bevel 40 km/h",-0.0258,-0.28555556,-21.538184,0.60793464,4021.9965,-0.97376444,34.692217
"bar 28x5 mm, 5 mm bevel 40 km/h",-0.0256,-0.28333333,-22.048672,0.60031879,4024.1862,-0.92198797,34.692096
"bar 28x5 mm, 5 mm bevel 40 km/h",-0.0254,-0.28111111,-22.4877,0.59438844,4027.2723,-0.8429544,34.69198
"bar 28x5 mm, 5 mm bevel 40 km/h",-0.0252,-0.27888889,-22.746821,0.58792399,4030.277,-0.75332649,34.691875
"bar 28x5 mm, 5 mm bevel 40 km/h",-0.025,-0.27666667,-22.842521,0.5851349,4032.1884,-0.64710912,34.691781
"bar 28x5 mm, 5 mm bevel 40 km/h",-0.0248,-0.27444444,-22.862028,0.58655466,4032.5527,-0.52706002,34.6917
"bar 28x5 mm, 5 mm bevel 40 km/h",-0.0246,-0.27222222,-22.876346,0.59319301,4031.3925,-0.42545828,34.691634
"bar 28x5 mm, 5 mm bevel 40 km/h",-0.0244,-0.27,-22.973259,0.60124101,4029.1284,-0.35694035,34.691581
"bar 28x5 mm, 5 mm bevel 40 km/h",-0.0242,-0.26777778,-23.204119,0.61041898,4026.4787,-0.32382177,34.691536
"bar 28x5 mm, 5 mm bevel 40 km/h",-0.024,-0.26555556,-23.568084,0.61223263,4024.0508,-0.31050677,34.691496
"bar 28x5 mm, 5 mm bevel 40 km/h",-0.0238,-0.26333333,-24.022467,0.60908741,4022.5873,-0.31095546,34.691457
"bar 28x5 mm, 5 mm bevel 40 km/h",-0.0236,-0.26111111,-24.551078,0.60110704,4022.5631,-0.30407543,34.691418
"bar 28x5 mm, 5 mm bevel 40 km/h",-0.0234,-0.25888889,-25.157869,0.59662507,4024.0304,-0.26181879,34.69138
"bar 28x5 mm, 5 mm bevel 40 km/h",-0.0232,-0.25666667,-25.787254,0.59761699,4026.8363,-0.18537762,34.691347
"bar 28x5 mm, 5 mm bevel 40 km/h",-0.023,-0.25444444,-26.287813,0.59668177,4030.0883,-0.094439867,34.691324
"bar 28x5 mm, 5 mm bevel 40 km/h",-0.0228,-0.25222222,-26.618248,0.59833275,4032.6031,0.0086651263,34.691312
"bar 28x5 mm, 5 mm bevel 40 km/h",-0.0226,-0.25,-26.85902,0.60066854,4033.5858,0.13448592,34.691313
"bar 28x5 mm, 5 mm bevel 40 km/h",-0.0224,-0.24777778,-27.068597,0.60528848,4032.7429,0.2612515,34.69133
"bar 28x5 mm, 5 mm bevel 40 km/h",-0.0222,-0.24555556,-27.330469,0.61075239,4030.5037,0.35765708,34.691363
"bar 28x5 mm, 5 mm bevel 40 km/h",-0.022,-0.24333333,-27.745382,0.61226586,4027.6976,0.42131137,34.691408
"bar 28x5 mm, 5 mm bevel 40 km/h",-0.0218,-0.24111111,-28.301633,0.61451003,4024.9323,0.45972413,34.69146
"bar 28x5 mm, 5 mm bevel 40 km/h",-0.0216,-0.23888889,-28.967179,0.61487426,4022.8881,0.4877679,34.691518
"bar 28x5 mm, 5 mm bevel 40 km/h",-0.0214,-0.23666667,-29.692698,0.61302676,4022.0972,0.51918811,34.691579
"bar 28x5 mm, 5 mm bevel 40 km/h",-0.0212,-0.23444444,-30.478988,0.61416069,4022.9141,0.57183559,34.691644
"bar 28x5 mm, 5 mm bevel 40 km/h",-0.021,-0.23222222,-31.266122,0.6190985,4025.282,0.65044686,34.691715
"bar 28x5 mm, 5 mm bevel 40 km/h",-0.0208,-0.23,-31.888567,0.62306644,4028.3481,0.74656346,34.691796
"bar 28x5 mm, 5 mm bevel 40 km/h",-0.0206,-0.22777778,-32.237216,0.62510852,4030.9973,0.84501451,34.69189
"bar 28x5 mm, 5 mm bevel 40 km/h",-0.0204,-0.22555556,-32.387033,0.62792458,4032.2864,0.96558305,34.691995
"bar 28x5 mm, 5 mm bevel 40 km/h",-0.0202,-0.22333333,-32.401687,0.6318377,4031.8612,1.0923173,34.692116
"bar 28x5 mm, 5 mm bevel 40 km/h",-0.02,-0.22111111,-32.36019,0.63995894,4029.9611,1.1884796,34.692253
"bar 28x5 mm, 5 mm bevel 40 km/h",-0.0198,-0.21888889,-32.369933,0.64683683,4027.2531,1.2434197,34.692401
"bar 28x5 mm, 5 mm bevel 40 km/h",-0.0196,-0.21666667,-32.453162,0.64927264,4024.3634,1.2630606,34.692557
"bar 28x5 mm, 5 mm bevel 40 km/h",-0.0194,-0.21444444,-32.621501,0.64347957,4022.1224,1.2594918,34.692714
"bar 28x5 mm, 5 mm bevel 40 km/h",-0.0192,-0.21222222,-32.846409,0.62929028,4021.0919,1.2472769,34.692872
"bar 28x5 mm, 5 mm bevel 40 km/h",-0.019,-0.21,-33.130394,0.61218519,4021.7552,1.2406963,34.693028
"bar 28x5 mm, 5 mm bevel 40 km/h",-0.0188,-0.20777778,-33.436801,0.59974416,4023.9123,1.2654863,34.693183
"bar 28x5 mm, 5 mm bevel 40 km/h",-0.0186,-0.20555556,-33.631017,0.58817658,4026.9587,1.3149922,34.693341
"bar 28x5 mm, 5 mm bevel 40 km/h",-0.0184,-0.20333333,-33.611845,0.57551508,4029.9172,1.3732835,34.693505
"bar 28x5 mm, 5 mm bevel 40 km/h",-0.0182,-0.20111111,-33.401894,0.56625944,4031.7755,1.4472082,34.693677
"bar 28x5 mm, 5 mm bevel 40 km/h",-0.018,-0.19888889,-33.094538,0.56062082,4032.0802,1.5343228,34.693858
"bar 28x5 mm, 5 mm bevel 40 km/h",-0.0178,-0.19666667,-32.764647,0.55925179,4030.8604,1.6013606,34.69405
"bar 28x5 mm, 5 mm bevel 40 km/h",-0.0176,-0.19444444,-32.504892,0.55919064,4028.5866,1.6321056,34.69425
"bar 28x5 mm, 5 mm bevel 40 km/h",-0.0174,-0.19222222,-32.367527,0.5609512,4025.9432,1.6257422,34.694454
"bar 28x5 mm, 5 mm bevel 40 km/h",-0.0172,-0.19,-32.354337,0.55314247,4023.523,1.5995875,34.694657
"bar 28x5 mm, 5 mm bevel 40 km/h",-0.017,-0.18777778,-32.425826,0.53936363,4022.0672,1.5588759,34.694857
"bar 28x5 mm, 5 mm bevel 40 km/h",-0.0168,-0.18555556,-32.573142,0.52030035,4022.0585,1.5252698,34.695052
"bar 28x5 mm, 5 mm bevel 40 km/h",-0.0166,-0.18333333,-32.799543,0.50521517,4023.5487,1.5255732,34.695243
"bar 28x5 mm, 5 mm bevel 40 km/h",-0.0164,-0.18111111,-33.047749,0.49495507,4026.3887,1.5575725,34.695433
"bar 28x5 mm, 5 mm bevel 40 km/h",-0.0162,-0.17888889,-33.17371,0.48427104,4029.6702,1.6022529,34.695628
"bar 28x5 mm, 5 mm bevel 40 km/h",-0.016,-0.17666667,-33.141937,0.47813629,4032.2032,1.6590335,34.695828
"bar 28x5 mm, 5 mm bevel 40 km/h",-0.0158,-0.17444444,-33.034007,0.47522113,4033.2447,1.734962,34.696036
"bar 28x5 mm, 5 mm bevel 40 km/h",-0.0156,-0.17222222,-32.904501,0.47680294,4032.465,1.8083018,34.696253
"bar 28x5 mm, 5 mm bevel 40 km/h",-0.0154,-0.17,-32.832887,0.48010236,4030.2611,1.8492751,34.696479
"bar 28x5 mm, 5 mm bevel 40 km/h",-0.0152,-0.16777778,-32.91436,0.4807009,4027.4719,1.8540624,34.69671
"bar 28x5 mm, 5 mm bevel 40 km/h",-0.015,-0.16555556,-33.137501,0.48350933,4024.7303,1.8297695,34.696942
"bar 28x5 mm, 5 mm bevel 40 km/h",-0.0148,-0.16333333,-33.468562,0.48390031,4022.7399,1.7900793,34.69717
"bar 28x5 mm, 5 mm bevel 40 km/h",-0.0146,-0.16111111,-33.858985,0.48266736,4022.0383,1.7488084,34.697394
"bar 28x5 mm, 5 mm bevel 40 km/h",-0.0144,-0.15888889,-34.311665,0.48693764,4022.9735,1.7252283,34.697613
"bar 28x5 mm, 5 mm bevel 40 km/h",-0.0142,-0.15666667,-34.765036,0.49658476,4025.4663,1.7240293,34.697828
"bar 28x5 mm, 5 mm bevel 40 km/h",-0.014,-0.15444444,-35.050471,0.5061365,4028.6285,1.7361653,34.698044
"bar 28x5 mm, 5 mm bevel 40 km/h",-0.0138,-0.15222222,-35.063217,0.5163301,4031.3309,1.7479284,34.698261
"bar 28x5 mm, 5 mm bevel 40 km/h",-0.0136,-0.15,-34.882844,0.52841879,4032.6781,1.7778826,34.698479
"bar 28x5 mm, 5 mm bevel 40 km/h",-0.0134,-0.14777778,-34.57043,0.54246391,4032.271,1.8118517,34.698702
"bar 28x5 mm, 5 mm bevel 40 km/h",-0.0132,-0.14555556,-34.204511,0.56102424,4030.3556,1.8134655,34.698928
"bar 28x5 mm, 5 mm bevel 40 km/h",-0.013,-0.14333333,-33.894748,0.57928186,4027.6329,1.7729058,34.699155
"bar 28x5 mm, 5 mm bevel 40 km/h",-0.0128,-0.14111111,-33.666867,0.59267992,4024.7715,1.6939796,34.699376
"bar 28x5 mm, 5 mm bevel 40 km/h",-0.0126,-0.13888889,-33.527218,0.59911261,4022.5453,1.5909685,34.699588
"bar 28x5 mm, 5 mm bevel 40 km/h",-0.0124,-0.13666667,-33.449042,0.59861891,4021.518,1.4796981,34.699787
"bar 28x5 mm, 5 mm bevel 40 km/h",-0.0122,-0.13444444,-33.438353,0.59543397,4022.1787,1.3743968,34.699972
"bar 28x5 mm, 5 mm bevel 40 km/h",-0.012,-0.13222222,-33.458933,0.59683327,4024.3661,1.298618,34.700144
"bar 28x5 mm, 5 mm bevel 40 km/h",-0.0118,-0.13,-33.364957,0.59689217,4027.3958,1.2480573,34.700306
"bar 28x5 mm, 5 mm bevel 40 km/h",-0.0116,-0.12777778,-33.048867,0.59553661,4030.2861,1.2063891,34.700462
"bar 28x5 mm, 5 mm bevel 40 km/h",-0.0114,-0.12555556,-32.542128,0.59667314,4032.0443,1.1831867,34.700613
"bar 28x5 mm, 5 mm bevel 40 km/h",-0.0112,-0.12333333,-31.936415,0.60037638,4032.2363,1.1752211,34.700761
"bar 28x5 mm, 5 mm bevel 40 km/h",-0.011,-0.12111111,-31.307491,0.6071834,4030.911,1.148891,34.700908
"bar 28x5 mm, 5 mm bevel 40 km/h",-0.0108,-0.11888889,-30.748722,0.61401548,4028.5583,1.0889319,34.701051
"bar 28x5 mm, 5 mm bevel 40 km/h",-0.0106,-0.11666667,-30.312508,0.62224957,4025.8648,0.99546865,34.701187
"bar 28x5 mm, 5 mm bevel 40 km/h",-0.0104,-0.11444444,-30.006749,0.61835561,4023.4467,0.885312,34.701312
"bar 28x5 mm, 5 mm bevel 40 km/h",-0.0102,-0.11222222,-29.785045,0.60799008,4021.9863,0.76461524,34.701422
"bar 28x5 mm, 5 mm bevel 40 km/h",-0.01,-0.11,-29.657316,0.59086542,4022.0376,0.65289819,34.701518
"bar 28x5 mm, 5 mm bevel 40 km/h",-0.0098,-0.10777778,-29.62229,0.57774871,4023.6407,0.57608824,34.7016
"bar 28x5 mm, 5 mm bevel 40 km/h",-0.0096,-0.10555556,-29.904789,0.53968146,4027.3138,0.55336872,34.701672
"bar 28x5 mm, 5 mm bevel 40 km/h",-0.0094,-0.10333333,-30.869642,0.44893099,4033.9255,0.56048111,34.701741
"bar 28x5 mm, 5 mm bevel 40 km/h",-0.0092,-0.10111111,-32.707884,0.32717203,4043.9485,0.52555243,34.701811
"bar 28x5 mm, 5 mm bevel 40 km/h",-0.009,-0.098888889,-35.269125,0.20080088,4057.2221,0.34929135,34.701877
"bar 28x5 mm, 5 mm bevel 40 km/h",-0.0088,-0.096666667,-38.108181,0.078656219,4073.2994,-0.10945647,34.70192
"bar 28x5 mm, 5 mm bevel 40 km/h",-0.0086,-0.094444444,-40.632214,-0.038933748,4091.6077,-0.97287633,34.701907
"bar 28x5 mm, 5 mm bevel 40 km/h",-0.0084,-0.092222222,-42.264591,-0.15227564,4112.3488,-2.34564,34.701785
"bar 28x5 mm, 5 mm bevel 40 km/h",-0.0082,-0.09,-42.479548,-0.25052037,4136.5671,-4.3160763,34.701492
"bar 28x5 mm, 5 mm bevel 40 km/h",-0.008,-0.087777778,-40.64406,-0.32997213,4165.1905,-6.9356001,34.700952
"bar 28x5 mm, 5 mm bevel 40 km/h",-0.0078,-0.085555556,-35.961165,-0.38827265,4198.4328,-10.226709,34.700085
"bar 28x5 mm, 5 mm bevel 40 km/h",-0.0076,-0.083333333,-27.686305,-0.41745754,4235.6113,-14.153583,34.698807
"bar 28x5 mm, 5 mm bevel 40 km/h",-0.0074,-0.081111111,-15.304637,-0.4165504,4276.0181,-18.674599,34.697038
"bar 28x5 mm, 5 mm bevel 40 km/h",-0.0072,-0.078888889,1.3249156,-0.39279631,4319.3675,-23.766416,34.694703
"bar 28x5 mm, 5 mm bevel 40 km/h",-0.007,-0.076666667,21.799944,-0.34898259,4365.6774,-29.377928,34.691733
"bar 28x5 mm, 5 mm bevel 40 km/h",-0.0068,-0.074444444,45.233853,-0.29003676,4415.0339,-35.401565,34.68806
"bar 28x5 mm, 5 mm bevel 40 km/h",-0.0066,-0.072222222,70.571352,-0.22348742,4467.4176,-41.748776,34.683635
"bar 28x5 mm, 5 mm bevel 40 km/h",-0.0064,-0.07,96.522376,-0.15252785,4522.5684,-48.309049,34.678417
"bar 28x5 mm, 5 mm bevel 40 km/h",-0.0062,-0.067777778,121.70079,-0.089940727,4580.0489,-54.945419,34.672378
"bar 28x5 mm, 5 mm bevel 40 km/h",-0.006,-0.065555556,144.77917,-0.046795273,4638.9986,-61.505884,34.66551
"bar 28x5 mm, 5 mm bevel 40 km/h",-0.0058,-0.063333333,164.54185,-0.025464408,4698.2505,-67.820345,34.657822
"bar 28x5 mm, 5 mm bevel 40 km/h",-0.0056,-0.061111111,179.98703,-0.03200473,4756.4108,-73.726071,34.649344
"bar 28x5 mm, 5 mm bevel 40 km/h",-0.0054,-0.058888889,190.33137,-0.067894239,4811.8946,-79.056361,34.640128
"bar 28x5 mm, 5 mm bevel 40 km/h",-0.0052,-0.056666667,195.05112,-0.1285364,4863.1778,-83.650963,34.630246
"bar 28x5 mm, 5 mm bevel 40 km/h",-0.005,-0.054444444,193.95509,-0.22402809,4909.0083,-87.393347,34.61979
"bar 28x5 mm, 5 mm bevel 40 km/h",-0.0048,-0.052222222,187.08184,-0.3570988,4948.4565,-90.202648,34.608866
"bar 28x5 mm, 5 mm bevel 40 km/h",-0.0046,-0.05,174.55277,-0.52696669,4981.0663,-91.987339,34.59759
"bar 28x5 mm, 5 mm bevel 40 km/h",-0.0044,-0.047777778,156.70203,-0.73354388,5006.8273,-92.699174,34.586092
"bar 28x5 mm, 5 mm bevel 40 km/h",-0.0042,-0.045555556,134.00016,-0.97480636,5025.9041,-92.333387,34.574505
"bar 28x5 mm, 5 mm bevel 40 km/h",-0.004,-0.043333333,106.92645,-1.2516855,5038.6364,-90.884451,34.562963
"bar 28x5 mm, 5 mm bevel 40 km/h",-0.0038,-0.041111111,75.976419,-1.5573331,5045.3565,-88.356115,34.551602
"bar 28x5 mm, 5 mm bevel 40 km/h",-0.0036,-0.038888889,41.637724,-1.9003975,5046.2331,-84.761405,34.540558
"bar 28x5 mm, 5 mm bevel 40 km/h",-0.0034,-0.036666667,4.4175718,-2.2746272,5041.1635,-80.134951,34.529963
"bar 28x5 mm, 5 mm bevel 40 km/h",-0.0032,-0.034444444,-35.251696,-2.6812587,5029.7186,-74.503739,34.519946
"bar 28x5 mm, 5 mm bevel 40 km/h",-0.003,-0.032222222,-76.960209,-3.1139199,5011.1571,-67.89773,34.510633
"bar 28x5 mm, 5 mm bevel 40 km/h",-0.0028,-0.03,-120.22579,-3.5738759,4984.6524,-60.367961,34.502146
"bar 28x5 mm, 5 mm bevel 40 km/h",-0.0026,-0.027777778,-164.45963,-4.0605926,4949.4114,-51.997053,34.4946
"bar 28x5 mm, 5 mm bevel 40 km/h",-0.0024,-0.025555556,-209.09827,-4.5682333,4904.8667,-42.846897,34.4881
"bar 28x5 mm, 5 mm bevel 40 km/h",-0.0022,-0.023333333,-253.48667,-5.0958912,4850.923,-32.980043,34.482744
"bar 28x5 mm, 5 mm bevel 40 km/h",-0.002,-0.021111111,-296.74862,-5.6385167,4787.9785,-22.508484,34.478622
"bar 28x5 mm, 5 mm bevel 40 km/h",-0.0018,-0.018888889,-337.993,-6.1990308,4717.2908,-11.548085,34.475808
"bar 28x5 mm, 5 mm bevel 40 km/h",-0.0016,-0.016666667,-376.38,-6.7732998,4641.5817,-0.24003836,34.474364
"bar 28x5 mm, 5 mm bevel 40 km/h",-0.0014,-0.014444444,-410.95954,-7.3658369,4563.7943,11.236724,34.474334
"bar 28x5 mm, 5 mm bevel 40 km/h",-0.0012,-0.012222222,-440.74338,-7.9735429,4486.0581,22.720087,34.475739
"bar 28x5 mm, 5 mm bevel 40 km/h",-0.001,-0.01,-464.82926,-8.5955986,4409.2717,34.075228,34.478579
"bar 28x5 mm, 5 mm bevel 40 km/h",-0.0008,-0.0077777778,-482.42899,-9.2275732,4333.8221,45.142478,34.482838
"bar 28x5 mm, 5 mm bevel 40 km/h",-0.0006,-0.0055555556,-493.05229,-9.8715022,4260.1576,55.768286,34.488481
"bar 28x5 mm, 5 mm bevel 40 km/h",-0.0004,-0.0033333333,-496.48475,-10.526728,4188.7544,65.801667,34.495452
"bar 28x5 mm, 5 mm bevel 40 km/h",-0.0002,-0.0011111111,-492.8068,-11.19238,4120.1423,75.143376,34.503678
"bar 28x5 mm, 5 mm bevel 40 km/h",-1.0832101e-14,0.0011111111,-482.25671,-11.860074,4055.1734,83.690913,34.51307
"bar 28x5 mm, 5 mm bevel 40 km/h",0.0002,0.0033333333,-465.19742,-12.525483,3994.9786,91.317078,34.523532
"bar 28x5 mm, 5 mm bevel 40 km/h",0.0004,0.0055555556,-442.12659,-13.189854,3940.8825,97.917178,34.534946
"bar 28x5 mm, 5 mm bevel 40 km/h",0.0006,0.0077777778,-413.57981,-13.847096,3894.3229,103.39793,34.547186
"bar 28x5 mm, 5 mm bevel 40 km/h",0.0008,0.01,-380.04257,-14.50158,3856.8362,107.6659,34.560111
"bar 28x5 mm, 5 mm bevel 40 km/h",0.001,0.012222222,-342.15229,-15.149069,3830.0182,110.71717,34.573569
"bar 28x5 mm, 5 mm bevel 40 km/h",0.0012,0.014444444,-300.5452,-15.782858,3815.1512,112.58623,34.587409
"bar 28x5 mm, 5 mm bevel 40 km/h",0.0014,0.016666667,-255.96345,-16.411471,3813.4969,113.35374,34.601482
"bar 28x5 mm, 5 mm bevel 40 km/h",0.0016,0.018888889,-209.38458,-17.021638,3825.7614,113.18897,34.615651
"bar 28x5 mm, 5 mm bevel 40 km/h",0.0018,0.021111111,-162.00409,-17.589827,3851.4976,112.30616,34.6298
"bar 28x5 mm, 5 mm bevel 40 km/h",0.002,0.023333333,-115.30393,-18.102969,3889.2098,110.9073,34.643838
"bar 28x5 mm, 5 mm bevel 40 km/h",0.0022,0.025555556,-71.125291,-18.54998,3936.6761,109.19074,34.657702
"bar 28x5 mm, 5 mm bevel 40 km/h",0.0024,0.027777778,-31.614046,-18.919997,3991.7735,107.3357,34.67135
"bar 28x5 mm, 5 mm bevel 40 km/h",0.0026,0.03,0.99947347,-19.210342,4052.8782,105.49307,34.684767
"bar 28x5 mm, 5 mm bevel 40 km/h",0.0028,0.032222222,24.633288,-19.420882,4119.068,103.78787,34.697954
"bar 28x5 mm, 5 mm bevel 40 km/h",0.003,0.034444444,37.543005,-19.548073,4190.142,102.33351,34.710927
"bar 28x5 mm, 5 mm bevel 40 km/h",0.0032,0.036666667,38.583834,-19.596103,4266.4619,101.21373,34.723719
"bar 28x5 mm, 5 mm bevel 40 km/h",0.0034,0.038888889,27.404209,-19.575105,4348.6478,100.46819,34.736371
"bar 28x5 mm, 5 mm bevel 40 km/h",0.0036,0.041111111,4.4171958,-19.49629,4437.4499,100.10275,34.748929
"bar 28x5 mm, 5 mm bevel 40 km/h",0.0038,0.043333333,-29.218305,-19.37343,4533.2752,100.08909,34.761442
"bar 28x5 mm, 5 mm bevel 40 km/h",0.004,0.045555556,-71.669569,-19.217467,4635.4598,100.37493,34.773953
"bar 28x5 mm, 5 mm bevel 40 km/h",0.0042,0.047777778,-120.59719,-19.036927,4741.8663,100.88582,34.7865
"bar 28x5 mm, 5 mm bevel 40 km/h",0.0044,0.05,-173.47046,-18.841361,4849.2772,101.52661,34.799111
"bar 28x5 mm, 5 mm bevel 40 km/h",0.0046,0.052222222,-227.85971,-18.645625,4953.898,102.19253,34.811802
"bar 28x5 mm, 5 mm bevel 40 km/h",0.0048,0.054444444,-281.61542,-18.456256,5052.042,102.76218,34.824576
"bar 28x5 mm, 5 mm bevel 40 km/h",0.005,0.056666667,-332.96411,-18.276011,5140.3756,103.11072,34.837421
"bar 28x5 mm, 5 mm bevel 40 km/h",0.0052,0.058888889,-380.46361,-18.120302,5215.9932,103.10974,34.85031
"bar 28x5 mm, 5 mm bevel 40 km/h",0.0054,0.061111111,-422.91448,-17.992809,5276.6321,102.62636,34.863199
"bar 28x5 mm, 5 mm bevel 40 km/h",0.0056,0.063333333,-459.37627,-17.895329,5320.9477,101.55685,34.876027
"bar 28x5 mm, 5 mm bevel 40 km/h",0.0058,0.065555556,-489.06226,-17.830092,5348.5793,99.812264,34.888722
"bar 28x5 mm, 5 mm bevel 40 km/h",0.006,0.067777778,-511.22504,-17.795299,5360.1129,97.301399,34.901198
"bar 28x5 mm, 5 mm bevel 40 km/h",0.0062,0.07,-525.05269,-17.78612,5356.2443,93.962319,34.913361
"bar 28x5 mm, 5 mm bevel 40 km/h",0.0064,0.072222222,-529.67309,-17.802799,5337.3118,89.784713,34.925106
"bar 28x5 mm, 5 mm bevel 40 km/h",0.0066,0.074444444,-524.37205,-17.839749,5303.744,84.81654,34.936329
"bar 28x5 mm, 5 mm bevel 40 km/h",0.0068,0.076666667,-508.6417,-17.894188,5256.009,79.14625,34.946931
"bar 28x5 mm, 5 mm bevel 40 km/h",0.007,0.078888889,-482.21422,-17.964194,5194.7334,72.842917,34.956825
"bar 28x5 mm, 5 mm bevel 40 km/h",0.0072,0.081111111,-445.24284,-18.034397,5120.682,65.943149,34.96593
"bar 28x5 mm, 5 mm bevel 40 km/h",0.0074,0.083333333,-398.44971,-18.099567,5034.3836,58.480201,34.974173
"bar 28x5 mm, 5 mm bevel 40 km/h",0.0076,0.085555556,-343.19849,-18.163371,4936.1055,50.525515,34.981483
"bar 28x5 mm, 5 mm bevel 40 km/h",0.0078,0.087777778,-281.30958,-18.231433,4826.474,42.174396,34.987798
"bar 28x5 mm, 5 mm bevel 40 km/h",0.008,0.09,-214.75209,-18.292432,4706.4611,33.493491,34.99307
"bar 28x5 mm, 5 mm bevel 40 km/h",0.0082,0.092222222,-145.59107,-18.330535,4577.2342,24.524797,34.997257
"bar 28x5 mm, 5 mm bevel 40 km/h",0.0084,0.094444444,-75.884417,-18.334785,4439.8902,15.329524,35.000323
"bar 28x5 mm, 5 mm bevel 40 km/h",0.0086,0.096666667,-7.2754146,-18.306961,4295.4908,5.9720703,35.002239
"bar 28x5 mm, 5 mm bevel 40 km/h",0.0088,0.098888889,59.027613,-18.253155,4145.9113,-3.455961,35.002985
"bar 28x5 mm, 5 mm bevel 40 km/h",0.009,0.10111111,122.30724,-18.177559,3994.2224,-12.824534,35.002553
"bar 28x5 mm, 5 mm bevel 40 km/h",0.0092,0.10333333,182.31019,-18.076779,3844.3518,-22.011302,35.00095
"bar 28x5 mm, 5 mm bevel 40 km/h",0.0094,0.10555556,239.05122,-17.957104,3700.7093,-30.905448,34.998199
"bar 28x5 mm, 5 mm bevel 40 km/h",0.0096,0.10777778,292.77396,-17.812737,3567.2843,-39.463473,34.994336
"bar 28x5 mm, 5 mm bevel 40 km/h",0.0098,0.11,343.41578,-17.663343,3447.2171,-47.60461,34.989403
"bar 28x5 mm, 5 mm bevel 40 km/h",0.01,0.11222222,390.47129,-17.510697,3342.8819,-55.230204,34.983452
"bar 28x5 mm, 5 mm bevel 40 km/h",0.0102,0.11444444,433.07957,-17.362358,3255.7683,-62.260313,34.976548
"bar 28x5 mm, 5 mm bevel 40 km/h",0.0104,0.11666667,469.96695,-17.218898,3186.8997,-68.616371,34.968766
"bar 28x5 mm, 5 mm bevel 40 km/h",0.0106,0.11888889,499.67423,-17.080379,3136.3371,-74.22168,34.960189
"bar 28x5 mm, 5 mm bevel 40 km/h",0.0108,0.12111111,520.7893,-16.938707,3103.3589,-79.013124,34.950911
"bar 28x5 mm, 5 mm bevel 40 km/h",0.011,0.12333333,532.11872,-16.79847,3087.1206,-82.956277,34.941034
"bar 28x5 mm, 5 mm bevel 40 km/h",0.0112,0.12555556,532.91109,-16.662012,3086.7835,-86.061099,34.930665
"bar 28x5 mm, 5 mm bevel 40 km/h",0.0114,0.12777778,522.96212,-16.526129,3102.1063,-88.357513,34.919907
"bar 28x5 mm, 5 mm bevel 40 km/h",0.0116,0.13,502.70392,-16.392647,3133.4922,-89.891939,34.908863
"bar 28x5 mm, 5 mm bevel 40 km/h",0.0118,0.13222222,473.32955,-16.257606,3181.5216,-90.735947,34.897626
"bar 28x5 mm, 5 mm bevel 40 km/h",0.012,0.13444444,436.58398,-16.124998,3246.5949,-90.941401,34.886284
"bar 28x5 mm, 5 mm bevel 40 km/h",0.0122,0.13666667,394.65021,-15.996252,3328.5413,-90.567141,34.874916
"bar 28x5 mm, 5 mm bevel 40 km/h",0.0124,0.13888889,349.83063,-15.867805,3426.3014,-89.666259,34.863595
"bar 28x5 mm, 5 mm bevel 40 km/h",0.0126,0.14111111,304.34886,-15.727583,3537.7666,-88.310042,34.852387
"bar 28x5 mm, 5 mm bevel 40 km/h",0.0128,0.14333333,260.10956,-15.558568,3659.6567,-86.565283,34.841348
"bar 28x5 mm, 5 mm bevel 40 km/h",0.013,0.14555556,218.68016,-15.363472,3788.1431,-84.557987,34.830528
"bar 28x5 mm, 5 mm bevel 40 km/h",0.0132,0.14777778,181.09269,-15.13282,3918.7518,-82.403925,34.819958
"bar 28x5 mm, 5 mm bevel 40 km/h",0.0134,0.15,147.88918,-14.858986,4047.1367,-80.205135,34.809658
"bar 28x5 mm, 5 mm bevel 40 km/h",0.0136,0.15222222,119.36847,-14.54398,4169.7361,-78.095967,34.799632
"bar 28x5 mm, 5 mm bevel 40 km/h",0.0138,0.15444444,95.475127,-14.182083,4283.9792,-76.154331,34.78987
"bar 28x5 mm, 5 mm bevel 40 km/h",0.014,0.15666667,76.179835,-13.776957,4388.5368,-74.446789,34.780351
"bar 28x5 mm, 5 mm bevel 40 km/h",0.0142,0.15888889,61.575545,-13.330982,4482.877,-73.002995,34.771045
"bar 28x5 mm, 5 mm bevel 40 km/h",0.0144,0.16111111,51.938241,-12.849183,4566.67,-71.806453,34.761919
"bar 28x5 mm, 5 mm bevel 40 km/h",0.0146,0.16333333,47.674576,-12.338807,4639.8794,-70.827524,34.752944
"bar 28x5 mm, 5 mm bevel 40 km/h",0.0148,0.16555556,49.167102,-11.795243,4702.4956,-70.014536,34.74409
"bar 28x5 mm, 5 mm bevel 40 km/h",0.015,0.16777778,56.706955,-11.216705,4754.412,-69.32695,34.735338
"bar 28x5 mm, 5 mm bevel 40 km/h",0.0152,0.17,70.526529,-10.614833,4794.9835,-68.768351,34.726672
"bar 28x5 mm, 5 mm bevel 40 km/h",0.0154,0.17222222,90.55507,-9.9982688,4822.4949,-68.328212,34.718076
"bar 28x5 mm, 5 mm bevel 40 km/h",0.0156,0.17444444,116.13871,-9.3727031,4834.9063,-67.945741,34.709535
"bar 28x5 mm, 5 mm bevel 40 km/h",0.0158,0.17666667,146.28715,-8.7500034,4830.6183,-67.60419,34.701042
"bar 28x5 mm, 5 mm bevel 40 km/h",0.016,0.17888889,179.58485,-8.1395605,4808.8361,-67.288648,34.692592
"bar 28x5 mm, 5 mm bevel 40 km/h",0.0162,0.18111111,214.28044,-7.5548064,4769.877,-66.956961,34.684181
"bar 28x5 mm, 5 mm bevel 40 km/h",0.0164,0.18333333,248.67533,-7.0095325,4714.9088,-66.57456,34.675811
"bar 28x5 mm, 5 mm bevel 40 km/h",0.0166,0.18555556,281.21219,-6.5119717,4645.5813,-66.081029,34.667489
"bar 28x5 mm, 5 mm bevel 40 km/h",0.0168,0.18777778,310.65426,-6.0730671,4564.0711,-65.417326,34.659229
"bar 28x5 mm, 5 mm bevel 40 km/h",0.017,0.19,336.08665,-5.697271,4472.9758,-64.518841,34.651052
"bar 28x5 mm, 5 mm bevel 40 km/h",0.0172,0.19222222,356.96186,-5.3845916,4375.0419,-63.329213,34.642987
"bar 28x5 mm, 5 mm bevel 40 km/h",0.0174,0.19444444,373.16133,-5.1354768,4272.8255,-61.817327,34.635071
"bar 28x5 mm, 5 mm bevel 40 km/h",0.0176,0.19666667,385.02735,-4.9551992,4168.3705,-60.008895,34.627344
"bar 28x5 mm, 5 mm bevel 40 km/h",0.0178,0.19888889,392.95303,-4.8373703,4063.4003,-57.929196,34.619843
"bar 28x5 mm, 5 mm bevel 40 km/h",0.018,0.20111111,397.24833,-4.7748929,3959.4338,-55.590074,34.612601
"bar 28x5 mm, 5 mm bevel 40 km/h",0.0182,0.20333333,398.21174,-4.7652942,3858.1621,-53.056476,34.605653
"bar 28x5 mm, 5 mm bevel 40 km/h",0.0184,0.20555556,395.95256,-4.7977349,3761.3379,-50.405297,34.599021
"bar 28x5 mm, 5 mm bevel 40 km/h",0.0186,0.20777778,390.4001,-4.8717558,3670.8321,-47.702457,34.59272
"bar 28x5 mm, 5 mm bevel 40 km/h",0.0188,0.21,381.39789,-4.9832381,3588.4707,-45.010917,34.586757
"bar 28x5 mm, 5 mm bevel 40 km/h",0.019,0.21222222,368.69657,-5.1366949,3515.9278,-42.368575,34.581131
"bar 28x5 mm, 5 mm bevel 40 km/h",0.0192,0.21444444,352.12236,-5.3263671,3454.7195,-39.818645,34.575835
"bar 28x5 mm, 5 mm bevel 40 km/h",0.0194,0.21666667,331.52665,-5.5501851,3406.1991,-37.375155,34.570857
"bar 28x5 mm, 5 mm bevel 40 km/h",0.0196,0.21888889,306.96867,-5.7938132,3370.8206,-35.014951,34.566185
"bar 28x5 mm, 5 mm bevel 40 km/h",0.0198,0.22111111,278.87954,-6.0583219,3348.5748,-32.740993,34.561809
"bar 28x5 mm, 5 mm bevel 40 km/h",0.02,0.22333333,247.96914,-6.3472398,3339.0587,-30.572592,34.557716
"bar 28x5 mm, 5 mm bevel 40 km/h",0.0202,0.22555556,214.97767,-6.6530206,3341.622,-28.4906,34.553894
"bar 28x5 mm, 5 mm bevel 40 km/h",0.0204,0.22777778,180.72556,-6.975758,3355.8698,-26.479644,34.550333
"bar 28x5 mm, 5 mm bevel 40 km/h",0.0206,0.23,146.12322,-7.3148073,3381.7143,-24.563116,34.547023
"bar 28x5 mm, 5 mm bevel 40 km/h",0.0208,0.23222222,111.96104,-7.6665835,3419.1316,-22.743427,34.543953
"bar 28x5 mm, 5 mm bevel 40 km/h",0.021,0.23444444,78.98083,-8.0345061,3467.9269,-21.024639,34.54111
"bar 28x5 mm, 5 mm bevel 40 km/h",0.0212,0.23666667,47.755254,-8.4135991,3527.671,-19.406935,34.538482
"bar 28x5 mm, 5 mm bevel 40 km/h",0.0214,0.23888889,18.656908,-8.8034687,3597.7315,-17.892936,34.536056
"bar 28x5 mm, 5 mm bevel 40 km/h",0.0216,0.24111111,-8.1390724,-9.1987208,3676.7454,-16.46827,34.533819
"bar 28x5 mm, 5 mm bevel 40 km/h",0.0218,0.24333333,-32.682565,-9.5902075,3763.1844,-15.124105,34.531761
"bar 28x5 mm, 5 mm bevel 40 km/h",0.022,0.24555556,-55.076008,-9.9728457,3855.0906,-13.860731,34.52987
"bar 28x5 mm, 5 mm bevel 40 km/h",0.0222,0.24777778,-75.271452,-10.351437,3949.6999,-12.702914,34.528138
"bar 28x5 mm, 5 mm bevel 40 km/h",0.0224,0.25,-93.277569,-10.718917,4043.9713,-11.648733,34.52655
"bar 28x5 mm, 5 mm bevel 40 km/h",0.0226,0.25222222,-109.15813,-11.071759,4135.2245,-10.662717,34.525094
"bar 28x5 mm, 5 mm bevel 40 km/h",0.0228,0.25444444,-122.80154,-11.410686,4221.4431,-9.7466789,34.523761
"bar 28x5 mm, 5 mm bevel 40 km/h",0.023,0.25666667,-134.06114,-11.730253,4301.3259,-8.8997173,34.522542
"bar 28x5 mm, 5 mm bevel 40 km/h",0.0232,0.25888889,-142.76925,-12.029918,4374.043,-8.0867976,34.52143
"bar 28x5 mm, 5 mm bevel 40 km/h",0.0234,0.26111111,-148.67542,-12.306382,4438.9289,-7.2691445,34.520419
"bar 28x5 mm, 5 mm bevel 40 km/h",0.0236,0.26333333,-151.6037,-12.560834,4495.4638,-6.3962304,34.51951
"bar 28x5 mm, 5 mm bevel 40 km/h",0.0238,0.26555556,-151.53229,-12.793118,4543.2614,-5.4252445,34.518711
"bar 28x5 mm, 5 mm bevel 40 km/h",0.024,0.26777778,-148.6652,-12.998788,4581.849,-4.3088701,34.518033
"bar 28x5 mm, 5 mm bevel 40 km/h",0.0242,0.27,-143.35539,-13.169443,4610.391,-3.0083585,34.517494
"bar 28x5 mm, 5 mm bevel 40 km/h",0.0244,0.27222222,-136.06188,-13.31306,4628.1244,-1.5298077,34.517118
"bar 28x5 mm, 5 mm bevel 40 km/h",0.0246,0.27444444,-127.36521,-13.42879,4633.9542,0.11367069,34.516927
"bar 28x5 mm, 5 mm bevel 40 km/h",0.0248,0.27666667,-118.01732,-13.514992,4626.9557,1.9375761,34.516941
"bar 28x5 mm, 5 mm bevel 40 km/h",0.025,0.27888889,-108.73534,-13.573171,4606.815,3.9378526,34.517183
"bar 28x5 mm, 5 mm bevel 40 km/h",0.0252,0.28111111,-100.12595,-13.600544,4573.96,6.0806441,34.517676
"bar 28x5 mm, 5 mm bevel 40 km/h",0.0254,0.28333333,-92.69854,-13.601188,4529.767,8.3464108,34.518436
"bar 28x5 mm, 5 mm bevel 40 km/h",0.0256,0.28555556,-86.756128,-13.574679,4476.0498,10.729842,34.519479
"bar 28x5 mm, 5 mm bevel 40 km/h",0.0258,0.28777778,-82.376566,-13.533602,4414.4928,13.24498,34.52082
"bar 28x5 mm, 5 mm bevel 40 km/h",0.026,0.29,-79.480379,-13.476229,4346.9403,15.895176,34.522476
"bar 28x5 mm, 5 mm bevel 40 km/h",0.0262,0.29222222,-77.976871,-13.406121,4275.2025,18.690726,34.524463
"bar 28x5 mm, 5 mm bevel 40 km/h",0.0264,0.29444444,-77.8181,-13.318227,4201.0092,21.632685,34.526799
"bar 28x5 mm, 5 mm bevel 40 km/h",0.0266,0.29666667,-78.938231,-13.213709,4125.7413,24.701663,34.529503
"bar 28x5 mm, 5 mm bevel 40 km/h",0.0268,0.29888889,-81.243561,-13.105538,4049.9337,27.861729,34.532591
"bar 28x5 mm, 5 mm bevel 40 km/h",0.027,0.30111111,-84.803831,-12.992023,3973.8987,31.077326,34.536074
"bar 28x5 mm, 5 mm bevel 40 km/h",0.0272,0.30333333,-89.887161,-12.878219,3898.233,34.33202,34.539958
"bar 28x5 mm, 5 mm bevel 40 km/h",0.0274,0.30555556,-96.778757,-12.767111,3824.0667,37.580252,34.54425
"bar 28x5 mm, 5 mm bevel 40 km/h",0.0276,0.30777778,-105.7242,-12.660418,3753.1321,40.751785,34.548947
"bar 28x5 mm, 5 mm bevel 40 km/h",0.0278,0.31,-116.90822,-12.562435,3687.4954,43.809403,34.554041
"bar 28x5 mm, 5 mm bevel 40 km/h",0.028,0.31222222,-130.2891,-12.477593,3629.0745,46.724585,34.559517
"bar 28x5 mm, 5 mm bevel 40 km/h",0.0282,0.31444444,-145.62411,-12.408679,3579.7011,49.476305,34.565358
"bar 28x5 mm, 5 mm bevel 40 km/h",0.0284,0.31666667,-162.47784,-12.357764,3540.817,52.045092,34.571543
"bar 28x5 mm, 5 mm bevel 40 km/h",0.0286,0.31888889,-180.32064,-12.318792,3513.4879,54.416661,34.578048
"bar 28x5 mm, 5 mm bevel 40 km/h",0.0288,0.32111111,-198.48852,-12.281127,3498.11,56.570701,34.58485
"bar 28x5 mm, 5 mm bevel 40 km/h",0.029,0.32333333,-216.20346,-12.251913,3494.1801,58.475894,34.591922
"bar 28x5 mm, 5 mm bevel 40 km/h",0.0292,0.32555556,-232.73843,-12.229194,3500.6244,60.082333,34.599231
"bar 28x5 mm, 5 mm bevel 40 km/h",0.0294,0.32777778,-247.62274,-12.207728,3516.2762,61.366321,34.606741
"bar 28x5 mm, 5 mm bevel 40 km/h",0.0296,0.33,-260.58939,-12.183615,3540.2624,62.306565,34.614412
"bar 28x5 mm, 5 mm bevel 40 km/h",0.0298,0.33222222,-271.46679,-12.154007,3572.1294,62.841612,34.6222
"bar 28x5 mm, 5 mm bevel 40 km/h",0.03,0.33444444,-280.25073,-12.117419,3611.6852,62.936361,34.630056
"bar 28x5 mm, 5 mm bevel 40 km/h",0.0302,0.33666667,-287.01329,-12.071261,3658.6295,62.593465,34.637923
"bar 28x5 mm, 5 mm bevel 40 km/h",0.0304,0.33888889,-291.83142,-12.018535,3712.684,61.822424,34.645747
"bar 28x5 mm, 5 mm bevel 40 km/h",0.0306,0.34111111,-294.77704,-11.954356,3773.3313,60.650786,34.653475
"bar 28x5 mm, 5 mm bevel 40 km/h",0.0308,0.34333333,-295.95187,-11.876937,3839.8593,59.121104,34.661056
"bar 28x5 mm, 5 mm bevel 40 km/h",0.031,0.34555556,-295.38516,-11.774867,3910.7293,57.294868,34.668446
"bar 28x5 mm, 5 mm bevel 40 km/h",0.0312,0.34777778,-292.98868,-11.640441,3983.9414,55.216418,34.675608
"bar 28x5 mm, 5 mm bevel 40 km/h",0.0314,0.35,-288.67466,-11.480181,4057.1783,52.921401,34.68251
"bar 28x5 mm, 5 mm bevel 40 km/h",0.0316,0.35222222,-282.45029,-11.287201,4128.0126,50.456279,34.689125
"bar 28x5 mm, 5 mm bevel 40 km/h",0.0318,0.35444444,-274.46861,-11.063494,4194.5846,47.877195,34.695432
"bar 28x5 mm, 5 mm bevel 40 km/h",0.032,0.35666667,-264.89337,-10.810056,4255.5288,45.207164,34.701417
"bar 28x5 mm, 5 mm bevel 40 km/h",0.0322,0.35888889,-253.95781,-10.531633,4309.9757,42.47147,34.707068
"bar 28x5 mm, 5 mm bevel 40 km/h",0.0324,0.36111111,-241.99248,-10.232734,4357.6945,39.709216,34.712377
"bar 28x5 mm, 5 mm bevel 40 km/h",0.0326,0.36333333,-229.32595,-9.9223543,4398.4258,36.970105,34.71734
"bar 28x5 mm, 5 mm bevel 40 km/h",0.0328,0.36555556,-216.32608,-9.6031709,4432.1154,34.306477,34.721962
"bar 28x5 mm, 5 mm bevel 40 km/h",0.033,0.36777778,-203.39936,-9.2772756,4458.714,31.771261,34.72625
"bar 28x5 mm, 5 mm bevel 40 km/h",0.0332,0.37,-190.97726,-8.9389244,4478.1315,29.409788,34.730221
"bar 28x5 mm, 5 mm bevel 40 km/h",0.0334,0.37222222,-179.38149,-8.5893978,4489.9927,27.249047,34.733898
"bar 28x5 mm, 5 mm bevel 40 km/h",0.0336,0.37444444,-168.8105,-8.242326,4493.336,25.309241,34.737304
"bar 28x5 mm, 5 mm bevel 40 km/h",0.0338,0.37666667,-159.43327,-7.8918975,4487.1165,23.602764,34.740467
"bar 28x5 mm, 5 mm bevel 40 km/h",0.034,0.37888889,-151.43232,-7.54202,4470.6429,22.158711,34.743418
"bar 28x5 mm, 5 mm bevel 40 km/h",0.0342,0.38111111,-144.92988,-7.1947072,4443.991,20.979549,34.746188
"bar 28x5 mm, 5 mm bevel 40 km/h",0.0344,0.38333333,-139.93828,-6.8506762,4407.9293,20.041029,34.74881
"bar 28x5 mm, 5 mm bevel 40 km/h",0.0346,0.38555556,-136.46333,-6.514148,4363.8745,19.344852,34.751315
"bar 28x5 mm, 5 mm bevel 40 km/h",0.0348,0.38777778,-134.38188,-6.1852148,4313.3445,18.894348,34.753733
"bar 28x5 mm, 5 mm bevel 40 km/h",0.035,0.39,-133.54674,-5.8706255,4258.1569,18.691322,34.756095
"bar 28x5 mm, 5 mm bevel 40 km/h",0.0352,0.39222222,-133.78963,-5.5689841,4199.9433,18.736697,34.758431
"bar 28x5 mm, 5 mm bevel 40 km/h",0.0354,0.39444444,-134.99401,-5.2796872,4140.4304,19.016575,34.760774
"bar 28x5 mm, 5 mm bevel 40 km/h",0.0356,0.39666667,-136.97871,-4.9984582,4080.7487,19.510246,34.763151
"bar 28x5 mm, 5 mm bevel 40 km/h",0.0358,0.39888889,-139.48955,-4.7350606,4021.5,20.176521,34.765589
"bar 28x5 mm, 5 mm bevel 40 km/h",0.036,0.40111111,-142.29748,-4.4897112,3963.0508,20.958245,34.768111
"bar 28x5 mm, 5 mm bevel 40 km/h",0.0362,0.40333333,-145.27993,-4.2594662,3905.6529,21.828878,34.770731
"bar 28x5 mm, 5 mm bevel 40 km/h",0.0364,0.40555556,-148.30719,-4.0456785,3850.0726,22.737797,34.77346
"bar 28x5 mm, 5 mm bevel 40 km/h",0.0366,0.40777778,-151.18871,-3.8453412,3797.4767,23.603367,34.776302
"bar 28x5 mm, 5 mm bevel 40 km/h",0.0368,0.41,-153.73144,-3.6649333,3749.3583,24.368074,34.779253
"bar 28x5 mm, 5 mm bevel 40 km/h",0.037,0.41222222,-155.67611,-3.505461,3707.2176,24.993538,34.782299
"bar 28x5 mm, 5 mm bevel 40 km/h",0.0372,0.41444444,-156.70274,-3.376813,3672.4278,25.450563,34.785423
"bar 28x5 mm, 5 mm bevel 40 km/h",0.0374,0.41666667,-156.47846,-3.2783503,3646.2035,25.710853,34.788604
"bar 28x5 mm, 5 mm bevel 40 km/h",0.0376,0.41888889,-154.74165,-3.2097942,3629.3427,25.759596,34.791818
"bar 28x5 mm, 5 mm bevel 40 km/h",0.0378,0.42111111,-151.25915,-3.1599807,3622.0046,25.589026,34.795038
"bar 28x5 mm, 5 mm bevel 40 km/h",0.038,0.42333333,-145.77698,-3.1326345,3623.518,25.187038,34.798236
"bar 28x5 mm, 5 mm bevel 40 km/h",0.0382,0.42555556,-138.13248,-3.1316518,3632.7847,24.523708,34.801385
"bar 28x5 mm, 5 mm bevel 40 km/h",0.0384,0.42777778,-128.38429,-3.1547364,3648.6222,23.590005,34.80445
"bar 28x5 mm, 5 mm bevel 40 km/h",0.0386,0.43,-116.76915,-3.2010992,3670.2794,22.387782,34.807399
"bar 28x5 mm, 5 mm bevel 40 km/h",0.0388,0.43222222,-103.55641,-3.2687652,3697.4247,20.892112,34.810198
"bar 28x5 mm, 5 mm bevel 40 km/h",0.039,0.43444444,-89.055171,-3.3594254,3729.917,19.092526,34.812809
"bar 28x5 mm, 5 mm bevel 40 km/h",0.0392,0.43666667,-73.564581,-3.4764555,3767.6361,17.009122,34.815196
"bar 28x5 mm, 5 mm bevel 40 km/h",0.0394,0.43888889,-57.341374,-3.6207796,3810.4403,14.670222,34.817322
"bar 28x5 mm, 5 mm bevel 40 km/h",0.0396,0.44111111,-40.614231,-3.7959239,3858.1093,12.111143,34.819156
"bar 28x5 mm, 5 mm bevel 40 km/h",0.0398,0.44333333,-23.599596,-3.9967425,3910.0665,9.375285,34.820669
"bar 28x5 mm, 5 mm bevel 40 km/h",0.04,0.44555556,-6.5173373,-4.2139647,3965.0702,6.5243439,34.821841
"bar 28x5 mm, 5 mm bevel 40 km/h",0.0402,0.44777778,10.469345,-4.4419873,4021.6981,3.5909349,34.822657
"bar 28x5 mm, 5 mm bevel 40 km/h",0.0404,0.45,27.236947,-4.6851406,4077.9539,0.59487606,34.823106
"bar 28x5 mm, 5 mm bevel 40 km/h",0.0406,0.45222222,43.558935,-4.9341664,4131.6614,-2.4319245,34.82318
"bar 28x5 mm, 5 mm bevel 40 km/h",0.0408,0.45444444,59.0976,-5.1889455,4181.085,-5.4460637,34.822876
"bar 28x5 mm, 5 mm bevel 40 km/h",0.041,0.45666667,73.518317,-5.4454056,4225.1217,-8.4334473,34.822195
"bar 28x5 mm, 5 mm bevel 40 km/h",0.0412,0.45888889,86.455269,-5.7033607,4263.4333,-11.381061,34.821141
"bar 28x5 mm, 5 mm bevel 40 km/h",0.0414,0.46111111,97.572656,-5.9632529,4296.0589,-14.253313,34.819719
"bar 28x5 mm, 5 mm bevel 40 km/h",0.0416,0.46333333,106.6501,-6.2181837,4323.026,-17.008086,34.817937
"bar 28x5 mm, 5 mm bevel 40 km/h",0.0418,0.46555556,113.52953,-6.4727638,4344.5113,-19.598878,34.815811
"bar 28x5 mm, 5 mm bevel 40 km/h",0.042,0.46777778,118.10352,-6.7220655,4360.6525,-21.977886,34.813361
"bar 28x5 mm, 5 mm bevel 40 km/h",0.0422,0.47,120.28464,-6.9588828,4371.5212,-24.100966,34.810614
"bar 28x5 mm, 5 mm bevel 40 km/h",0.0424,0.47222222,120.12974,-7.1812,4376.899,-25.945541,34.807601
"bar 28x5 mm, 5 mm bevel 40 km/h",0.0426,0.47444444,117.88387,-7.3972677,4375.9337,-27.515237,34.804358
"bar 28x5 mm, 5 mm bevel 40 km/h",0.0428,0.47666667,113.76835,-7.5995956,4367.6382,-28.809681,34.800919
"bar 28x5 mm, 5 mm bevel 40 km/h",0.043,0.47888889,107.9662,-7.7899383,4351.3225,-29.815825,34.797317
"bar 28x5 mm, 5 mm bevel 40 km/h",0.0432,0.48111111,100.70554,-7.9653617,4327.0476,-30.559229,34.79359
"bar 28x5 mm, 5 mm bevel 40 km/h",0.0434,0.48333333,92.218242,-8.1240754,4295.5987,-31.077199,34.78977
"bar 28x5 mm, 5 mm bevel 40 km/h",0.0436,0.48555556,82.742257,-8.2705269,4258.2815,-31.387068,34.785886
"bar 28x5 mm, 5 mm bevel 40 km/h",0.0438,0.48777778,72.598787,-8.4047394,4216.5406,-31.502344,34.781962
"bar 28x5 mm, 5 mm bevel 40 km/h",0.044,0.49,62.109283,-8.5306672,4172.1097,-31.434236,34.778025
"bar 28x5 mm, 5 mm bevel 40 km/h",0.0442,0.49222222,51.599681,-8.6479824,4126.5291,-31.189646,34.774095
"bar 28x5 mm, 5 mm bevel 40 km/h",0.0444,0.49444444,41.333204,-8.7518847,4081.3328,-30.78107,34.770197
"bar 28x5 mm, 5 mm bevel 40 km/h",0.0446,0.49666667,31.618715,-8.8415083,4037.5363,-30.227019,34.766349
"bar 28x5 mm, 5 mm bevel 40 km/h",0.0448,0.49888889,22.894427,-8.9224867,3995.3692,-29.570273,34.762571
"bar 28x5 mm, 5 mm bevel 40 km/h",0.045,0.50111111,15.527393,-8.9947784,3954.7271,-28.858378,34.758874
"bar 28x5 mm, 5 mm bevel 40 km/h",0.0452,0.50333333,9.7045972,-9.0528567,3915.4838,-28.104533,34.755267
"bar 28x5 mm, 5 mm bevel 40 km/h",0.0454,0.50555556,5.619486,-9.0985277,3877.8826,-27.352478,34.751754
"bar 28x5 mm, 5 mm bevel 40 km/h",0.0456,0.50777778,3.4197626,-9.1289212,3842.6296,-26.664953,34.748335
"bar 28x5 mm, 5 mm bevel 40 km/h",0.0458,0.51,3.2000124,-9.1483861,3810.7808,-26.083052,34.745002
"bar 28x5 mm, 5 mm bevel 40 km/h",0.046,0.51222222,5.0901724,-9.1517362,3783.2474,-25.626192,34.741741
"bar 28x5 mm, 5 mm bevel 40 km/h",0.0462,0.51444444,9.1833728,-9.1509546,3761.0325,-25.301436,34.738538
"bar 28x5 mm, 5 mm bevel 40 km/h",0.0464,0.51666667,15.569367,-9.1422599,3744.9762,-25.116518,34.735375
"bar 28x5 mm, 5 mm bevel 40 km/h",0.0466,0.51888889,24.202026,-9.1232958,3735.6542,-25.057151,34.732236
"bar 28x5 mm, 5 mm bevel 40 km/h",0.0468,0.52111111,34.969885,-9.0853126,3733.112,-25.097717,34.729104
"bar 28x5 mm, 5 mm bevel 40 km/h",0.047,0.52333333,47.786846,-9.0329813,3736.8096,-25.22947,34.725967
"bar 28x5 mm, 5 mm bevel 40 km/h",0.0472,0.52555556,62.459529,-8.9686547,3745.965,-25.463341,34.722813
"bar 28x5 mm, 5 mm bevel 40 km/h",0.0474,0.52777778,78.522495,-8.8902769,3759.6832,-25.769618,34.71963
"bar 28x5 mm, 5 mm bevel 40 km/h",0.0476,0.53,95.40036,-8.797059,3777.4719,-26.128726,34.716409
"bar 28x5 mm, 5 mm bevel 40 km/h",0.0478,0.53222222,112.48789,-8.6905044,3799.1517,-26.542242,34.713143
"bar 28x5 mm, 5 mm bevel 40 km/h",0.048,0.53444444,129.11579,-8.5746526,3824.6196,-26.986509,34.709825
"bar 28x5 mm, 5 mm bevel 40 km/h",0.0482,0.53666667,144.69763,-8.4534955,3853.7349,-27.42934,34.706452
"bar 28x5 mm, 5 mm bevel 40 km/h",0.0484,0.53888889,158.68688,-8.327465,3886.3479,-27.828097,34.703023
"bar 28x5 mm, 5 mm bevel 40 km/h",0.0486,0.54111111,170.6269,-8.2027746,3922.1451,-28.138533,34.699544
"bar 28x5 mm, 5 mm bevel 40 km/h",0.0488,0.54333333,180.12407,-8.0765102,3960.4666,-28.307281,34.696027
"bar 28x5 mm, 5 mm bevel 40 km/h",0.049,0.54555556,186.81547,-7.9406048,4000.5843,-28.289939,34.692489
"bar 28x5 mm, 5 mm bevel 40 km/h",0.0492,0.54777778,190.50964,-7.7955313,4041.4676,-28.068222,34.688952
"bar 28x5 mm, 5 mm bevel 40 km/h",0.0494,0.55,191.27042,-7.6506332,4081.4036,-27.658548,34.685444
"bar 28x5 mm, 5 mm bevel 40 km/h",0.0496,0.55222222,189.1631,-7.5019739,4118.5371,-27.067516,34.681987
"bar 28x5 mm, 5 mm bevel 40 km/h",0.0498,0.55444444,184.24569,-7.3529345,4151.5094,-26.295026,34.678603
"bar 28x5 mm, 5 mm bevel 40 km/h",0.05,0.55666667,176.70752,-7.2030397,4179.6623,-25.38471,34.675316
"bar 28x5 mm, 5 mm bevel 40 km/h",0.0502,0.55888889,166.77136,-7.0516175,4203.0899,-24.388182,34.672143
"bar 28x5 mm, 5 mm bevel 40 km/h",0.0504,0.56111111,154.72595,-6.9031132,4222.3007,-23.338615,34.669095
"bar 28x5 mm, 5 mm bevel 40 km/h",0.0506,0.56333333,140.98694,-6.7562496,4237.6918,-22.259712,34.666177
"bar 28x5 mm, 5 mm bevel 40 km/h",0.0508,0.56555556,125.98342,-6.6150481,4249.7741,-21.166762,34.663395
"bar 28x5 mm, 5 mm bevel 40 km/h",0.051,0.56777778,110.12733,-6.4787369,4258.9442,-20.072508,34.660749
"bar 28x5 mm, 5 mm bevel 40 km/h",0.0512,0.57,93.758598,-6.3422302,4265.3376,-18.980322,34.65824
"bar 28x5 mm, 5 mm bevel 40 km/h",0.0514,0.57222222,77.234648,-6.2050941,4268.6231,-17.897699,34.655867
"bar 28x5 mm, 5 mm bevel 40 km/h",0.0516,0.57444444,60.982455,-6.0710672,4268.028,-16.86155,34.65363
"bar 28x5 mm, 5 mm bevel 40 km/h",0.0518,0.57666667,45.29486,-5.9371607,4262.6779,-15.897934,34.651523
"bar 28x5 mm, 5 mm bevel 40 km/h",0.052,0.57888889,30.31227,-5.8018371,4251.752,-14.994163,34.649535
"bar 28x5 mm, 5 mm bevel 40 km/h",0.0522,0.58111111,16.194761,-5.6670083,4235.1173,-14.17555,34.647661
"bar 28x5 mm, 5 mm bevel 40 km/h",0.0524,0.58333333,3.0559576,-5.5282033,4213.2679,-13.471355,34.645889
"bar 28x5 mm, 5 mm bevel 40 km/h",0.0526,0.58555556,-9.0099889,-5.3902053,4187.2174,-12.884824,34.644205
"bar 28x5 mm, 5 mm bevel 40 km/h",0.0528,0.58777778,-19.827619,-5.2536743,4158.1636,-12.411047,34.642595
"bar 28x5 mm, 5 mm bevel 40 km/h",0.053,0.59,-29.200303,-5.1239193,4127.3477,-12.030002,34.641043
"bar 28x5 mm, 5 mm bevel 40 km/h",0.0532,0.59222222,-36.911115,-5.0010557,4095.9871,-11.730874,34.639539
"bar 28x5 mm, 5 mm bevel 40 km/h",0.0534,0.59444444,-42.822619,-4.8789474,4065.0604,-11.488098,34.638073
"bar 28x5 mm, 5 mm bevel 40 km/h",0.0536,0.59666667,-46.824194,-4.7501789,4035.0321,-11.267919,34.636637
"bar 28x5 mm, 5 mm bevel 40 km/h",0.0538,0.59888889,-48.759714,-4.6189862,4005.917,-11.068082,34.635229
"bar 28x5 mm, 5 mm bevel 40 km/h",0.054,0.60111111,-48.586182,-4.4874353,3977.4839,-10.899147,34.633845
"bar 28x5 mm, 5 mm bevel 40 km/h",0.0542,0.60333333,-46.513254,-4.3527591,3949.4631,-10.734599,34.632483
"bar 28x5 mm, 5 mm bevel 40 km/h",0.0544,0.60555556,-42.856527,-4.2154771,3922.0788,-10.562876,34.631141
"bar 28x5 mm, 5 mm bevel 40 km/h",0.0546,0.60777778,-37.973435,-4.0761327,3895.9222,-10.395688,34.62982
"bar 28x5 mm, 5 mm bevel 40 km/h",0.0548,0.61,-32.297387,-3.9395403,3871.8329,-10.223424,34.628521
"bar 28x5 mm, 5 mm bevel 40 km/h",0.055,0.61222222,-26.227322,-3.80958,3850.7855,-10.022726,34.627243
"bar 28x5 mm, 5 mm bevel 40 km/h",0.0552,0.61444444,-20.135688,-3.6841159,3833.7353,-9.759518,34.62599
"bar 28x5 mm, 5 mm bevel 40 km/h",0.0554,0.61666667,-14.339762,-3.5689422,3821.3571,-9.3884759,34.62477
"bar 28x5 mm, 5 mm bevel 40 km/h",0.0556,0.61888889,-9.1371842,-3.4602176,3814.1274,-8.8662312,34.623597
"bar 28x5 mm, 5 mm bevel 40 km/h",0.0558,0.62111111,-4.85837,-3.350837,3812.3454,-8.1490365,34.622488
"bar 28x5 mm, 5 mm bevel 40 km/h",0.056,0.62333333,-1.7195582,-3.243234,3815.8505,-7.2144812,34.62147
"bar 28x5 mm, 5 mm bevel 40 km/h",0.0562,0.62555556,0.25277239,-3.1435025,3823.6154,-6.0688162,34.620568
"bar 28x5 mm, 5 mm bevel 40 km/h",0.0564,0.62777778,1.0099433,-3.0488998,3834.3551,-4.7251646,34.619809
"bar 28x5 mm, 5 mm bevel 40 km/h",0.0566,0.63,0.40170318,-2.9599882,3847.0587,-3.1761518,34.619219
"bar 28x5 mm, 5 mm bevel 40 km/h",0.0568,0.63222222,-1.6321891,-2.8770768,3861.2582,-1.4572751,34.618822
"bar 28x5 mm, 5 mm bevel 40 km/h",0.057,0.63444444,-5.096773,-2.8003544,3877.1034,0.36922348,34.61864
"bar 28x5 mm, 5 mm bevel 40 km/h",0.0572,0.63666667,-9.953444,-2.7324335,3895.0925,2.2635043,34.618686
"bar 28x5 mm, 5 mm bevel 40 km/h",0.0574,0.63888889,-16.026677,-2.6774381,3915.6162,4.1915446,34.618969
"bar 28x5 mm, 5 mm bevel 40 km/h",0.0576,0.64111111,-23.059657,-2.6354572,3939.0346,6.1231022,34.619493
"bar 28x5 mm, 5 mm bevel 40 km/h",0.0578,0.64333333,-30.739791,-2.6063852,3965.3996,8.0271828,34.620258
"bar 28x5 mm, 5 mm bevel 40 km/h",0.058,0.64555556,-38.781426,-2.5881576,3994.5052,9.8770563,34.621261
"bar 28x5 mm, 5 mm bevel 40 km/h",0.0582,0.64777778,-46.877549,-2.5737446,4025.6395,11.649017,34.622496
"bar 28x5 mm, 5 mm bevel 40 km/h",0.0584,0.65,-54.622317,-2.5724561,4057.3531,13.303654,34.623952
"bar 28x5 mm, 5 mm bevel 40 km/h",0.0586,0.65222222,-61.688119,-2.5858688,4087.9368,14.793557,34.625615
"bar 28x5 mm, 5 mm bevel 40 km/h",0.0588,0.65444444,-67.970874,-2.6107608,4115.7871,16.115193,34.627464
"bar 28x5 mm, 5 mm bevel 40 km/h",0.059,0.65666667,-73.435082,-2.6459511,4139.9047,17.249302,34.629479
"bar 28x5 mm, 5 mm bevel 40 km/h",0.0592,0.65888889,-78.089445,-2.6877637,4159.8919,18.157465,34.631635
"bar 28x5 mm, 5 mm bevel 40 km/h",0.0594,0.66111111,-82.012146,-2.7407257,4175.9016,18.827405,34.633905
"bar 28x5 mm, 5 mm bevel 40 km/h",0.0596,0.66333333,-85.281644,-2.8035869,4188.3657,19.270833,34.636258
"bar 28x5 mm, 5 mm bevel 40 km/h",0.0598,0.66555556,-87.974771,-2.8865743,4197.7935,19.520591,34.638667
"bar 28x5 mm, 5 mm bevel 40 km/h",0.06,0.66777778,-90.142678,-2.9873139,4204.7414,19.604459,34.641107
"bar 28x5 mm, 5 mm bevel 40 km/h",0.0602,0.67,-91.899015,-3.1024303,4209.5161,19.571312,34.643557
"bar 28x5 mm, 5 mm bevel 40 km/h",0.0604,0.67222222,-93.354604,-3.2211003,4212.0921,19.468324,34.646004
"bar 28x5 mm, 5 mm bevel 40 km/h",0.0606,0.67444444,-94.559885,-3.3458792,4212.2332,19.313967,34.648437
"bar 28x5 mm, 5 mm bevel 40 km/h",0.0608,0.67666667,-95.534836,-3.4779492,4209.0957,19.115962,34.650852
"bar 28x5 mm, 5 mm bevel 40 km/h",0.061,0.67888889,-96.400105,-3.6143748,4201.7379,18.899638,34.653241
"bar 28x5 mm, 5 mm bevel 40 km/h",0.0612,0.68111111,-97.331059,-3.7543146,4189.6435,18.689125,34.655604
"bar 28x5 mm, 5 mm bevel 40 km/h",0.0614,0.68333333,-98.463289,-3.8955318,4172.8732,18.470366,34.65794
"bar 28x5 mm, 5 mm bevel 40 km/h",0.0616,0.68555556,-99.967188,-4.0399909,4152.2263,18.2341,34.660249
"bar 28x5 mm, 5 mm bevel 40 km/h",0.0618,0.68777778,-101.95939,-4.1899946,4128.8909,17.986844,34.662528
"bar 28x5 mm, 5 mm bevel 40 km/h",0.062,0.69,-104.43747,-4.3429806,4103.9491,17.742172,34.664776
"bar 28x5 mm, 5 mm bevel 40 km/h",0.0622,0.69222222,-107.31484,-4.5032482,4078.3774,17.518838,34.666994
"bar 28x5 mm, 5 mm bevel 40 km/h",0.0624,0.69444444,-110.48485,-4.6651324,4053.1495,17.331881,34.669184
"bar 28x5 mm, 5 mm bevel 40 km/h",0.0626,0.69666667,-113.87112,-4.8169993,4029.1391,17.193714,34.67135
"bar 28x5 mm, 5 mm bevel 40 km/h",0.0628,0.69888889,-117.30107,-4.9607956,4006.8158,17.098783,34.673499
"bar 28x5 mm, 5 mm bevel 40 km/h",0.063,0.70111111,-120.48883,-5.0994304,3985.8067,17.031002,34.675637
"bar 28x5 mm, 5 mm bevel 40 km/h",0.0632,0.70333333,-123.20257,-5.2285859,3965.3743,16.973298,34.677766
"bar 28x5 mm, 5 mm bevel 40 km/h",0.0634,0.70555556,-125.38514,-5.3461136,3945.0625,16.935498,34.679887
"bar 28x5 mm, 5 mm bevel 40 km/h",0.0636,0.70777778,-126.99429,-5.4514804,3924.9486,16.898991,34.682004
"bar 28x5 mm, 5 mm bevel 40 km/h",0.0638,0.71,-128.0088,-5.5434732,3905.7033,16.821507,34.684117
"bar 28x5 mm, 5 mm bevel 40 km/h",0.064,0.71222222,-128.45982,-5.6235268,3888.3556,16.69195,34.686219
"bar 28x5 mm, 5 mm bevel 40 km/h",0.0642,0.71444444,-128.32814,-5.6936236,3873.8539,16.511654,34.688306
"bar 28x5 mm, 5 mm bevel 40 km/h",0.0644,0.71666667,-127.58423,-5.7540855,3863.1522,16.289867,34.69037
"bar 28x5 mm, 5 mm bevel 40 km/h",0.0646,0.71888889,-126.2007,-5.8053985,3856.935,16.039021,34.692406
"bar 28x5 mm, 5 mm bevel 40 km/h",0.0648,0.72111111,-124.21584,-5.8436535,3855.6451,15.778087,34.694411
"bar 28x5 mm, 5 mm bevel 40 km/h",0.065,0.72333333,-121.64711,-5.8594815,3859.2217,15.522643,34.696383
"bar 28x5 mm, 5 mm bevel 40 km/h",0.0652,0.72555556,-118.438,-5.8631421,3866.8569,15.278227,34.698324
"bar 28x5 mm, 5 mm bevel 40 km/h",0.0654,0.72777778,-114.57165,-5.8571871,3877.3912,15.034062,34.700233
"bar 28x5 mm, 5 mm bevel 40 km/h",0.0656,0.73,-110.20024,-5.8384738,3889.6722,14.809013,34.702113
"bar 28x5 mm, 5 mm bevel 40 km/h",0.0658,0.73222222,-105.53916,-5.807014,3903.0936,14.606219,34.703964
"bar 28x5 mm, 5 mm bevel 40 km/h",0.066,0.73444444,-100.7686,-5.7613141,3917.4227,14.395184,34.705789
"bar 28x5 mm, 5 mm bevel 40 km/h",0.0662,0.73666667,-96.085939,-5.7041252,3932.8284,14.164952,34.707589
"bar 28x5 mm, 5 mm bevel 40 km/h",0.0664,0.73888889,-91.642662,-5.6353204,3949.6215,13.921014,34.709359
"bar 28x5 mm, 5 mm bevel 40 km/h",0.0666,0.74111111,-87.533198,-5.568454,3968.1176,13.676867,34.7111
"bar 28x5 mm, 5 mm bevel 40 km/h",0.0668,0.74333333,-83.792875,-5.5008377,3988.5617,13.44207,34.712809
"bar 28x5 mm, 5 mm bevel 40 km/h",0.067,0.74555556,-80.464785,-5.4333837,4010.9028,13.237268,34.714489
"bar 28x5 mm, 5 mm bevel 40 km/h",0.0672,0.74777778,-77.540164,-5.3544355,4034.505,13.087294,34.716144
"bar 28x5 mm, 5 mm bevel 40 km/h",0.0674,0.75,-74.941625,-5.2668416,4058.614,12.983728,34.71778
"bar 28x5 mm, 5 mm bevel 40 km/h",0.0676,0.75222222,-72.552304,-5.173907,4081.916,12.905542,34.719403
"bar 28x5 mm, 5 mm bevel 40 km/h",0.0678,0.75444444,-70.337331,-5.0758025,4102.9231,12.848755,34.721016
"bar 28x5 mm, 5 mm bevel 40 km/h",0.068,0.75666667,-68.346407,-4.9722913,4120.7679,12.80715,34.722622
"bar 28x5 mm, 5 mm bevel 40 km/h",0.0682,0.75888889,-66.597263,-4.8633768,4135.0336,12.746642,34.724223
"bar 28x5 mm, 5 mm bevel 40 km/h",0.0684,0.76111111,-65.121335,-4.7535873,4145.8132,12.640895,34.725817
"bar 28x5 mm, 5 mm bevel 40 km/h",0.0686,0.76333333,-63.939723,-4.6460619,4153.6544,12.479956,34.727397
"bar 28x5 mm, 5 mm bevel 40 km/h",0.0688,0.76555556,-63.017526,-4.5423642,4159.1796,12.261958,34.728957
"bar 28x5 mm, 5 mm bevel 40 km/h",0.069,0.76777778,-62.269209,-4.4472804,4162.8435,11.99745,34.730489
"bar 28x5 mm, 5 mm bevel 40 km/h",0.0692,0.77,-61.630101,-4.3580565,4165.0661,11.696915,34.731989
"bar 28x5 mm, 5 mm bevel 40 km/h",0.0694,0.77222222,-61.108888,-4.2659314,4166.1635,11.375576,34.733451
"bar 28x5 mm, 5 mm bevel 40 km/h",0.0696,0.77444444,-60.634648,-4.1702574,4166.0727,11.03033,34.734873
"bar 28x5 mm, 5 mm bevel 40 km/h",0.0698,0.77666667,-60.028012,-4.0801565,4163.9233,10.644335,34.736252
"bar 28x5 mm, 5 mm bevel 40 km/h",0.07,0.77888889,-59.189446,-3.9914828,4158.5783,10.209187,34.737582
"bar 28x5 mm, 5 mm bevel 40 km/h",0.0702,0.78111111,-58.150771,-3.9062426,4149.3077,9.7358191,34.738859
"bar 28x5 mm, 5 mm bevel 40 km/h",0.0704,0.78333333,-56.94756,-3.8237867,4136.0054,9.2100009,34.740076
"bar 28x5 mm, 5 mm bevel 40 km/h",0.0706,0.78555556,-55.619663,-3.7432016,4119.2977,8.6006132,34.741227
"bar 28x5 mm, 5 mm bevel 40 km/h",0.0708,0.78777778,-54.235169,-3.667351,4100.2485,7.9089294,34.742302
"bar 28x5 mm, 5 mm bevel 40 km/h",0.071,0.79,-52.763433,-3.5954623,4079.8987,7.1417172,34.743291
"bar 28x5 mm, 5 mm bevel 40 km/h",0.0712,0.79222222,-51.167499,-3.5295534,4059.3877,6.3184864,34.744183
"bar 28x5 mm, 5 mm bevel 40 km/h",0.0714,0.79444444,-49.392397,-3.4686886,4039.6598,5.4591538,34.744973
"bar 28x5 mm, 5 mm bevel 40 km/h",0.0716,0.79666667,-47.427319,-3.4086482,4021.4661,4.5843222,34.745655
"bar 28x5 mm, 5 mm bevel 40 km/h",0.0718,0.79888889,-45.228592,-3.3461269,4005.1102,3.7087693,34.746228
"bar 28x5 mm, 5 mm bevel 40 km/h",0.072,0.80111111,-42.668414,-3.2883312,3990.171,2.8342371,34.746692
"bar 28x5 mm, 5 mm bevel 40 km/h",0.0722,0.80333333,-39.663157,-3.2346844,3975.9779,1.9471031,34.747046
"bar 28x5 mm, 5 mm bevel 40 km/h",0.0724,0.80555556,-36.318171,-3.1810026,3961.9016,1.0720992,34.74729
"bar 28x5 mm, 5 mm bevel 40 km/h",0.0726,0.80777778,-32.742121,-3.1266199,3947.8222,0.20434181,34.747424
"bar 28x5 mm, 5 mm bevel 40 km/h",0.0728,0.81,-29.049722,-3.0677705,3934.1374,-0.68640076,34.747449
"bar 28x5 mm, 5 mm bevel 40 km/h",0.073,0.81222222,-25.389211,-3.0104694,3921.6457,-1.604054,34.747364
"bar 28x5 mm, 5 mm bevel 40 km/h",0.0732,0.81444444,-21.831201,-2.9548558,3911.0825,-2.5349774,34.747163
"bar 28x5 mm, 5 mm bevel 40 km/h",0.0734,0.81666667,-18.425805,-2.9076103,3903.3722,-3.462472,34.746846
"bar 28x5 mm, 5 mm bevel 40 km/h",0.0736,0.81888889,-15.160389,-2.8671788,3899.1918,-4.3693548,34.746413
"bar 28x5 mm, 5 mm bevel 40 km/h",0.0738,0.82111111,-12.060991,-2.8301592,3899.0748,-5.2343328,34.745867
"bar 28x5 mm, 5 mm bevel 40 km/h",0.074,0.82333333,-9.10794,-2.7870749,3902.8603,-6.026911,34.745213
"bar 28x5 mm, 5 mm bevel 40 km/h",0.0742,0.82555556,-6.178182,-2.7415411,3909.8308,-6.7419548,34.744459
"bar 28x5 mm, 5 mm bevel 40 km/h",0.0744,0.82777778,-3.1661223,-2.6953025,3918.9291,-7.3930418,34.743617
"bar 28x5 mm, 5 mm bevel 40 km/h",0.0746,0.83,-0.099145828,-2.645081,3929.0216,-7.9731521,34.742693
"bar 28x5 mm, 5 mm bevel 40 km/h",0.0748,0.83222222,2.9146822,-2.5903214,3939.5017,-8.4816086,34.741696
"bar 28x5 mm, 5 mm bevel 40 km/h",0.075,0.83444444,5.7858679,-2.5313995,3950.2113,-8.9485401,34.740636
"bar 28x5 mm, 5 mm bevel 40 km/h",0.0752,0.83666667,8.4097307,-2.4714474,3961.3553,-9.390912,34.739517
"bar 28x5 mm, 5 mm bevel 40 km/h",0.0754,0.83888889,10.720325,-2.4122682,3973.3158,-9.8110283,34.738343
"bar 28x5 mm, 5 mm bevel 40 km/h",0.0756,0.84111111,12.705454,-2.3612314,3986.37,-10.194372,34.737117
"bar 28x5 mm, 5 mm bevel 40 km/h",0.0758,0.84333333,14.392083,-2.3174326,4000.9421,-10.536395,34.735843
"bar 28x5 mm, 5 mm bevel 40 km/h",0.076,0.84555556,15.786689,-2.2810653,4017.1924,-10.818509,34.734526
"bar 28x5 mm, 5 mm bevel 40 km/h",0.0762,0.84777778,16.88388,-2.2432927,4034.852,-11.015765,34.733173
"bar 28x5 mm, 5 mm bevel 40 km/h",0.0764,0.85,17.749314,-2.2022552,4053.4462,-11.133259,34.731796
"bar 28x5 mm, 5 mm bevel 40 km/h",0.0766,0.85222222,18.549991,-2.1655769,4071.7587,-11.195526,34.730405
"bar 28x5 mm, 5 mm bevel 40 km/h",0.0768,0.85444444,19.342061,-2.1300444,4088.2966,-11.205485,34.729005
"bar 28x5 mm, 5 mm bevel 40 km/h",0.077,0.85666667,20.079929,-2.0972022,4102.0057,-11.159039,34.727605
"bar 28x5 mm, 5 mm bevel 40 km/h",0.0772,0.85888889,20.738474,-2.0667767,4112.3595,-11.084742,34.72621
"bar 28x5 mm, 5 mm bevel 40 km/h",0.0774,0.86111111,21.245159,-2.0388471,4119.6118,-11.01206,34.724824
"bar 28x5 mm, 5 mm bevel 40 km/h",0.0776,0.86333333,21.536095,-2.0179512,4124.4407,-10.950679,34.723448
"bar 28x5 mm, 5 mm bevel 40 km/h",0.0778,0.86555556,21.638512,-1.99892,4127.3368,-10.89561,34.722079
"bar 28x5 mm, 5 mm bevel 40 km/h",0.078,0.86777778,21.598795,-1.9879812,4128.8966,-10.836518,34.720717
"bar 28x5 mm, 5 mm bevel 40 km/h",0.0782,0.87,21.463376,-1.9844256,4129.6037,-10.761395,34.719362
"bar 28x5 mm, 5 mm bevel 40 km/h",0.0784,0.87222222,21.227742,-1.9826856,4129.8129,-10.655334,34.718017
"bar 28x5 mm, 5 mm bevel 40 km/h",0.0786,0.87444444,20.946263,-1.9839756,4129.5044,-10.51729,34.716685
"bar 28x5 mm, 5 mm bevel 40 km/h",0.0788,0.87666667,20.79643,-1.9916404,4127.8973,-10.3646,34.71537
"bar 28x5 mm, 5 mm bevel 40 km/h",0.079,0.87888889,20.879924,-2.0038256,4123.9823,-10.21411,34.714075
"bar 28x5 mm, 5 mm bevel 40 km/h",0.0792,0.88111111,21.139765,-2.0210314,4116.9778,-10.052247,34.712798
"bar 28x5 mm, 5 mm bevel 40 km/h",0.0794,0.88333333,21.531982,-2.0430965,4106.7149,-9.9002899,34.711542
"bar 28x5 mm, 5 mm bevel 40 km/h",0.0796,0.88555556,21.980544,-2.0661603,4093.6644,-9.7919216,34.710304
"bar 28x5 mm, 5 mm bevel 40 km/h",0.0798,0.88777778,22.384282,-2.0945778,4078.7476,-9.7337882,34.70908
"bar 28x5 mm, 5 mm bevel 40 km/h",0.08,0.89,22.726791,-2.1334049,4062.8509,-9.7215293,34.707863
"bar 28x5 mm, 5 mm bevel 40 km/h",0.0802,0.89222222,23.006615,-2.1838431,4046.9973,-9.7416382,34.706648
"bar 28x5 mm, 5 mm bevel 40 km/h",0.0804,0.89444444,23.242095,-2.2456334,4032.048,-9.7800626,34.70543
"bar 28x5 mm, 5 mm bevel 40 km/h",0.0806,0.89666667,23.411701,-2.3143259,4018.7285,-9.8207528,34.704208
"bar 28x5 mm, 5 mm bevel 40 km/h",0.0808,0.89888889,23.521398,-2.3802191,4007.1579,-9.8380669,34.70298
"bar 28x5 mm, 5 mm bevel 40 km/h",0.081,0.90111111,23.695954,-2.4503862,3996.9173,-9.8379027,34.701751
"bar 28x5 mm, 5 mm bevel 40 km/h",0.0812,0.90333333,24.010022,-2.5236116,3987.339,-9.838198,34.700521
"bar 28x5 mm, 5 mm bevel 40 km/h",0.0814,0.90555556,24.394326,-2.5951205,3977.6598,-9.8228666,34.699291
"bar 28x5 mm, 5 mm bevel 40 km/h",0.0816,0.90777778,24.760019,-2.6648433,3967.5911,-9.796017,34.698063
"bar 28x5 mm, 5 mm bevel 40 km/h",0.0818,0.91,25.017532,-2.7305708,3957.3698,-9.7887504,34.696839
"bar 28x5 mm, 5 mm bevel 40 km/h",0.082,0.91222222,25.065247,-2.7948636,3947.6653,-9.8139862,34.695615
"bar 28x5 mm, 5 mm bevel 40 km/h",0.0822,0.91444444,24.857988,-2.8558954,3939.3046,-9.8709825,34.694388
"bar 28x5 mm, 5 mm bevel 40 km/h",0.0824,0.91666667,24.395134,-2.9242147,3932.9967,-9.9397667,34.693155
"bar 28x5 mm, 5 mm bevel 40 km/h",0.0826,0.91888889,23.732671,-2.9941591,3929.5567,-10.016918,34.691912
"bar 28x5 mm, 5 mm bevel 40 km/h",0.0828,0.92111111,22.880746,-3.0661535,3929.4533,-10.074541,34.69066
"bar 28x5 mm, 5 mm bevel 40 km/h",0.083,0.92333333,21.856451,-3.1295949,3932.6521,-10.082723,34.689401
"bar 28x5 mm, 5 mm bevel 40 km/h",0.0832,0.92555556,20.748443,-3.1850256,3938.8136,-10.041729,34.68814
"bar 28x5 mm, 5 mm bevel 40 km/h",0.0834,0.92777778,19.704511,-3.2365118,3946.9252,-9.969908,34.686885
"bar 28x5 mm, 5 mm bevel 40 km/h",0.0836,0.93,18.735723,-3.2801208,3955.7397,-9.8635425,34.685639
"bar 28x5 mm, 5 mm bevel 40 km/h",0.0838,0.93222222,17.745413,-3.3162166,3964.4526,-9.7155798,34.684406
"bar 28x5 mm, 5 mm bevel 40 km/h",0.084,0.93444444,16.657981,-3.3452809,3972.7247,-9.5506812,34.683191
"bar 28x5 mm, 5 mm bevel 40 km/h",0.0842,0.93666667,15.369755,-3.3692784,3980.7439,-9.3889831,34.681998
"bar 28x5 mm, 5 mm bevel 40 km/h",0.0844,0.93888889,13.794125,-3.392269,3989.0465,-9.230521,34.680824
"bar 28x5 mm, 5 mm bevel 40 km/h",0.0846,0.94111111,11.927241,-3.4091587,3998.1581,-9.0711104,34.67967
"bar 28x5 mm, 5 mm bevel 40 km/h",0.0848,0.94333333,9.8107743,-3.4245825,4008.3892,-8.8886096,34.678536
"bar 28x5 mm, 5 mm bevel 40 km/h",0.085,0.94555556,7.4977771,-3.4377235,4019.9831,-8.6660646,34.677425
"bar 28x5 mm, 5 mm bevel 40 km/h",0.0852,0.94777778,4.9809766,-3.4412234,4033.0577,-8.3818434,34.676342
"bar 28x5 mm, 5 mm bevel 40 km/h",0.0854,0.95,2.3251283,-3.4355406,4047.309,-8.0310234,34.675294
"bar 28x5 mm, 5 mm bevel 40 km/h",0.0856,0.95222222,-0.28231512,-3.4264651,4061.6303,-7.6264021,34.67429
"bar 28x5 mm, 5 mm bevel 40 km/h",0.0858,0.95444444,-2.7283541,-3.4122858,4074.6727,-7.1823303,34.673337
"bar 28x5 mm, 5 mm bevel 40 km/h",0.086,0.95666667,-5.0753139,-3.3918045,4085.3562,-6.6824348,34.672439
"bar 28x5 mm, 5 mm bevel 40 km/h",0.0862,0.95888889,-7.3508304,-3.3654565,4093.1238,-6.147782,34.671604
"bar 28x5 mm, 5 mm bevel 40 km/h",0.0864,0.96111111,-9.6114145,-3.3301032,4098.1025,-5.6164396,34.670835
"bar 28x5 mm, 5 mm bevel 40 km/h",0.0866,0.96333333,-11.939083,-3.2898113,4100.8986,-5.1001901,34.670133
"bar 28x5 mm, 5 mm bevel 40 km/h",0.0868,0.96555556,-14.32546,-3.2502846,4102.0885,-4.5999672,34.669496
"bar 28x5 mm, 5 mm bevel 40 km/h",0.087,0.96777778,-16.743204,-3.2125088,4102.3854,-4.1060691,34.668921
"bar 28x5 mm, 5 mm bevel 40 km/h",0.0872,0.97,-19.139234,-3.176253,4102.3135,-3.6063112,34.668408
"bar 28x5 mm, 5 mm bevel 40 km/h",0.0874,0.97222222,-21.492677,-3.1390593,4102.3507,-3.0916109,34.667957
"bar 28x5 mm, 5 mm bevel 40 km/h",0.0876,0.97444444,-23.743747,-3.0938854,4102.3587,-2.5441408,34.66757
"bar 28x5 mm, 5 mm bevel 40 km/h",0.0878,0.97666667,-25.723302,-3.0488635,4101.7033,-1.9756735,34.667252
"bar 28x5 mm, 5 mm bevel 40 km/h",0.088,0.97888889,-27.308457,-3.0029026,4099.4771,-1.4088468,34.667005
"bar 28x5 mm, 5 mm bevel 40 km/h",0.0882,0.98111111,-28.539595,-2.9528918,4094.8045,-0.83276095,34.666829
"bar 28x5 mm, 5 mm bevel 40 km/h",0.0884,0.98333333,-29.494874,-2.8991344,4087.3925,-0.25728788,34.666725
"bar 28x5 mm, 5 mm bevel 40 km/h",0.0886,0.98555556,-30.254724,-2.8406579,4077.4526,0.28174856,34.666693
"bar 28x5 mm, 5 mm bevel 40 km/h",0.0888,0.98777778,-30.921797,-2.7816592,4065.6641,0.76796864,34.666728
"bar 28x5 mm, 5 mm bevel 40 km/h",0.089,0.99,-31.56004,-2.7205225,4052.9213,1.200648,34.666824
"bar 28x5 mm, 5 mm bevel 40 km/h",0.0892,0.99222222,-32.196702,-2.6718356,4040.0513,1.5969474,34.666974
"bar 28x5 mm, 5 mm bevel 40 km/h",0.0894,0.99444444,-32.800956,-2.6301926,4027.9445,1.9606463,34.667174
"bar 28x5 mm, 5 mm bevel 40 km/h",0.0896,0.99666667,-33.410728,-2.5959696,4017.3617,2.3115166,34.667419
"bar 28x5 mm, 5 mm bevel 40 km/h",0.0898,0.99888889,-34.051456,-2.5587249,4008.5542,2.6752253,34.667708
"bar 28x5 mm, 5 mm bevel 40 km/h",0.09,1.0011111,-34.661636,-2.5195596,4001.4511,3.0492054,34.668042
"bar 28x5 mm, 5 mm bevel 40 km/h",0.0902,1.0033333,-35.119329,-2.4817751,3995.2851,3.4147402,34.668424
"bar 28x5 mm, 5 mm bevel 40 km/h",0.0904,1.0055556,-35.42199,-2.4420631,3989.0666,3.7728058,34.66885
"bar 28x5 mm, 5 mm bevel 40 km/h",0.0906,1.0077778,-35.670878,-2.400787,3982.2699,4.1289505,34.669322
"bar 28x5 mm, 5 mm bevel 40 km/h",0.0908,1.01,-35.946191,-2.3588254,3974.8495,4.4581227,34.669838
"bar 28x5 mm, 5 mm bevel 40 km/h",0.091,1.0122222,-36.349372,-2.3177553,3967.2979,4.7376684,34.670395
"bar 28x5 mm, 5 mm bevel 40 km/h",0.0912,1.0144444,-36.97539,-2.282059,3960.444,4.9669767,34.670988
"bar 28x5 mm, 5 mm bevel 40 km/h",0.0914,1.0166667,-37.829777,-2.2482441,3955.1055,5.1467069,34.671608
"bar 28x5 mm, 5 mm bevel 40 km/h",0.0916,1.0188889,-38.879374,-2.2215213,3951.8733,5.2970114,34.672252
"bar 28x5 mm, 5 mm bevel 40 km/h",0.0918,1.0211111,-40.081735,-2.2009166,3951.2543,5.4330826,34.672914
"bar 28x5 mm, 5 mm bevel 40 km/h",0.092,1.0233333,-41.45404,-2.1786548,3953.6073,5.574349,34.673593
"bar 28x5 mm, 5 mm bevel 40 km/h",0.0922,1.0255556,-42.944012,-2.1537061,3958.8395,5.7250823,34.67429
"bar 28x5 mm, 5 mm bevel 40 km/h",0.0924,1.0277778,-44.391628,-2.130858,3966.005,5.8781318,34.675005
"bar 28x5 mm, 5 mm bevel 40 km/h",0.0926,1.03,-45.690001,-2.1084614,3973.8856,6.0200716,34.67574
"bar 28x5 mm, 5 mm bevel 40 km/h",0.0928,1.0322222,-46.915,-2.0846952,3981.4759,6.1708699,34.676493
"bar 28x5 mm, 5 mm bevel 40 km/h",0.093,1.0344444,-48.118107,-2.0616979,3988.2826,6.3160366,34.677264
"bar 28x5 mm, 5 mm bevel 40 km/h",0.0932,1.0366667,-49.356948,-2.0362409,3994.4082,6.4192279,34.678054
"bar 28x5 mm, 5 mm bevel 40 km/h",0.0934,1.0388889,-50.719312,-2.011834,4000.3231,6.4762404,34.678856
"bar 28x5 mm, 5 mm bevel 40 km/h",0.0936,1.0411111,-52.199261,-1.9900609,4006.5097,6.4906008,34.679666
"bar 28x5 mm, 5 mm bevel 40 km/h",0.0938,1.0433333,-53.773997,-1.9730636,4013.5779,6.4753613,34.680477
"bar 28x5 mm, 5 mm bevel 40 km/h",0.094,1.0455556,-55.393432,-1.9624606,4021.9876,6.4426533,34.681286
"bar 28x5 mm, 5 mm bevel 40 km/h",0.0942,1.0477778,-57.024166,-1.9540743,4031.9198,6.410105,34.682092
"bar 28x5 mm, 5 mm bevel 40 km/h",0.0944,1.05,-58.596748,-1.9395692,4043.0169,6.3992978,34.682893
"bar 28x5 mm, 5 mm bevel 40 km/h",0.0946,1.0522222,-59.949051,-1.9256629,4054.4319,6.406644,34.683693
"bar 28x5 mm, 5 mm bevel 40 km/h",0.0948,1.0544444,-60.959429,-1.9121347,4065.043,6.4158667,34.684494
"bar 28x5 mm, 5 mm bevel 40 km/h",0.095,1.0566667,-61.655404,-1.8948551,4073.7394,6.439312,34.685296
"bar 28x5 mm, 5 mm bevel 40 km/h",0.0952,1.0588889,-62.119663,-1.8742892,4079.9766,6.4743146,34.686101
"bar 28x5 mm, 5 mm bevel 40 km/h",0.0954,1.0611111,-62.423824,-1.8491572,4083.7043,6.4884518,34.68691
"bar 28x5 mm, 5 mm bevel 40 km/h",0.0956,1.0633333,-62.661668,-1.823273,4085.3346,6.4688521,34.687721
"bar 28x5 mm, 5 mm bevel 40 km/h",0.0958,1.0655556,-62.88645,-1.7952778,4085.4935,6.4176469,34.688529
"bar 28x5 mm, 5 mm bevel 40 km/h",0.096,1.0677778,-63.107639,-1.7790624,4084.7513,6.3525786,34.689332
"bar 28x5 mm, 5 mm bevel 40 km/h",0.0962,1.07,-63.286765,-1.7699728,4083.7544,6.2813236,34.690126
"bar 28x5 mm, 5 mm bevel 40 km/h",0.0964,1.0722222,-63.445383,-1.7679471,4083.0388,6.2249714,34.690911
"bar 28x5 mm, 5 mm bevel 40 km/h",0.0966,1.0744444,-63.585344,-1.7624835,4082.6283,6.2111611,34.691689
"bar 28x5 mm, 5 mm bevel 40 km/h",0.0968,1.0766667,-63.634958,-1.7543374,4082.3606,6.2350903,34.692465
"bar 28x5 mm, 5 mm bevel 40 km/h",0.097,1.0788889,-63.465486,-1.7456643,4081.3449,6.280815,34.693245
"bar 28x5 mm, 5 mm bevel 40 km/h",0.0972,1.0811111,-63.049528,-1.7336721,4078.504,6.3484525,34.69403
"bar 28x5 mm, 5 mm bevel 40 km/h",0.0974,1.0833333,-62.46104,-1.7179749,4073.2689,6.4411355,34.694823
"bar 28x5 mm, 5 mm bevel 40 km/h",0.0976,1.0855556,-61.756825,-1.698783,4065.5606,6.533892,34.695629
"bar 28x5 mm, 5 mm bevel 40 km/h",0.0978,1.0877778,-61.023248,-1.6812419,4055.9687,6.5997212,34.696445
"bar 28x5 mm, 5 mm bevel 40 km/h",0.098,1.09,-60.343434,-1.6668141,4045.4018,6.6364999,34.69727
"bar 28x5 mm, 5 mm bevel 40 km/h",0.0982,1.0922222,-59.712441,-1.6524888,4034.7714,6.6426345,34.6981
"bar 28x5 mm, 5 mm bevel 40 km/h",0.0984,1.0944444,-59.089887,-1.6445329,4024.7915,6.634123,34.69893
"bar 28x5 mm, 5 mm bevel 40 km/h",0.0986,1.0966667,-58.437048,-1.6413436,4016.1191,6.6229679,34.699759
"bar 28x5 mm, 5 mm bevel 40 km/h",0.0988,1.0988889,-57.779039,-1.6342925,4009.2797,6.6244,34.700587
"bar 28x5 mm, 5 mm bevel 40 km/h",0.099,1.1011111,-57.071679,-1.6247237,4004.3712,6.6379796,34.701415
"bar 28x5 mm, 5 mm bevel 40 km/h",0.0992,1.1033333,-56.166874,-1.6182233,4000.6676,6.6508474,34.702245
"bar 28x5 mm, 5 mm bevel 40 km/h",0.0994,1.1055556,-54.976264,-1.612989,3997.094,6.6499004,34.703076
"bar 28x5 mm, 5 mm bevel 40 km/h",0.0996,1.1077778,-53.588378,-1.6076172,3992.8605,6.6518498,34.703908
"bar 28x5 mm, 5 mm bevel 40 km/h",0.0998,1.11,-52.077038,-1.6044402,3987.7172,6.640106,34.704739
"bar 28x5 mm, 5 mm bevel 40 km/h",0.1,1.1122222,-50.526386,-1.6012698,3982.0313,6.5778843,34.705569
"bar 28x5 mm, 5 mm bevel 80 km/h",-0.0225,-0.49777778,-57.81799,0.23704817,4256.9515,0.49141681,69.349225
"bar 28x5 mm, 5 mm bevel 80 km/h",-0.0223,-0.49333333,-58.08921,0.24995274,4258.5207,0.49009365,69.349286
"bar 28x5 mm, 5 mm bevel 80 km/h",-0.0221,-0.48888889,-58.261225,0.26135898,4258.8768,0.52383133,69.349347
"bar 28x5 mm, 5 mm bevel 80 km/h",-0.0219,-0.48444444,-58.297262,0.27768667,4257.5314,0.55045473,69.349413
"bar 28x5 mm, 5 mm bevel 80 km/h",-0.0217,-0.48,-58.278487,0.30365803,4255.9343,0.52460636,69.349482
"bar 28x5 mm, 5 mm bevel 80 km/h",-0.0215,-0.47555556,-58.321525,0.31883068,4255.9147,0.45179349,69.349547
"bar 28x5 mm, 5 mm bevel 80 km/h",-0.0213,-0.47111111,-58.499461,0.33852886,4257.6368,0.39805441,69.349604
"bar 28x5 mm, 5 mm bevel 80 km/h",-0.0211,-0.46666667,-58.611959,0.35238779,4259.3731,0.36763358,69.349653
"bar 28x5 mm, 5 mm bevel 80 km/h",-0.0209,-0.46222222,-58.593876,0.36785238,4259.5907,0.35828122,69.349699
"bar 28x5 mm, 5 mm bevel 80 km/h",-0.0207,-0.45777778,-58.449724,0.38560689,4258.1532,0.32952366,69.349744
"bar 28x5 mm, 5 mm bevel 80 km/h",-0.0205,-0.45333333,-58.346894,0.39634506,4257.1085,0.25050447,69.349785
"bar 28x5 mm, 5 mm bevel 80 km/h",-0.0203,-0.44888889,-58.44825,0.40945563,4257.7935,0.15468998,69.349817
"bar 28x5 mm, 5 mm bevel 80 km/h",-0.0201,-0.44444444,-58.673738,0.43109334,4259.5454,0.098269999,69.349836
"bar 28x5 mm, 5 mm bevel 80 km/h",-0.0199,-0.44,-58.821759,0.45839205,4260.427,0.088667683,69.349848
"bar 28x5 mm, 5 mm bevel 80 km/h",-0.0197,-0.43555556,-58.880876,0.49126452,4259.4284,0.10449824,69.349859
"bar 28x5 mm, 5 mm bevel 80 km/h",-0.0195,-0.43111111,-58.916092,0.51814149,4257.4979,0.10176491,69.349872
"bar 28x5 mm, 5 mm bevel 80 km/h",-0.0193,-0.42666667,-59.054242,0.54030516,4256.4784,0.068709913,69.349885
"bar 28x5 mm, 5 mm bevel 80 km/h",-0.0191,-0.42222222,-59.356735,0.55915032,4257.3688,0.034244845,69.349894
"bar 28x5 mm, 5 mm bevel 80 km/h",-0.0189,-0.41777778,-59.697525,0.57987451,4258.9218,0.042425465,69.349898
"bar 28x5 mm, 5 mm bevel 80 km/h",-0.0187,-0.41333333,-59.904956,0.59800084,4259.2268,0.092325983,69.349903
"bar 28x5 mm, 5 mm bevel 80 km/h",-0.0185,-0.40888889,-59.938693,0.61842471,4257.8183,0.14157079,69.349915
"bar 28x5 mm, 5 mm bevel 80 km/h",-0.0183,-0.40444444,-59.875731,0.64429524,4256.185,0.14520978,69.349933
"bar 28x5 mm, 5 mm bevel 80 km/h",-0.0181,-0.4,-59.832658,0.65719707,4256.1336,0.10710319,69.349951
"bar 28x5 mm, 5 mm bevel 80 km/h",-0.0179,-0.39555556,-59.904095,0.67227201,4257.9204,0.089183948,69.349964
"bar 28x5 mm, 5 mm bevel 80 km/h",-0.0177,-0.39111111,-59.886063,0.67863521,4259.7057,0.099144347,69.349975
"bar 28x5 mm, 5 mm bevel 80 km/h",-0.0175,-0.38666667,-59.703187,0.68385192,4259.8503,0.13380129,69.349988
"bar 28x5 mm, 5 mm bevel 80 km/h",-0.0173,-0.38222222,-59.379935,0.6920073,4258.3214,0.15130985,69.350004
"bar 28x5 mm, 5 mm bevel 80 km/h",-0.0171,-0.37777778,-59.080913,0.6921767,4257.0894,0.12130826,69.350023
"bar 28x5 mm, 5 mm bevel 80 km/h",-0.0169,-0.37333333,-58.980663,0.6947631,4257.5532,0.074450802,69.350038
"bar 28x5 mm, 5 mm bevel 80 km/h",-0.0167,-0.36888889,-59.011705,0.70982309,4259.1249,0.066414059,69.350048
"bar 28x5 mm, 5 mm bevel 80 km/h",-0.0165,-0.36444444,-58.972118,0.73032055,4259.8906,0.10398328,69.350056
"bar 28x5 mm, 5 mm bevel 80 km/h",-0.0163,-0.36,-58.846328,0.75745987,4258.8434,0.16543188,69.350069
"bar 28x5 mm, 5 mm bevel 80 km/h",-0.0161,-0.35555556,-58.694367,0.77868643,4256.9335,0.20642236,69.35009
"bar 28x5 mm, 5 mm bevel 80 km/h",-0.0159,-0.35111111,-58.654914,0.79544826,4256.121,0.21027649,69.350116
"bar 28x5 mm, 5 mm bevel 80 km/h",-0.0157,-0.34666667,-58.776807,0.81020059,4257.2219,0.2134191,69.350142
"bar 28x5 mm, 5 mm bevel 80 km/h",-0.0155,-0.34222222,-58.917302,0.82634866,4258.8923,0.25610587,69.350169
"bar 28x5 mm, 5 mm bevel 80 km/h",-0.0153,-0.33777778,-58.917261,0.83777057,4259.2437,0.33699818,69.350201
"bar 28x5 mm, 5 mm bevel 80 km/h",-0.0151,-0.33333333,-58.751655,0.84962502,4257.8299,0.41146234,69.350243
"bar 28x5 mm, 5 mm bevel 80 km/h",-0.0149,-0.32888889,-58.514045,0.86562112,4256.1736,0.43468782,69.350294
"bar 28x5 mm, 5 mm bevel 80 km/h",-0.0147,-0.32444444,-58.329877,0.86800921,4256.0935,0.41071772,69.350348
"bar 28x5 mm, 5 mm bevel 80 km/h",-0.0145,-0.32,-58.29888,0.87131017,4257.8367,0.40208304,69.3504
"bar 28x5 mm, 5 mm bevel 80 km/h",-0.0143,-0.31555556,-58.225582,0.86487173,4259.6578,0.41381514,69.35045
"bar 28x5 mm, 5 mm bevel 80 km/h",-0.0141,-0.31111111,-58.018032,0.85646021,4259.7968,0.44586833,69.350502
"bar 28x5 mm, 5 mm bevel 80 km/h",-0.0139,-0.30666667,-57.686464,0.8504136,4258.2167,0.45536354,69.350557
"bar 28x5 mm, 5 mm bevel 80 km/h",-0.0137,-0.30222222,-57.397071,0.83451519,4256.9727,0.41190074,69.350614
"bar 28x5 mm, 5 mm bevel 80 km/h",-0.0135,-0.29777778,-57.319147,0.82049094,4257.4705,0.34779662,69.350666
"bar 28x5 mm, 5 mm bevel 80 km/h",-0.0133,-0.29333333,-57.372074,0.81647322,4259.1658,0.31470581,69.350709
"bar 28x5 mm, 5 mm bevel 80 km/h",-0.0131,-0.28888889,-57.344926,0.81510359,4260.0113,0.32201525,69.350749
"bar 28x5 mm, 5 mm bevel 80 km/h",-0.0129,-0.28444444,-57.224997,0.82024809,4258.9889,0.3480871,69.350789
"bar 28x5 mm, 5 mm bevel 80 km/h",-0.0127,-0.28,-57.086414,0.82202701,4257.0953,0.35010583,69.350832
"bar 28x5 mm, 5 mm bevel 80 km/h",-0.0125,-0.27555556,-57.06342,0.82025307,4256.2637,0.31081645,69.350876
"bar 28x5 mm, 5 mm bevel 80 km/h",-0.0123,-0.27111111,-57.207091,0.81824379,4257.2875,0.26596304,69.350915
"bar 28x5 mm, 5 mm bevel 80 km/h",-0.0121,-0.26666667,-57.386989,0.81823887,4258.8902,0.25455788,69.350948
"bar 28x5 mm, 5 mm bevel 80 km/h",-0.0119,-0.26222222,-57.452281,0.81775259,4259.2629,0.27419437,69.35098
"bar 28x5 mm, 5 mm bevel 80 km/h",-0.0117,-0.25777778,-57.376399,0.8211827,4257.8612,0.28750587,69.351014
"bar 28x5 mm, 5 mm bevel 80 km/h",-0.0115,-0.25333333,-57.251289,0.83094902,4256.1896,0.25325495,69.35105
"bar 28x5 mm, 5 mm bevel 80 km/h",-0.0113,-0.24888889,-57.198316,0.82983737,4256.0813,0.17653801,69.351082
"bar 28x5 mm, 5 mm bevel 80 km/h",-0.0111,-0.24444444,-57.313025,0.83102556,4257.7853,0.12107767,69.351104
"bar 28x5 mm, 5 mm bevel 80 km/h",-0.0109,-0.24,-57.391809,0.82403451,4259.5766,0.093556074,69.351119
"bar 28x5 mm, 5 mm bevel 80 km/h",-0.0107,-0.23555556,-57.335896,0.81655099,4259.6937,0.09305713,69.351131
"bar 28x5 mm, 5 mm bevel 80 km/h",-0.0105,-0.23111111,-57.158318,0.81290977,4258.0771,0.075183577,69.351143
"bar 28x5 mm, 5 mm bevel 80 km/h",-0.0103,-0.22666667,-57.035166,0.7978194,4256.861,0.0070266802,69.351152
"bar 28x5 mm, 5 mm bevel 80 km/h",-0.0101,-0.22222222,-57.12365,0.78307193,4257.3399,-0.074630341,69.351153
"bar 28x5 mm, 5 mm bevel 80 km/h",-0.0099,-0.21777778,-57.335167,0.77725179,4258.9564,-0.1229557,69.351144
"bar 28x5 mm, 5 mm bevel 80 km/h",-0.0097,-0.21333333,-57.463411,0.77378953,4259.7018,-0.12972051,69.351128
"bar 28x5 mm, 5 mm bevel 80 km/h",-0.0095,-0.20888889,-57.491703,0.77680523,4258.5925,-0.11651813,69.351112
"bar 28x5 mm, 5 mm bevel 80 km/h",-0.0093,-0.20444444,-57.482842,0.77707162,4256.6527,-0.12593679,69.351097
"bar 28x5 mm, 5 mm bevel 80 km/h",-0.0091,-0.2,-57.57297,0.77489284,4255.9474,-0.17908243,69.351082
"bar 28x5 mm, 5 mm bevel 80 km/h",-0.0089,-0.19555556,-57.787241,0.77463378,4257.0965,-0.23201906,69.351059
"bar 28x5 mm, 5 mm bevel 80 km/h",-0.0087,-0.19111111,-57.968329,0.77638425,4258.7599,-0.24908914,69.35103
"bar 28x5 mm, 5 mm bevel 80 km/h",-0.0085,-0.18666667,-57.966896,0.77718215,4259.1128,-0.23219992,69.350999
"bar 28x5 mm, 5 mm bevel 80 km/h",-0.0083,-0.18222222,-57.762815,0.77975621,4257.6428,-0.21934305,69.35097
"bar 28x5 mm, 5 mm bevel 80 km/h",-0.0081,-0.17777778,-57.458429,0.78644816,4255.9065,-0.25196958,69.350943
"bar 28x5 mm, 5 mm bevel 80 km/h",-0.0079,-0.17333333,-57.195857,0.78566503,4255.7738,-0.32117751,69.350911
"bar 28x5 mm, 5 mm bevel 80 km/h",-0.0077,-0.16888889,-57.082143,0.78715508,4257.4601,-0.36496335,69.350871
"bar 28x5 mm, 5 mm bevel 80 km/h",-0.0075,-0.16444444,-56.930364,0.78144091,4259.2201,-0.37667669,69.350825
"bar 28x5 mm, 5 mm bevel 80 km/h",-0.0073,-0.16,-56.656464,0.77641192,4259.3054,-0.35666858,69.350778
"bar 28x5 mm, 5 mm bevel 80 km/h",-0.0071,-0.15555556,-56.280793,0.7767024,4257.6667,-0.35085582,69.350734
"bar 28x5 mm, 5 mm bevel 80 km/h",-0.0069,-0.15111111,-55.98752,0.76738616,4256.4823,-0.39035396,69.35069
"bar 28x5 mm, 5 mm bevel 80 km/h",-0.0067,-0.14666667,-55.952888,0.75717186,4257.064,-0.43646493,69.350641
"bar 28x5 mm, 5 mm bevel 80 km/h",-0.0065,-0.14222222,-56.083575,0.75096314,4258.7669,-0.44114916,69.350587
"bar 28x5 mm, 5 mm bevel 80 km/h",-0.0063,-0.13777778,-56.16277,0.74557742,4259.5557,-0.39846569,69.350531
"bar 28x5 mm, 5 mm bevel 80 km/h",-0.0061,-0.13333333,-56.171022,0.74573349,4258.4533,-0.33308077,69.350482
"bar 28x5 mm, 5 mm bevel 80 km/h",-0.0059,-0.12888889,-56.172499,0.742704,4256.5197,-0.28835046,69.35044
"bar 28x5 mm, 5 mm bevel 80 km/h",-0.0057,-0.12444444,-56.298509,0.73816224,4255.9114,-0.28937167,69.350404
"bar 28x5 mm, 5 mm bevel 80 km/h",-0.0055,-0.12,-56.559812,0.73706188,4257.1806,-0.28806147,69.350368
"bar 28x5 mm, 5 mm bevel 80 km/h",-0.0053,-0.11555556,-56.785173,0.73751984,4258.8966,-0.2561176,69.350332
"bar 28x5 mm, 5 mm bevel 80 km/h",-0.0051,-0.11111111,-56.84252,0.73752786,4259.3071,-0.19607757,69.3503
"bar 28x5 mm, 5 mm bevel 80 km/h",-0.0049,-0.10666667,-57.189401,0.7228013,4260.5529,-0.2574231,69.350275
"bar 28x5 mm, 5 mm bevel 80 km/h",-0.0047,-0.10222222,-58.906323,0.67232641,4269.5057,-0.64368325,69.350243
"bar 28x5 mm, 5 mm bevel 80 km/h",-0.0045,-0.097777778,-62.535448,0.55732814,4291.3988,-1.4220781,69.350163
"bar 28x5 mm, 5 mm bevel 80 km/h",-0.0043,-0.093333333,-67.524831,0.38361962,4327.0621,-2.6190935,69.349985
"bar 28x5 mm, 5 mm bevel 80 km/h",-0.0041,-0.088888889,-72.396142,0.1671308,4374.1352,-4.4098455,69.349657
"bar 28x5 mm, 5 mm bevel 80 km/h",-0.0039,-0.084444444,-75.541273,-0.069695936,4427.2434,-6.8656848,69.349106
"bar 28x5 mm, 5 mm bevel 80 km/h",-0.0037,-0.08,-75.563,-0.3124198,4480.9439,-10.006016,69.348248
"bar 28x5 mm, 5 mm bevel 80 km/h",-0.0035,-0.075555556,-71.651465,-0.56087701,4532.2088,-13.775248,69.346997
"bar 28x5 mm, 5 mm bevel 80 km/h",-0.0033,-0.071111111,-63.665009,-0.8052555,4580.3678,-18.067923,69.345275
"bar 28x5 mm, 5 mm bevel 80 km/h",-0.0031,-0.066666667,-51.758997,-1.0408736,4626.1348,-22.77992,69.343017
"bar 28x5 mm, 5 mm bevel 80 km/h",-0.0029,-0.062222222,-36.276696,-1.2721616,4670.5617,-27.831493,69.340169
"bar 28x5 mm, 5 mm bevel 80 km/h",-0.0027,-0.057777778,-17.768969,-1.5063457,4715.2466,-33.150657,69.33669
"bar 28x5 mm, 5 mm bevel 80 km/h",-0.0025,-0.053333333,3.0762249,-1.7544434,4762.3152,-38.637935,69.332547
"bar 28x5 mm, 5 mm bevel 80 km/h",-0.0023,-0.048888889,25.390593,-2.0145986,4813.1669,-44.142179,69.327717
"bar 28x5 mm, 5 mm bevel 80 km/h",-0.0021,-0.044444444,48.019376,-2.2890428,4867.6534,-49.467947,69.322199
"bar 28x5 mm, 5 mm bevel 80 km/h",-0.0019,-0.04,69.677916,-2.5805708,4923.5346,-54.452143,69.316016
"bar 28x5 mm, 5 mm bevel 80 km/h",-0.0017,-0.035555556,88.967377,-2.8948077,4977.3128,-58.931781,69.309209
"bar 28x5 mm, 5 mm bevel 80 km/h",-0.0015,-0.031111111,104.62594,-3.2368043,5025.1508,-62.770098,69.301843
"bar 28x5 mm, 5 mm bevel 80 km/h",-0.0013,-0.026666667,115.4709,-3.6173471,5063.826,-65.785951,69.293996
"bar 28x5 mm, 5 mm bevel 80 km/h",-0.0011,-0.022222222,120.40698,-4.03012,5090.7143,-67.74798,69.285773
"bar 28x5 mm, 5 mm bevel 80 km/h",-0.0009,-0.017777778,118.58854,-4.4744437,5103.5374,-68.432045,69.277305
"bar 28x5 mm, 5 mm bevel 80 km/h",-0.0007,-0.013333333,109.72419,-4.9497053,5102.0047,-67.801598,69.268751
"bar 28x5 mm, 5 mm bevel 80 km/h",-0.0005,-0.0088888889,93.956978,-5.4525802,5089.2398,-65.952507,69.260275
"bar 28x5 mm, 5 mm bevel 80 km/h",-0.0003,-0.0044444444,72.211939,-5.9959937,5069.3389,-63.024651,69.252031
"bar 28x5 mm, 5 mm bevel 80 km/h",-0.0001,-5.0433616e-14,46.013165,-6.5633223,5044.6596,-59.12921,69.244153
"bar 28x5 mm, 5 mm bevel 80 km/h",0.0001,0.0044444444,17.062163,-7.1548061,5018.0725,-54.446905,69.236762
"bar 28x5 mm, 5 mm bevel 80 km/h",0.0003,0.0088888889,-12.842442,-7.7655928,4990.0204,-49.088716,69.229956
"bar 28x5 mm, 5 mm bevel 80 km/h",0.0005,0.013333333,-41.411295,-8.4119356,4959.3056,-43.252093,69.22382
"bar 28x5 mm, 5 mm bevel 80 km/h",0.0007,0.017777778,-66.679348,-9.105452,4925.5772,-37.110665,69.218414
"bar 28x5 mm, 5 mm bevel 80 km/h",0.0009,0.022222222,-88.444447,-9.7864898,4891.1683,-30.465158,69.213775
"bar 28x5 mm, 5 mm bevel 80 km/h",0.0011,0.026666667,-106.91959,-10.413942,4857.5404,-23.140031,69.209967
"bar 28x5 mm, 5 mm bevel 80 km/h",0.0013,0.031111111,-122.75351,-10.954453,4823.3929,-14.979134,69.207074
"bar 28x5 mm, 5 mm bevel 80 km/h",0.0015,0.035555556,-137.63396,-11.380205,4786.4881,-5.8288714,69.205202
"bar 28x5 mm, 5 mm bevel 80 km/h",0.0017,0.04,-154.35381,-11.67196,4745.7863,4.4174963,69.204473
"bar 28x5 mm, 5 mm bevel 80 km/h",0.0019,0.044444444,-176.27346,-11.82695,4703.0045,15.750375,69.205025
"bar 28x5 mm, 5 mm bevel 80 km/h",0.0021,0.048888889,-206.42388,-11.846066,4660.1858,28.150868,69.206994
"bar 28x5 mm, 5 mm bevel 80 km/h",0.0023,0.053333333,-246.4668,-11.743104,4618.4784,41.493267,69.210513
"bar 28x5 mm, 5 mm bevel 80 km/h",0.0025,0.057777778,-296.68944,-11.548076,4579.0229,55.552479,69.2157
"bar 28x5 mm, 5 mm bevel 80 km/h",0.0027,0.062222222,-356.16581,-11.322783,4543.5591,70.067206,69.222644
"bar 28x5 mm, 5 mm bevel 80 km/h",0.0029,0.066666667,-422.46336,-11.099498,4514.5264,84.671618,69.231402
"bar 28x5 mm, 5 mm bevel 80 km/h",0.0031,0.071111111,-491.73595,-10.889531,4494.199,98.929485,69.241986
"bar 28x5 mm, 5 mm bevel 80 km/h",0.0033,0.075555556,-558.89619,-10.709318,4483.515,112.34558,69.254352
"bar 28x5 mm, 5 mm bevel 80 km/h",0.0035,0.08,-618.09191,-10.564128,4481.4435,124.34129,69.268395
"bar 28x5 mm, 5 mm bevel 80 km/h",0.0037,0.084444444,-663.86017,-10.470979,4484.3026,134.40469,69.283938
"bar 28x5 mm, 5 mm bevel 80 km/h",0.0039,0.088888889,-691.50048,-10.433963,4487.0628,142.074,69.300739
"bar 28x5 mm, 5 mm bevel 80 km/h",0.0041,0.093333333,-697.27769,-10.424426,4484.4269,146.84903,69.318498
"bar 28x5 mm, 5 mm bevel 80 km/h",0.0043,0.097777778,-679.13145,-10.449189,4472.0501,148.42154,69.336854
"bar 28x5 mm, 5 mm bevel 80 km/h",0.0045,0.10222222,-636.23893,-10.515869,4449.5379,146.67423,69.355407
"bar 28x5 mm, 5 mm bevel 80 km/h",0.0047,0.10666667,-568.67673,-10.608557,4419.1265,141.53135,69.373741
"bar 28x5 mm, 5 mm bevel 80 km/h",0.0049,0.11111111,-477.93679,-10.747259,4382.2479,133.09469,69.391432
"bar 28x5 mm, 5 mm bevel 80 km/h",0.0051,0.11555556,-366.98204,-10.917926,4338.7656,121.64933,69.408069
"bar 28x5 mm, 5 mm bevel 80 km/h",0.0053,0.12,-240.0533,-11.110979,4288.256,107.60775,69.423275
"bar 28x5 mm, 5 mm bevel 80 km/h",0.0055,0.12444444,-102.37805,-11.303527,4232.5459,91.443223,69.436726
"bar 28x5 mm, 5 mm bevel 80 km/h",0.0057,0.12888889,40.198556,-11.500495,4175.8395,73.741264,69.448157
"bar 28x5 mm, 5 mm bevel 80 km/h",0.0059,0.13333333,181.8108,-11.698067,4121.8678,55.211663,69.457374
"bar 28x5 mm, 5 mm bevel 80 km/h",0.0061,0.13777778,317.05609,-11.883327,4071.8063,36.638928,69.464276
"bar 28x5 mm, 5 mm bevel 80 km/h",0.0063,0.14222222,440.83883,-12.046658,4026.405,18.663995,69.468856
"bar 28x5 mm, 5 mm bevel 80 km/h",0.0065,0.14666667,548.27095,-12.172366,3987.6645,1.7758749,69.471189
"bar 28x5 mm, 5 mm bevel 80 km/h",0.0067,0.15111111,635.09677,-12.253541,3960.1998,-13.731352,69.471411
"bar 28x5 mm, 5 mm bevel 80 km/h",0.0069,0.15555556,697.96611,-12.286939,3946.5656,-27.547871,69.469694
"bar 28x5 mm, 5 mm bevel 80 km/h",0.0071,0.16,734.44651,-12.268595,3945.7918,-39.360239,69.466251
"bar 28x5 mm, 5 mm bevel 80 km/h",0.0073,0.16444444,742.65658,-12.202083,3955.2616,-48.95129,69.461331
"bar 28x5 mm, 5 mm bevel 80 km/h",0.0075,0.16888889,721.61478,-12.08178,3972.6045,-56.274013,69.455212
"bar 28x5 mm, 5 mm bevel 80 km/h",0.0077,0.17333333,671.50316,-11.910046,3996.7919,-61.41528,69.448178
"bar 28x5 mm, 5 mm bevel 80 km/h",0.0079,0.17777778,593.94155,-11.698986,4026.8645,-64.427396,69.440501
"bar 28x5 mm, 5 mm bevel 80 km/h",0.0081,0.18222222,491.77531,-11.462052,4060.487,-65.320307,69.432447
"bar 28x5 mm, 5 mm bevel 80 km/h",0.0083,0.18666667,369.05063,-11.213849,4094.3133,-64.176425,69.424282
"bar 28x5 mm, 5 mm bevel 80 km/h",0.0085,0.19111111,230.89925,-10.972842,4125.0058,-61.234597,69.41626
"bar 28x5 mm, 5 mm bevel 80 km/h",0.0087,0.19555556,83.135177,-10.746995,4151.3837,-56.813279,69.408606
"bar 28x5 mm, 5 mm bevel 80 km/h",0.0089,0.2,-68.012263,-10.547602,4174.7086,-51.264882,69.401504
"bar 28x5 mm, 5 mm bevel 80 km/h",0.0091,0.20444444,-216.36848,-10.400761,4197.6756,-44.95398,69.395096
"bar 28x5 mm, 5 mm bevel 80 km/h",0.0093,0.20888889,-356.1377,-10.306413,4222.0308,-38.216938,69.389477
"bar 28x5 mm, 5 mm bevel 80 km/h",0.0095,0.21333333,-481.81752,-10.282008,4247.8462,-31.47637,69.3847
"bar 28x5 mm, 5 mm bevel 80 km/h",0.0097,0.21777778,-588.90558,-10.330614,4274.8166,-25.112658,69.380765
"bar 28x5 mm, 5 mm bevel 80 km/h",0.0099,0.22222222,-674.08143,-10.463246,4303.2688,-19.459814,69.377626
"bar 28x5 mm, 5 mm bevel 80 km/h",0.0101,0.22666667,-735.64976,-10.686513,4335.0803,-14.796869,69.375194
"bar 28x5 mm, 5 mm bevel 80 km/h",0.0103,0.23111111,-773.31539,-10.993871,4371.0454,-11.269244,69.373344
"bar 28x5 mm, 5 mm bevel 80 km/h",0.0105,0.23555556,-787.65372,-11.377443,4409.4373,-8.9510923,69.371935
"bar 28x5 mm, 5 mm bevel 80 km/h",0.0107,0.24,-779.94478,-11.813081,4446.5099,-7.8589844,69.370816
"bar 28x5 mm, 5 mm bevel 80 km/h",0.0109,0.24444444,-752.26103,-12.275015,4478.6579,-7.9399915,69.369834
"bar 28x5 mm, 5 mm bevel 80 km/h",0.0111,0.24888889,-707.5549,-12.737692,4505.5821,-9.0652858,69.368842
"bar 28x5 mm, 5 mm bevel 80 km/h",0.0113,0.25333333,-648.99418,-13.189942,4527.451,-10.939132,69.367708
"bar 28x5 mm, 5 mm bevel 80 km/h",0.0115,0.25777778,-579.45052,-13.591044,4542.7708,-13.159963,69.366341
"bar 28x5 mm, 5 mm bevel 80 km/h",0.0117,0.26222222,-501.43301,-13.93947,4548.5949,-15.321948,69.364696
"bar 28x5 mm, 5 mm bevel 80 km/h",0.0119,0.26666667,-417.42627,-14.215318,4543.0317,-17.061548,69.362781
"bar 28x5 mm, 5 mm bevel 80 km/h",0.0121,0.27111111,-329.89558,-14.408639,4527.3613,-18.144403,69.360648
"bar 28x5 mm, 5 mm bevel 80 km/h",0.0123,0.27555556,-241.08193,-14.529183,4504.7013,-18.377676,69.35838
"bar 28x5 mm, 5 mm bevel 80 km/h",0.0125,0.28,-152.94696,-14.574745,4477.7631,-17.604033,69.356083
"bar 28x5 mm, 5 mm bevel 80 km/h",0.0127,0.28444444,-67.271741,-14.546141,4447.5332,-15.713801,69.353882
"bar 28x5 mm, 5 mm bevel 80 km/h",0.0129,0.28888889,14.355352,-14.464093,4414.0794,-12.77477,69.351918
"bar 28x5 mm, 5 mm bevel 80 km/h",0.0131,0.29333333,90.248465,-14.337091,4377.9255,-8.9246433,69.350321
"bar 28x5 mm, 5 mm bevel 80 km/h",0.0133,0.29777778,158.90639,-14.167134,4340.5475,-4.3756967,69.349206
"bar 28x5 mm, 5 mm bevel 80 km/h",0.0135,0.30222222,219.07593,-13.97819,4304.3967,0.63510923,69.348659
"bar 28x5 mm, 5 mm bevel 80 km/h",0.0137,0.30666667,269.73745,-13.763801,4271.2809,5.8798515,69.348738
"bar 28x5 mm, 5 mm bevel 80 km/h",0.0139,0.31111111,310.43644,-13.521188,4241.387,11.119603,69.349473
"bar 28x5 mm, 5 mm bevel 80 km/h",0.0141,0.31555556,341.36715,-13.244364,4212.8299,16.103892,69.350863
"bar 28x5 mm, 5 mm bevel 80 km/h",0.0143,0.32,363.03211,-12.922644,4184.0374,20.60446,69.352876
"bar 28x5 mm, 5 mm bevel 80 km/h",0.0145,0.32444444,376.20472,-12.553884,4155.0388,24.427753,69.355452
"bar 28x5 mm, 5 mm bevel 80 km/h",0.0147,0.32888889,381.71293,-12.131875,4127.4446,27.448157,69.358505
"bar 28x5 mm, 5 mm bevel 80 km/h",0.0149,0.33333333,380.53102,-11.666763,4102.7016,29.627341,69.361936
"bar 28x5 mm, 5 mm bevel 80 km/h",0.0151,0.33777778,373.89302,-11.165321,4080.0295,30.995351,69.36564
"bar 28x5 mm, 5 mm bevel 80 km/h",0.0153,0.34222222,362.9074,-10.64488,4058.2962,31.585084,69.369514
"bar 28x5 mm, 5 mm bevel 80 km/h",0.0155,0.34666667,348.35643,-10.122451,4037.3668,31.431678,69.373462
"bar 28x5 mm, 5 mm bevel 80 km/h",0.0157,0.35111111,330.50743,-9.6109645,4020.1575,30.545096,69.377391
"bar 28x5 mm, 5 mm bevel 80 km/h",0.0159,0.35555556,309.3269,-9.1255842,4009.4267,29.037306,69.381209
"bar 28x5 mm, 5 mm bevel 80 km/h",0.0161,0.36,284.66531,-8.6533579,4006.0379,27.05759,69.384839
"bar 28x5 mm, 5 mm bevel 80 km/h",0.0163,0.36444444,256.38141,-8.2020289,4008.6179,24.723879,69.388221
"bar 28x5 mm, 5 mm bevel 80 km/h",0.0165,0.36888889,224.15665,-7.7689436,4015.8512,22.109603,69.391312
"bar 28x5 mm, 5 mm bevel 80 km/h",0.0167,0.37333333,187.69283,-7.3463469,4028.3854,19.196666,69.394075
"bar 28x5 mm, 5 mm bevel 80 km/h",0.0169,0.37777778,146.78071,-6.9466788,4048.0297,16.007906,69.396475
"bar 28x5 mm, 5 mm bevel 80 km/h",0.0171,0.38222222,101.60228,-6.5662516,4074.806,12.632676,69.398476
"bar 28x5 mm, 5 mm bevel 80 km/h",0.0173,0.38666667,52.829767,-6.2011976,4106.6039,9.1561215,69.400055
"bar 28x5 mm, 5 mm bevel 80 km/h",0.0175,0.39111111,1.4955982,-5.8607477,4140.3448,5.6047999,69.401199
"bar 28x5 mm, 5 mm bevel 80 km/h",0.0177,0.39555556,-51.177486,-5.542839,4173.82,1.9770394,69.4019
"bar 28x5 mm, 5 mm bevel 80 km/h",0.0179,0.4,-103.87901,-5.2558791,4207.1015,-1.7573454,69.402147
"bar 28x5 mm, 5 mm bevel 80 km/h",0.0181,0.40444444,-155.28394,-5.0056093,4241.244,-5.5863989,69.401927
"bar 28x5 mm, 5 mm bevel 80 km/h",0.0183,0.40888889,-203.99259,-4.7845475,4275.7473,-9.4188538,69.401229
"bar 28x5 mm, 5 mm bevel 80 km/h",0.0185,0.41333333,-248.46681,-4.603683,4308.6126,-13.217617,69.400052
"bar 28x5 mm, 5 mm bevel 80 km/h",0.0187,0.41777778,-287.46701,-4.4607326,4337.926,-16.945613,69.3984
"bar 28x5 mm, 5 mm bevel 80 km/h",0.0189,0.42222222,-320.05266,-4.3486693,4363.0264,-20.585882,69.396281
"bar 28x5 mm, 5 mm bevel 80 km/h",0.0191,0.42666667,-345.71489,-4.2713965,4385.7584,-24.125997,69.393708
"bar 28x5 mm, 5 mm bevel 80 km/h",0.0193,0.43111111,-364.14934,-4.2182176,4407.527,-27.490905,69.390692
"bar 28x5 mm, 5 mm bevel 80 km/h",0.0195,0.43555556,-375.1364,-4.17639,4428.0302,-30.588225,69.387256
"bar 28x5 mm, 5 mm bevel 80 km/h",0.0197,0.44,-378.46298,-4.1392103,4445.2927,-33.378158,69.383433
"bar 28x5 mm, 5 mm bevel 80 km/h",0.0199,0.44444444,-374.18725,-4.0955358,4457.4901,-35.841836,69.37926
"bar 28x5 mm, 5 mm bevel 80 km/h",0.0201,0.44888889,-362.58737,-4.039549,4464.7987,-37.99359,69.37478
"bar 28x5 mm, 5 mm bevel 80 km/h",0.0203,0.45333333,-344.17012,-3.9696665,4469.0872,-39.839443,69.370031
"bar 28x5 mm, 5 mm bevel 80 km/h",0.0205,0.45777778,-319.4809,-3.8878168,4471.4017,-41.328738,69.365051
"bar 28x5 mm, 5 mm bevel 80 km/h",0.0207,0.46222222,-288.88751,-3.7891099,4470.5758,-42.404123,69.359885
"bar 28x5 mm, 5 mm bevel 80 km/h",0.0209,0.46666667,-252.79976,-3.6837937,4464.2662,-43.039605,69.354584
"bar 28x5 mm, 5 mm bevel 80 km/h",0.0211,0.47111111,-211.86867,-3.575213,4451.7231,-43.263384,69.349204
"bar 28x5 mm, 5 mm bevel 80 km/h",0.0213,0.47555556,-167.05923,-3.4761281,4434.2718,-43.109116,69.343796
"bar 28x5 mm, 5 mm bevel 80 km/h",0.0215,0.48,-119.581,-3.4029341,4414.4884,-42.586871,69.338408
"bar 28x5 mm, 5 mm bevel 80 km/h",0.0217,0.48444444,-70.664977,-3.3529069,4393.3831,-41.62908,69.333084
"bar 28x5 mm, 5 mm bevel 80 km/h",0.0219,0.48888889,-21.433134,-3.337827,4370.0673,-40.201864,69.327881
"bar 28x5 mm, 5 mm bevel 80 km/h",0.0221,0.49333333,26.823322,-3.3558141,4343.5839,-38.286916,69.322856
"bar 28x5 mm, 5 mm bevel 80 km/h",0.0223,0.49777778,72.735613,-3.4032692,4313.9785,-35.895399,69.31807
"bar 28x5 mm, 5 mm bevel 80 km/h",0.0225,0.50222222,114.80844,-3.4833519,4283.7996,-33.055692,69.313583
"bar 28x5 mm, 5 mm bevel 80 km/h",0.0227,0.50666667,151.68046,-3.5878616,4255.1147,-29.716239,69.309451
"bar 28x5 mm, 5 mm bevel 80 km/h",0.0229,0.51111111,182.27297,-3.7091023,4228.4722,-25.820989,69.305736
"bar 28x5 mm, 5 mm bevel 80 km/h",0.0231,0.51555556,205.99548,-3.8544256,4202.4232,-21.372055,69.302509
"bar 28x5 mm, 5 mm bevel 80 km/h",0.0233,0.52,222.41292,-4.015734,4175.6599,-16.40312,69.299837
"bar 28x5 mm, 5 mm bevel 80 km/h",0.0235,0.52444444,231.31044,-4.1850323,4148.7283,-11.0176,69.297787
"bar 28x5 mm, 5 mm bevel 80 km/h",0.0237,0.52888889,232.62489,-4.3754619,4124.0381,-5.318642,69.29641
"bar 28x5 mm, 5 mm bevel 80 km/h",0.0239,0.53333333,226.55486,-4.5748685,4103.482,0.61876827,69.295745
"bar 28x5 mm, 5 mm bevel 80 km/h",0.0241,0.53777778,213.76613,-4.7737539,4086.8385,6.7219921,69.295822
"bar 28x5 mm, 5 mm bevel 80 km/h",0.0243,0.54222222,195.23303,-4.9715153,4072.5542,12.857898,69.296662
"bar 28x5 mm, 5 mm bevel 80 km/h",0.0245,0.54666667,171.89053,-5.1630192,4060.1383,18.851857,69.29827
"bar 28x5 mm, 5 mm bevel 80 km/h",0.0247,0.55111111,144.64394,-5.3460422,4051.0103,24.512178,69.300626
"bar 28x5 mm, 5 mm bevel 80 km/h",0.0249,0.55555556,114.32946,-5.5188205,4047.6663,29.673044,69.30369
"bar 28x5 mm, 5 mm bevel 80 km/h",0.0251,0.56,81.888165,-5.6704741,4050.8782,34.255876,69.307399
"bar 28x5 mm, 5 mm bevel 80 km/h",0.0253,0.56444444,48.466502,-5.8051886,4059.1811,38.166874,69.311681
"bar 28x5 mm, 5 mm bevel 80 km/h",0.0255,0.56888889,15.048362,-5.920943,4070.986,41.301889,69.316452
"bar 28x5 mm, 5 mm bevel 80 km/h",0.0257,0.57333333,-17.53554,-6.0167058,4085.4845,43.556839,69.321615
"bar 28x5 mm, 5 mm bevel 80 km/h",0.0259,0.57777778,-48.711936,-6.1001095,4104.044,44.845726,69.327059
"bar 28x5 mm, 5 mm bevel 80 km/h",0.0261,0.58222222,-78.022344,-6.1649168,4127.661,45.184273,69.332665
"bar 28x5 mm, 5 mm bevel 80 km/h",0.0263,0.58666667,-104.98325,-6.208523,4155.1363,44.657533,69.338313
"bar 28x5 mm, 5 mm bevel 80 km/h",0.0265,0.59111111,-129.01153,-6.2386228,4183.4919,43.319045,69.343895
"bar 28x5 mm, 5 mm bevel 80 km/h",0.0267,0.59555556,-149.84013,-6.2631923,4211.0623,41.204104,69.34931
"bar 28x5 mm, 5 mm bevel 80 km/h",0.0269,0.6,-167.29502,-6.285459,4237.9357,38.337336,69.354461
"bar 28x5 mm, 5 mm bevel 80 km/h",0.0271,0.60444444,-181.24533,-6.3100597,4265.6183,34.768574,69.359253
"bar 28x5 mm, 5 mm bevel 80 km/h",0.0273,0.60888889,-191.47136,-6.3387491,4294.3427,30.632001,69.363599
"bar 28x5 mm, 5 mm bevel 80 km/h",0.0275,0.61333333,-197.57027,-6.3616784,4322.45,26.060013,69.367428
"bar 28x5 mm, 5 mm bevel 80 km/h",0.0277,0.61777778,-199.23578,-6.386218,4347.6972,21.141699,69.370685
"bar 28x5 mm, 5 mm bevel 80 km/h",0.0279,0.62222222,-196.43926,-6.4027696,4369.2933,15.918266,69.373328
"bar 28x5 mm, 5 mm bevel 80 km/h",0.0281,0.62666667,-189.45142,-6.4128043,4388.1166,10.429939,69.375318
"bar 28x5 mm, 5 mm bevel 80 km/h",0.0283,0.63111111,-178.81955,-6.4232685,4405.9178,4.7384627,69.376622
"bar 28x5 mm, 5 mm bevel 80 km/h",0.0285,0.63555556,-165.22487,-6.4219896,4422.753,-1.0165617,69.377214
"bar 28x5 mm, 5 mm bevel 80 km/h",0.0287,0.64,-149.27189,-6.421622,4436.8658,-6.737281,69.377087
"bar 28x5 mm, 5 mm bevel 80 km/h",0.0289,0.64444444,-131.69744,-6.4202646,4446.4701,-12.338729,69.376245
"bar 28x5 mm, 5 mm bevel 80 km/h",0.0291,0.64888889,-113.22717,-6.4108348,4450.7315,-17.755461,69.374702
"bar 28x5 mm, 5 mm bevel 80 km/h",0.0293,0.65333333,-94.592782,-6.4011236,4450.8946,-22.916887,69.372483
"bar 28x5 mm, 5 mm bevel 80 km/h",0.0295,0.65777778,-76.44923,-6.3829176,4448.2875,-27.697847,69.369618
"bar 28x5 mm, 5 mm bevel 80 km/h",0.0297,0.66222222,-59.280027,-6.3452951,4442.91,-31.94333,69.366156
"bar 28x5 mm, 5 mm bevel 80 km/h",0.0299,0.66666667,-43.1983,-6.2899477,4432.8576,-35.564596,69.362163
"bar 28x5 mm, 5 mm bevel 80 km/h",0.0301,0.67111111,-28.441098,-6.2145984,4416.6758,-38.48048,69.357718
"bar 28x5 mm, 5 mm bevel 80 km/h",0.0303,0.67555556,-15.312758,-6.1163652,4394.6075,-40.649567,69.352908
"bar 28x5 mm, 5 mm bevel 80 km/h",0.0305,0.68,-4.3757481,-6.0049111,4369.318,-42.037144,69.347826
"bar 28x5 mm, 5 mm bevel 80 km/h",0.0307,0.68444444,3.7637203,-5.8746461,4343.0797,-42.564662,69.342572
"bar 28x5 mm, 5 mm bevel 80 km/h",0.0309,0.68888889,8.8054316,-5.7195693,4316.0632,-42.167534,69.337251
"bar 28x5 mm, 5 mm bevel 80 km/h",0.0311,0.69333333,10.624668,-5.5486998,4287.3243,-40.850163,69.33198
"bar 28x5 mm, 5 mm bevel 80 km/h",0.0313,0.69777778,9.0940491,-5.362319,4256.7242,-38.663517,69.326874
"bar 28x5 mm, 5 mm bevel 80 km/h",0.0315,0.70222222,4.1110994,-5.1644274,4226.2858,-35.710472,69.322041
"bar 28x5 mm, 5 mm bevel 80 km/h",0.0317,0.70666667,-4.327111,-4.9636584,4198.5608,-32.070002,69.317577
"bar 28x5 mm, 5 mm bevel 80 km/h",0.0319,0.71111111,-15.963126,-4.7616749,4174.8098,-27.795187,69.313568
"bar 28x5 mm, 5 mm bevel 80 km/h",0.0321,0.71555556,-30.138413,-4.5665991,4153.6927,-22.968356,69.310094
"bar 28x5 mm, 5 mm bevel 80 km/h",0.0323,0.72,-46.127232,-4.3791264,4133.3941,-17.699189,69.307223
"bar 28x5 mm, 5 mm bevel 80 km/h",0.0325,0.72444444,-63.246471,-4.1963774,4113.2897,-12.133927,69.305011
"bar 28x5 mm, 5 mm bevel 80 km/h",0.0327,0.72888889,-80.969979,-4.0335431,4095.0307,-6.4134703,69.303494
"bar 28x5 mm, 5 mm bevel 80 km/h",0.0329,0.73333333,-98.921906,-3.8874315,4080.8749,-0.6146037,69.302692
"bar 28x5 mm, 5 mm bevel 80 km/h",0.0331,0.73777778,-116.68294,-3.75865,4071.6352,5.2227953,69.302615
"bar 28x5 mm, 5 mm bevel 80 km/h",0.0333,0.74222222,-133.61385,-3.6575355,4066.229,11.020567,69.303268
"bar 28x5 mm, 5 mm bevel 80 km/h",0.0335,0.74666667,-149.2801,-3.5825303,4064.0519,16.687401,69.304646
"bar 28x5 mm, 5 mm bevel 80 km/h",0.0337,0.75111111,-163.3764,-3.5284646,4066.7309,22.053785,69.306732
"bar 28x5 mm, 5 mm bevel 80 km/h",0.0339,0.75555556,-175.69517,-3.5037855,4077.2397,26.985056,69.309488
"bar 28x5 mm, 5 mm bevel 80 km/h",0.0341,0.76,-185.84508,-3.5038437,4096.8256,31.400979,69.312862
"bar 28x5 mm, 5 mm bevel 80 km/h",0.0343,0.76444444,-193.08878,-3.5199353,4123.3925,35.25452,69.316787
"bar 28x5 mm, 5 mm bevel 80 km/h",0.0345,0.76888889,-196.61005,-3.5559441,4153.836,38.412588,69.321194
"bar 28x5 mm, 5 mm bevel 80 km/h",0.0347,0.77333333,-195.79951,-3.5986898,4185.8898,40.724066,69.325995
"bar 28x5 mm, 5 mm bevel 80 km/h",0.0349,0.77777778,-190.11026,-3.6481907,4218.6217,42.038924,69.331086
"bar 28x5 mm, 5 mm bevel 80 km/h",0.0351,0.78222222,-178.96529,-3.7095548,4250.8699,42.281585,69.33634
"bar 28x5 mm, 5 mm bevel 80 km/h",0.0353,0.78666667,-161.90439,-3.7657853,4280.0673,41.47359,69.341626
"bar 28x5 mm, 5 mm bevel 80 km/h",0.0355,0.79111111,-138.77152,-3.8197076,4303.3172,39.639342,69.34681
"bar 28x5 mm, 5 mm bevel 80 km/h",0.0357,0.79555556,-109.93387,-3.8657749,4319.1818,36.827939,69.351765
"bar 28x5 mm, 5 mm bevel 80 km/h",0.0359,0.8,-76.140082,-3.9002383,4328.4939,33.086972,69.356368
"bar 28x5 mm, 5 mm bevel 80 km/h",0.0361,0.80444444,-38.570941,-3.9281507,4334.3221,28.532146,69.360504
"bar 28x5 mm, 5 mm bevel 80 km/h",0.0363,0.80888889,1.178982,-3.9477613,4339.9436,23.386693,69.364071
"bar 28x5 mm, 5 mm bevel 80 km/h",0.0365,0.81333333,41.227514,-3.9524411,4346.9934,17.946392,69.366994
"bar 28x5 mm, 5 mm bevel 80 km/h",0.0367,0.81777778,79.688346,-3.9435717,4355.1857,12.446591,69.369237
"bar 28x5 mm, 5 mm bevel 80 km/h",0.0369,0.82222222,114.46657,-3.9166589,4363.5924,7.1108692,69.370793
"bar 28x5 mm, 5 mm bevel 80 km/h",0.0371,0.82666667,143.44134,-3.8770785,4371.8694,2.1468979,69.371682
"bar 28x5 mm, 5 mm bevel 80 km/h",0.0373,0.83111111,164.4438,-3.8246248,4380.3633,-2.2499911,69.37195
"bar 28x5 mm, 5 mm bevel 80 km/h",0.0375,0.83555556,175.49825,-3.7612352,4389.3298,-5.9060006,69.371669
"bar 28x5 mm, 5 mm bevel 80 km/h",0.0377,0.84,175.32914,-3.6826604,4397.1345,-8.7014068,69.370931
"bar 28x5 mm, 5 mm bevel 80 km/h",0.0379,0.84444444,163.63482,-3.5990049,4400.0409,-10.580343,69.369843
"bar 28x5 mm, 5 mm bevel 80 km/h",0.0381,0.84888889,140.86386,-3.5026923,4395.7607,-11.592949,69.368521
"bar 28x5 mm, 5 mm bevel 80 km/h",0.0383,0.85333333,108.11673,-3.394351,4384.0794,-11.817475,69.367072
"bar 28x5 mm, 5 mm bevel 80 km/h",0.0385,0.85777778,67.113644,-3.2905145,4367.3486,-11.383713,69.365594
"bar 28x5 mm, 5 mm bevel 80 km/h",0.0387,0.86222222,20.307437,-3.1828299,4347.3561,-10.39208,69.364171
"bar 28x5 mm, 5 mm bevel 80 km/h",0.0389,0.86666667,-29.083056,-3.0802919,4324.1256,-9.0018333,69.362872
"bar 28x5 mm, 5 mm bevel 80 km/h",0.0391,0.87111111,-77.807844,-2.9847811,4297.8362,-7.4000062,69.361747
"bar 28x5 mm, 5 mm bevel 80 km/h",0.0393,0.87555556,-122.99092,-2.8933017,4270.772,-5.832812,69.360822
"bar 28x5 mm, 5 mm bevel 80 km/h",0.0395,0.88,-162.3307,-2.8162777,4247.0332,-4.5305778,69.360093
"bar 28x5 mm, 5 mm bevel 80 km/h",0.0397,0.88444444,-194.09427,-2.748065,4229.6851,-3.6377484,69.359527
"bar 28x5 mm, 5 mm bevel 80 km/h",0.0399,0.88888889,-217.19518,-2.6842598,4218.4943,-3.1999374,69.359072
"bar 28x5 mm, 5 mm bevel 80 km/h",0.0401,0.89333333,-231.24992,-2.630135,4211.0022,-3.2778314,69.358672
"bar 28x5 mm, 5 mm bevel 80 km/h",0.0403,0.89777778,-236.93437,-2.5847121,4205.5287,-3.9122626,69.358262
"bar 28x5 mm, 5 mm bevel 80 km/h",0.0405,0.90222222,-235.50968,-2.5431254,4201.6704,-5.1303066,69.357773
"bar 28x5 mm, 5 mm bevel 80 km/h",0.0407,0.90666667,-228.64961,-2.5136945,4199.9932,-6.8602934,69.357132
"bar 28x5 mm, 5 mm bevel 80 km/h",0.0409,0.91111111,-218.05396,-2.4977486,4200.0494,-8.914425,69.356274
"bar 28x5 mm, 5 mm bevel 80 km/h",0.0411,0.91555556,-205.08,-2.4883065,4199.6687,-11.062727,69.35516
"bar 28x5 mm, 5 mm bevel 80 km/h",0.0413,0.92,-190.70679,-2.4940753,4196.5493,-13.121379,69.353777
"bar 28x5 mm, 5 mm bevel 80 km/h",0.0415,0.92444444,-175.60325,-2.5049723,4190.0651,-14.937589,69.352137
"bar 28x5 mm, 5 mm bevel 80 km/h",0.0417,0.92888889,-160.11001,-2.5188582,4181.9119,-16.394533,69.35027
"bar 28x5 mm, 5 mm bevel 80 km/h",0.0419,0.93333333,-144.32238,-2.5457608,4174.9246,-17.373858,69.348221
"bar 28x5 mm, 5 mm bevel 80 km/h",0.0421,0.93777778,-128.09371,-2.5715587,4170.4755,-17.732096,69.346049
"bar 28x5 mm, 5 mm bevel 80 km/h",0.0423,0.94222222,-111.08478,-2.6068947,4168.1593,-17.419044,69.343832
"bar 28x5 mm, 5 mm bevel 80 km/h",0.0425,0.94666667,-93.216257,-2.6516881,4167.424,-16.449442,69.341655
"bar 28x5 mm, 5 mm bevel 80 km/h",0.0427,0.95111111,-74.716019,-2.694706,4168.3582,-14.906967,69.339599
"bar 28x5 mm, 5 mm bevel 80 km/h",0.0429,0.95555556,-56.278316,-2.7505691,4173.0986,-12.92206,69.337735
"bar 28x5 mm, 5 mm bevel 80 km/h",0.0431,0.96,-38.854225,-2.8106451,4182.8123,-10.571789,69.33612
"bar 28x5 mm, 5 mm bevel 80 km/h",0.0433,0.96444444,-23.435267,-2.8658038,4197.0283,-7.9332156,69.334799
"bar 28x5 mm, 5 mm bevel 80 km/h",0.0435,0.96888889,-10.757922,-2.9201912,4213.0301,-5.1256982,69.333807
"bar 28x5 mm, 5 mm bevel 80 km/h",0.0437,0.97333333,-1.492298,-2.9718901,4228.0765,-2.258345,69.333166
"bar 28x5 mm, 5 mm bevel 80 km/h",0.0439,0.97777778,3.909513,-3.0144069,4241.6323,0.52957773,69.332884
"bar 28x5 mm, 5 mm bevel 80 km/h",0.0441,0.98222222,5.2890798,-3.058275,4255.0003,3.1466479,69.33295
"bar 28x5 mm, 5 mm bevel 80 km/h",0.0443,0.98666667,2.9925962,-3.1020541,4268.6468,5.5946527,69.333344
"bar 28x5 mm, 5 mm bevel 80 km/h",0.0445,0.99111111,-1.9551511,-3.1407255,4281.0883,7.8967795,69.334043
"bar 28x5 mm, 5 mm bevel 80 km/h",0.0447,0.99555556,-8.1772693,-3.179048,4289.9666,10.046671,69.33503
"bar 28x5 mm, 5 mm bevel 80 km/h",0.0449,1,-14.368471,-3.2098032,4294.7093,12.003016,69.336286
"bar 28x5 mm, 5 mm bevel 80 km/h",0.0451,1.0044444,-19.449987,-3.231904,4296.9067,13.716775,69.337786
"bar 28x5 mm, 5 mm bevel 80 km/h",0.0453,1.0088889,-22.683667,-3.2487687,4299.2221,15.163269,69.339501
"bar 28x5 mm, 5 mm bevel 80 km/h",0.0455,1.0133333,-23.64108,-3.2522925,4302.5801,16.391201,69.341396
"bar 28x5 mm, 5 mm bevel 80 km/h",0.0457,1.0177778,-22.073363,-3.2541862,4305.8299,17.384118,69.343445
"bar 28x5 mm, 5 mm bevel 80 km/h",0.0459,1.0222222,-18.300722,-3.2522767,4307.9259,18.098144,69.345618
"bar 28x5 mm, 5 mm bevel 80 km/h",0.0461,1.0266667,-13.01577,-3.2399256,4308.5672,18.471036,69.34788
"bar 28x5 mm, 5 mm bevel 80 km/h",0.0463,1.0311111,-7.2921919,-3.2310088,4310.1033,18.413161,69.350189
"bar 28x5 mm, 5 mm bevel 80 km/h",0.0465,1.0355556,-2.2963722,-3.2194407,4313.9469,17.947635,69.352491
"bar 28x5 mm, 5 mm bevel 80 km/h",0.0467,1.04,1.1238215,-3.1985153,4319.3868,17.13465,69.354734
"bar 28x5 mm, 5 mm bevel 80 km/h",0.0469,1.0444444,2.5277238,-3.1730366,4324.0186,16.007936,69.356876
"bar 28x5 mm, 5 mm bevel 80 km/h",0.0471,1.0488889,1.6467635,-3.1435394,4326.158,14.584458,69.358877
"bar 28x5 mm, 5 mm bevel 80 km/h",0.0473,1.0533333,-1.561384,-3.1127255,4325.9377,12.881209,69.3607
"bar 28x5 mm, 5 mm bevel 80 km/h",0.0475,1.0577778,-6.9356792,-3.077581,4324.7772,10.933398,69.36231
"bar 28x5 mm, 5 mm bevel 80 km/h",0.0477,1.0622222,-14.02929,-3.0420356,4323.1687,8.85061,69.363677
"bar 28x5 mm, 5 mm bevel 80 km/h",0.0479,1.0666667,-22.076096,-2.9960758,4319.6647,6.7434142,69.364783
"bar 28x5 mm, 5 mm bevel 80 km/h",0.0481,1.0711111,-30.3308,-2.9436144,4312.4203,4.6689815,69.365626
"bar 28x5 mm, 5 mm bevel 80 km/h",0.0483,1.0755556,-38.3294,-2.8759408,4301.1569,2.6497539,69.36621
"bar 28x5 mm, 5 mm bevel 80 km/h",0.0485,1.08,-45.915501,-2.7960258,4287.723,0.68977749,69.366541
"bar 28x5 mm, 5 mm bevel 80 km/h",0.0487,1.0844444,-53.137979,-2.7160098,4274.671,-1.1834413,69.366627
"bar 28x5 mm, 5 mm bevel 80 km/h",0.0489,1.0888889,-60.136444,-2.6265296,4263.0597,-2.892664,69.366479
"bar 28x5 mm, 5 mm bevel 80 km/h",0.0491,1.0933333,-66.934486,-2.5423963,4251.9333,-4.4140582,69.366118
"bar 28x5 mm, 5 mm bevel 80 km/h",0.0493,1.0977778,-73.682458,-2.4596743,4240.2438,-5.7498938,69.365566
"bar 28x5 mm, 5 mm bevel 80 km/h",0.0495,1.1022222,-80.579959,-2.3732498,4228.235,-6.9393798,69.364847
"bar 28x5 mm, 5 mm bevel 80 km/h",0.0497,1.1066667,-87.855086,-2.2969192,4218.2977,-8.0318734,69.36398
"bar 28x5 mm, 5 mm bevel 80 km/h",0.0499,1.1111111,-95.576595,-2.2223033,4211.8075,-8.9937859,69.362976
"bar 28x5 mm, 5 mm bevel 80 km/h",0.0501,1.1155556,-103.53857,-2.1477802,4208.628,-9.7839396,69.361852
"bar 28x5 mm, 5 mm bevel 80 km/h",0.0503,1.12,-111.17334,-2.0769444,4206.6131,-10.403909,69.360629
"bar 28x5 mm, 5 mm bevel 80 km/h",0.0505,1.1244444,-117.95514,-2.009428,4203.7558,-10.869002,69.359328
"bar 28x5 mm, 5 mm bevel 80 km/h",0.0507,1.1288889,-123.44018,-1.9485632,4200.1433,-11.22812,69.35797
"bar 28x5 mm, 5 mm bevel 80 km/h",0.0509,1.1333333,-127.37803,-1.8957485,4197.6696,-11.515077,69.356566
"bar 28x5 mm, 5 mm bevel 80 km/h",0.0511,1.1377778,-129.60115,-1.8607578,4197.4662,-11.697756,69.355127
"bar 28x5 mm, 5 mm bevel 80 km/h",0.0513,1.1422222,-129.82708,-1.8337788,4198.4875,-11.731483,69.353664
"bar 28x5 mm, 5 mm bevel 80 km/h",0.0515,1.1466667,-127.87098,-1.8184473,4198.9251,-11.620803,69.352198
"bar 28x5 mm, 5 mm bevel 80 km/h",0.0517,1.1511111,-123.84064,-1.8029402,4198.1972,-11.391891,69.350745
"bar 28x5 mm, 5 mm bevel 80 km/h",0.0519,1.1555556,-118.11038,-1.7878103,4197.9434,-11.087016,69.349321
"bar 28x5 mm, 5 mm bevel 80 km/h",0.0521,1.16,-111.14269,-1.7812542,4200.3975,-10.710178,69.347936
"bar 28x5 mm, 5 mm bevel 80 km/h",0.0523,1.1644444,-103.36334,-1.7728753,4206.2722,-10.202424,69.346597
"bar 28x5 mm, 5 mm bevel 80 km/h",0.0525,1.1688889,-94.921425,-1.7762005,4213.8608,-9.5370744,69.345322
"bar 28x5 mm, 5 mm bevel 80 km/h",0.0527,1.1733333,-86.048834,-1.7862023,4221.4589,-8.7126334,69.344129
"bar 28x5 mm, 5 mm bevel 80 km/h",0.0529,1.1777778,-76.967886,-1.7975804,4228.5201,-7.7690276,69.34304
"bar 28x5 mm, 5 mm bevel 80 km/h",0.0531,1.1822222,-67.997666,-1.8214422,4236.8114,-6.758516,69.342069
"bar 28x5 mm, 5 mm bevel 80 km/h",0.0533,1.1866667,-59.402725,-1.8468259,4247.3161,-5.6557167,69.341224
"bar 28x5 mm, 5 mm bevel 80 km/h",0.0535,1.1911111,-51.25723,-1.8711734,4259.1967,-4.4163829,69.340517
"bar 28x5 mm, 5 mm bevel 80 km/h",0.0537,1.1955556,-43.437848,-1.895511,4270.082,-3.0548585,69.339965
"bar 28x5 mm, 5 mm bevel 80 km/h",0.0539,1.2,-35.980295,-1.9189191,4278.1364,-1.6086276,69.339583
"bar 28x5 mm, 5 mm bevel 80 km/h",0.0541,1.2044444,-29.018188,-1.9414998,4283.8078,-0.14849016,69.339382
"bar 28x5 mm, 5 mm bevel 80 km/h",0.0543,1.2088889,-22.82455,-1.9621461,4289.1735,1.2638263,69.339364
"bar 28x5 mm, 5 mm bevel 80 km/h",0.0545,1.2133333,-17.650308,-1.9865029,4295.4818,2.6385606,69.339522
"bar 28x5 mm, 5 mm bevel 80 km/h",0.0547,1.2177778,-13.489792,-2.0059169,4301.7293,3.997716,69.339852
"bar 28x5 mm, 5 mm bevel 80 km/h",0.0549,1.2222222,-10.229215,-2.0236128,4305.9952,5.3132431,69.340351
"bar 28x5 mm, 5 mm bevel 80 km/h",0.0551,1.2266667,-7.8781032,-2.0298683,4307.7544,6.5291298,69.341016
"bar 28x5 mm, 5 mm bevel 80 km/h",0.0553,1.2311111,-6.521466,-2.0241508,4308.1784,7.598032,69.341832
"bar 28x5 mm, 5 mm bevel 80 km/h",0.0555,1.2355556,-6.2650902,-2.0211058,4309.3867,8.4930357,69.342781
"bar 28x5 mm, 5 mm bevel 80 km/h",0.0557,1.24,-7.1234968,-2.010129,4311.7556,9.2613845,69.343843
"bar 28x5 mm, 5 mm bevel 80 km/h",0.0559,1.2444444,-8.8144391,-2.0078215,4313.496,9.9132409,69.345001
"bar 28x5 mm, 5 mm bevel 80 km/h",0.0561,1.2488889,-11.137477,-2.0089016,4312.9923,10.433739,69.34624
"bar 28x5 mm, 5 mm bevel 80 km/h",0.0563,1.2533333,-13.974706,-2.0137314,4309.6619,10.792491,69.347544
"bar 28x5 mm, 5 mm bevel 80 km/h",0.0565,1.2577778,-17.37261,-2.0285503,4305.4439,10.9449,69.348893
"bar 28x5 mm, 5 mm bevel 80 km/h",0.0567,1.2622222,-21.394613,-2.0488353,4301.9559,10.912401,69.350261
"bar 28x5 mm, 5 mm bevel 80 km/h",0.0569,1.2666667,-25.900203,-2.0704495,4298.5732,10.76405,69.351625
"bar 28x5 mm, 5 mm bevel 80 km/h",0.0571,1.2711111,-30.594983,-2.0961194,4293.463,10.504755,69.352971
"bar 28x5 mm, 5 mm bevel 80 km/h",0.0573,1.2755556,-35.369262,-2.1243674,4285.5986,10.120488,69.354284
"bar 28x5 mm, 5 mm bevel 80 km/h",0.0575,1.28,-40.240827,-2.1593553,4276.3318,9.5611963,69.355549
"bar 28x5 mm, 5 mm bevel 80 km/h",0.0577,1.2844444,-45.281308,-2.2015604,4267.8359,8.8139194,69.356744
"bar 28x5 mm, 5 mm bevel 80 km/h",0.0579,1.2888889,-50.474733,-2.2536212,4261.3901,7.9212396,69.357846
"bar 28x5 mm, 5 mm bevel 80 km/h",0.0581,1.2933333,-55.610169,-2.3072906,4255.981,6.9410901,69.358836
"bar 28x5 mm, 5 mm bevel 80 km/h",0.0583,1.2977778,-60.427123,-2.3627512,4249.8136,5.8835683,69.359704
"bar 28x5 mm, 5 mm bevel 80 km/h",0.0585,1.3022222,-64.814547,-2.4120598,4242.4832,4.725007,69.360439
"bar 28x5 mm, 5 mm bevel 80 km/h",0.0587,1.3066667,-68.773548,-2.452172,4235.1987,3.4502186,69.36103
"bar 28x5 mm, 5 mm bevel 80 km/h",0.0589,1.3111111,-72.380974,-2.4969482,4230.0195,2.0678826,69.361461
"bar 28x5 mm, 5 mm bevel 80 km/h",0.0591,1.3155556,-75.690791,-2.5303497,4227.2293,0.66486982,69.361719
"bar 28x5 mm, 5 mm bevel 80 km/h",0.0593,1.32,-78.482775,-2.5662879,4224.9747,-0.7172517,69.361803
"bar 28x5 mm, 5 mm bevel 80 km/h",0.0595,1.3244444,-80.66616,-2.5974322,4221.7348,-2.0620687,69.361713
"bar 28x5 mm, 5 mm bevel 80 km/h",0.0597,1.3288889,-82.249583,-2.6207543,4217.1738,-3.3735157,69.361455
"bar 28x5 mm, 5 mm bevel 80 km/h",0.0599,1.3333333,-83.393451,-2.6411078,4213.3371,-4.6656536,69.361033
"bar 28x5 mm, 5 mm bevel 80 km/h",0.0601,1.3377778,-84.254972,-2.6524642,4211.8866,-5.8897327,69.36045
"bar 28x5 mm, 5 mm bevel 80 km/h",0.0603,1.3422222,-84.774783,-2.6488391,4212.2864,-6.9603638,69.359714
"bar 28x5 mm, 5 mm bevel 80 km/h",0.0605,1.3466667,-84.744628,-2.6335489,4212.7536,-7.8573571,69.358844
"bar 28x5 mm, 5 mm bevel 80 km/h",0.0607,1.3511111,-84.137886,-2.605172,4212.2075,-8.5823219,69.357862
"bar 28x5 mm, 5 mm bevel 80 km/h",0.0609,1.3555556,-83.045111,-2.5702394,4211.756,-9.1764002,69.356789
"bar 28x5 mm, 5 mm bevel 80 km/h",0.0611,1.36,-81.642363,-2.5274272,4213.3961,-9.6591024,69.355642
"bar 28x5 mm, 5 mm bevel 80 km/h",0.0613,1.3644444,-80.051915,-2.4810542,4218.0418,-9.9906178,69.354435
"bar 28x5 mm, 5 mm bevel 80 km/h",0.0615,1.3688889,-78.219032,-2.4251683,4224.4317,-10.131202,69.353186
"bar 28x5 mm, 5 mm bevel 80 km/h",0.0617,1.3733333,-76.049319,-2.3599998,4230.4314,-10.089787,69.351919
"bar 28x5 mm, 5 mm bevel 80 km/h",0.0619,1.3777778,-73.591085,-2.2821892,4235.2622,-9.912447,69.350658
"bar 28x5 mm, 5 mm bevel 80 km/h",0.0621,1.3822222,-70.98558,-2.1882336,4239.8309,-9.642661,69.349419
"bar 28x5 mm, 5 mm bevel 80 km/h",0.0623,1.3866667,-68.431143,-2.0945657,4245.9918,-9.3002902,69.348214
"bar 28x5 mm, 5 mm bevel 80 km/h",0.0625,1.3911111,-66.079111,-1.9904568,4253.9001,-8.8246766,69.347051
"bar 28x5 mm, 5 mm bevel 80 km/h",0.0627,1.3955556,-63.745832,-1.8896001,4261.6641,-8.2105776,69.345948
"bar 28x5 mm, 5 mm bevel 80 km/h",0.0629,1.4,-61.348509,-1.7841071,4267.6989,-7.4744639,69.344922
"bar 28x5 mm, 5 mm bevel 80 km/h",0.0631,1.4044444,-58.870802,-1.6754772,4271.7035,-6.6630685,69.343988
"bar 28x5 mm, 5 mm bevel 80 km/h",0.0633,1.4088889,-56.427042,-1.5763181,4275.4772,-5.8168986,69.343155
"bar 28x5 mm, 5 mm bevel 80 km/h",0.0635,1.4133333,-54.143299,-1.4779487,4280.515,-4.9188928,69.342428
"bar 28x5 mm, 5 mm bevel 80 km/h",0.0637,1.4177778,-51.951171,-1.3757269,4286.1795,-3.9172893,69.341813
"bar 28x5 mm, 5 mm bevel 80 km/h",0.0639,1.4222222,-49.664066,-1.2738322,4290.6025,-2.8210634,69.341323
"bar 28x5 mm, 5 mm bevel 80 km/h",0.0641,1.4266667,-47.305554,-1.1730942,4292.6216,-1.6631086,69.34097
"bar 28x5 mm, 5 mm bevel 80 km/h",0.0643,1.4311111,-45.036623,-1.0810728,4293.2455,-0.51142222,69.340762
"bar 28x5 mm, 5 mm bevel 80 km/h",0.0645,1.4355556,-43.095027,-0.99582585,4294.2887,0.6002632,69.340699
"bar 28x5 mm, 5 mm bevel 80 km/h",0.0647,1.44,-41.639742,-0.92113175,4296.5996,1.6873746,69.340774
"bar 28x5 mm, 5 mm bevel 80 km/h",0.0649,1.4444444,-40.644828,-0.85126309,4298.9838,2.7722452,69.340985
"bar 28x5 mm, 5 mm bevel 80 km/h",0.0651,1.4488889,-40.007179,-0.78947233,4299.4774,3.8357161,69.341331
"bar 28x5 mm, 5 mm bevel 80 km/h",0.0653,1.4533333,-39.706823,-0.72918057,4297.5095,4.819349,69.341811
"bar 28x5 mm, 5 mm bevel 80 km/h",0.0655,1.4577778,-39.778968,-0.66522158,4294.2338,5.6716655,69.342413
"bar 28x5 mm, 5 mm bevel 80 km/h",0.0657,1.4622222,-40.296376,-0.61388739,4291.7479,6.3691649,69.343122
"bar 28x5 mm, 5 mm bevel 80 km/h",0.0659,1.4666667,-41.274976,-0.56219979,4290.4089,6.9697733,69.343918
"bar 28x5 mm, 5 mm bevel 80 km/h",0.0661,1.4711111,-42.40222,-0.52301691,4288.5896,7.4709642,69.344789
"bar 28x5 mm, 5 mm bevel 80 km/h",0.0663,1.4755556,-43.472309,-0.48714099,4284.6983,7.8649369,69.345723
"bar 28x5 mm, 5 mm bevel 80 km/h",0.0665,1.48,-44.388211,-0.45435012,4278.5627,8.1098915,69.346706
"bar 28x5 mm, 5 mm bevel 80 km/h",0.0667,1.4844444,-45.22794,-0.42869121,4272.2358,8.1724044,69.34772
"bar 28x5 mm, 5 mm bevel 80 km/h",0.0669,1.4888889,-46.121646,-0.40607497,4267.3562,8.0823153,69.348742
"bar 28x5 mm, 5 mm bevel 80 km/h",0.0671,1.4933333,-46.995828,-0.38100289,4263.475,7.9011378,69.349752
"bar 28x5 mm, 5 mm bevel 80 km/h",0.0673,1.4977778,-47.672382,-0.35571813,4258.7998,7.6415329,69.350739
"bar 28x5 mm, 5 mm bevel 80 km/h",0.0675,1.5022222,-48.177258,-0.33109563,4252.3332,7.2921618,69.351695
"bar 28x5 mm, 5 mm bevel 80 km/h",0.0677,1.5066667,-48.656466,-0.31641225,4245.2084,6.8152326,69.352606
"bar 28x5 mm, 5 mm bevel 80 km/h",0.0679,1.5111111,-49.320746,-0.31050393,4239.5072,6.2057037,69.353458
"bar 28x5 mm, 5 mm bevel 80 km/h",0.0681,1.5155556,-50.283159,-0.31347764,4236.3279,5.5035749,69.354234
"bar 28x5 mm, 5 mm bevel 80 km/h",0.0683,1.52,-51.444361,-0.3181427,4234.4768,4.7649242,69.354922
"bar 28x5 mm, 5 mm bevel 80 km/h",0.0685,1.5244444,-52.634255,-0.3289759,4232.0329,4.0013278,69.355517
"bar 28x5 mm, 5 mm bevel 80 km/h",0.0687,1.5288889,-53.786138,-0.33901322,4228.477,3.1824072,69.356018
"bar 28x5 mm, 5 mm bevel 80 km/h",0.0689,1.5333333,-54.934694,-0.34315189,4225.2003,2.2749955,69.356415
"bar 28x5 mm, 5 mm bevel 80 km/h",0.0691,1.5377778,-56.128841,-0.3579309,4223.9596,1.2939046,69.3567
"bar 28x5 mm, 5 mm bevel 80 km/h",0.0693,1.5422222,-57.383595,-0.3701236,4224.8574,0.3188094,69.356861
"bar 28x5 mm, 5 mm bevel 80 km/h",0.0695,1.5466667,-58.439582,-0.39101554,4226.0351,-0.6285062,69.356901
"bar 28x5 mm, 5 mm bevel 80 km/h",0.0697,1.5511111,-59.199099,-0.41139705,4226.0506,-1.5442747,69.356823
"bar 28x5 mm, 5 mm bevel 80 km/h",0.0699,1.5555556,-59.676451,-0.43224007,4224.7741,-2.4508507,69.35663
"bar 28x5 mm, 5 mm bevel 80 km/h",0.0701,1.56,-60.032207,-0.45753972,4224.1645,-3.3618848,69.356323
"bar 28x5 mm, 5 mm bevel 80 km/h",0.0703,1.5644444,-60.468246,-0.48119699,4225.7656,-4.230382,69.355903
"bar 28x5 mm, 5 mm bevel 80 km/h",0.0705,1.5688889,-60.978864,-0.49875734,4229.0307,-4.9765223,69.355374
"bar 28x5 mm, 5 mm bevel 80 km/h",0.0707,1.5733333,-61.435072,-0.5127465,4232.1737,-5.5783548,69.354752
"bar 28x5 mm, 5 mm bevel 80 km/h",0.0709,1.5777778,-61.889905,-0.52253431,4234.0629,-6.0343203,69.354055
"bar 28x5 mm, 5 mm bevel 80 km/h",0.0711,1.5822222,-62.503973,-0.53326326,4235.8237,-6.3833365,69.353301
"bar 28x5 mm, 5 mm bevel 80 km/h",0.0713,1.5866667,-63.482168,-0.54704495,4239.3311,-6.6309418,69.352503
"bar 28x5 mm, 5 mm bevel 80 km/h",0.0715,1.5911111,-64.919324,-0.56463435,4245.407,-6.7442964,69.351674
"bar 28x5 mm, 5 mm bevel 80 km/h",0.0717,1.5955556,-66.6962,-0.57913697,4252.5983,-6.6810759,69.350831
"bar 28x5 mm, 5 mm bevel 80 km/h",0.0719,1.6,-68.611398,-0.59528049,4258.7376,-6.449853,69.349996
"bar 28x5 mm, 5 mm bevel 80 km/h",0.0721,1.6044444,-70.557925,-0.60771695,4263.0968,-6.1051221,69.349189
"bar 28x5 mm, 5 mm bevel 80 km/h",0.0723,1.6088889,-72.513998,-0.61342419,4266.912,-5.7083834,69.348426
"bar 28x5 mm, 5 mm bevel 80 km/h",0.0725,1.6133333,-74.458386,-0.63112328,4271.8315,-5.2732614,69.347713
"bar 28x5 mm, 5 mm bevel 80 km/h",0.0727,1.6177778,-76.311211,-0.64474903,4277.9905,-4.7583824,69.347054
"bar 28x5 mm, 5 mm bevel 80 km/h",0.0729,1.6222222,-77.698764,-0.66631757,4283.5509,-4.1763967,69.346459
"bar 28x5 mm, 5 mm bevel 80 km/h",0.0731,1.6266667,-78.366055,-0.68879316,4286.7105,-3.5432692,69.345937
"bar 28x5 mm, 5 mm bevel 80 km/h",0.0733,1.6311111,-78.176764,-0.71082443,4287.3762,-2.9262937,69.345494
"bar 28x5 mm, 5 mm bevel 80 km/h",0.0735,1.6355556,-77.203195,-0.74205778,4287.6767,-2.3706378,69.345128
"bar 28x5 mm, 5 mm bevel 80 km/h",0.0737,1.64,-75.564942,-0.7740318,4289.1284,-1.8578075,69.344832
"bar 28x5 mm, 5 mm bevel 80 km/h",0.0739,1.6444444,-73.220232,-0.79645372,4291.2132,-1.336094,69.3446
"bar 28x5 mm, 5 mm bevel 80 km/h",0.0741,1.6488889,-70.06209,-0.81518346,4292.0832,-0.80165518,69.344433
"bar 28x5 mm, 5 mm bevel 80 km/h",0.0743,1.6533333,-66.223669,-0.83057682,4290.6479,-0.27255083,69.344332
"bar 28x5 mm, 5 mm bevel 80 km/h",0.0745,1.6577778,-61.989542,-0.85233782,4287.8932,0.20936023,69.344298
"bar 28x5 mm, 5 mm bevel 80 km/h",0.0747,1.6622222,-57.745955,-0.87941248,4285.7065,0.6373733,69.344324
"bar 28x5 mm, 5 mm bevel 80 km/h",0.0749,1.6666667,-53.813961,-0.91274152,4284.9387,1.0538616,69.344404
"bar 28x5 mm, 5 mm bevel 80 km/h",0.0751,1.6711111,-50.320965,-0.9470288,4284.3689,1.5068194,69.344536
"bar 28x5 mm, 5 mm bevel 80 km/h",0.0753,1.6755556,-47.309446,-0.98474879,4282.0434,2.0038232,69.344724
"bar 28x5 mm, 5 mm bevel 80 km/h",0.0755,1.68,-44.881049,-1.0198032,4277.4233,2.5085319,69.344975
"bar 28x5 mm, 5 mm bevel 80 km/h",0.0757,1.6844444,-43.163795,-1.0474903,4271.7413,2.9876924,69.345288
"bar 28x5 mm, 5 mm bevel 80 km/h",0.0759,1.6888889,-42.303189,-1.0837803,4267.1467,3.4293933,69.345662
"bar 28x5 mm, 5 mm bevel 80 km/h",0.0761,1.6933333,-42.374123,-1.1159058,4264.1902,3.8925038,69.34609
"bar 28x5 mm, 5 mm bevel 80 km/h",0.0763,1.6977778,-43.059886,-1.154514,4261.2977,4.3735207,69.346577
"bar 28x5 mm, 5 mm bevel 80 km/h",0.0765,1.7022222,-44.090555,-1.1887746,4256.8116,4.8558699,69.347124
"bar 28x5 mm, 5 mm bevel 80 km/h",0.0767,1.7066667,-45.295226,-1.2174981,4250.7785,5.2781996,69.347731
"bar 28x5 mm, 5 mm bevel 80 km/h",0.0769,1.7111111,-46.686619,-1.250828,4245.3734,5.5919096,69.34839
"bar 28x5 mm, 5 mm bevel 80 km/h",0.0771,1.7155556,-48.2939,-1.2796298,4242.2148,5.8023772,69.349089
"bar 28x5 mm, 5 mm bevel 80 km/h",0.0773,1.72,-49.906988,-1.2955233,4240.6783,5.9477137,69.349815
"bar 28x5 mm, 5 mm bevel 80 km/h",0.0775,1.7244444,-51.223877,-1.3022275,4238.7705,6.0197482,69.350558
"bar 28x5 mm, 5 mm bevel 80 km/h",0.0777,1.7288889,-52.194177,-1.2979339,4235.5251,5.9845688,69.351311
"bar 28x5 mm, 5 mm bevel 80 km/h",0.0779,1.7333333,-52.882226,-1.2914302,4231.9555,5.7912747,69.352059
"bar 28x5 mm, 5 mm bevel 80 km/h",0.0781,1.7377778,-53.439385,-1.2812012,4230.173,5.413334,69.352783
"bar 28x5 mm, 5 mm bevel 80 km/h",0.0783,1.7422222,-53.903683,-1.265211,4230.6836,4.9029996,69.353459
"bar 28x5 mm, 5 mm bevel 80 km/h",0.0785,1.7466667,-54.152014,-1.2411614,4232.089,4.3125015,69.354072
"bar 28x5 mm, 5 mm bevel 80 km/h",0.0787,1.7511111,-54.069649,-1.2135706,4232.5213,3.6589423,69.354611
"bar 28x5 mm, 5 mm bevel 80 km/h",0.0789,1.7555556,-53.676451,-1.1781913,4231.5769,2.9252705,69.355069
"bar 28x5 mm, 5 mm bevel 80 km/h",0.0791,1.76,-53.095753,-1.1318921,4230.785,2.0937651,69.355434
"bar 28x5 mm, 5 mm bevel 80 km/h",0.0793,1.7644444,-52.485929,-1.0928108,4231.9541,1.1954937,69.355696
"bar 28x5 mm, 5 mm bevel 80 km/h",0.0795,1.7688889,-51.985728,-1.0469141,4235.2144,0.32396008,69.355845
"bar 28x5 mm, 5 mm bevel 80 km/h",0.0797,1.7733333,-51.475789,-1.0043221,4238.8452,-0.49242829,69.355886
"bar 28x5 mm, 5 mm bevel 80 km/h",0.0799,1.7777778,-50.9789,-0.95797076,4241.3253,-1.2381569,69.355824
"bar 28x5 mm, 5 mm bevel 80 km/h",0.0801,1.7822222,-50.592298,-0.90747704,4242.5642,-1.9362438,69.35567
"bar 28x5 mm, 5 mm bevel 80 km/h",0.0803,1.7866667,-50.570493,-0.85958395,4244.5908,-2.6063365,69.355427
"bar 28x5 mm, 5 mm bevel 80 km/h",0.0805,1.7911111,-51.162503,-0.8068147,4248.6885,-3.2048187,69.355102
"bar 28x5 mm, 5 mm bevel 80 km/h",0.0807,1.7955556,-52.335076,-0.74400169,4254.1257,-3.6736585,69.354701
"bar 28x5 mm, 5 mm bevel 80 km/h",0.0809,1.8,-53.904201,-0.67392016,4258.8428,-4.006906,69.354242
"bar 28x5 mm, 5 mm bevel 80 km/h",0.0811,1.8044444,-55.841036,-0.59518768,4261.721,-4.2271921,69.353741
"bar 28x5 mm, 5 mm bevel 80 km/h",0.0813,1.8088889,-58.150373,-0.51770398,4263.6079,-4.3816624,69.353213
"bar 28x5 mm, 5 mm bevel 80 km/h",0.0815,1.8133333,-60.871756,-0.44198333,4266.4476,-4.4990372,69.352665
"bar 28x5 mm, 5 mm bevel 80 km/h",0.0817,1.8177778,-63.896766,-0.36620722,4270.7883,-4.5450931,69.352103
"bar 28x5 mm, 5 mm bevel 80 km/h",0.0819,1.8222222,-66.914614,-0.28863855,4275.2181,-4.4914072,69.351534
"bar 28x5 mm, 5 mm bevel 80 km/h",0.0821,1.8266667,-69.610214,-0.21456866,4277.8986,-4.3501706,69.350973
"bar 28x5 mm, 5 mm bevel 80 km/h",0.0823,1.8311111,-71.80713,-0.14046191,4278.3026,-4.1671922,69.350429
"bar 28x5 mm, 5 mm bevel 80 km/h",0.0825,1.8355556,-73.467561,-0.064577096,4277.9629,-3.9926603,69.349908
"bar 28x5 mm, 5 mm bevel 80 km/h",0.0827,1.84,-74.635155,0.0022150764,4278.7423,-3.8235574,69.349409
"bar 28x5 mm, 5 mm bevel 80 km/h",0.0829,1.8444444,-75.359541,0.071361805,4280.9183,-3.6007759,69.348931
"bar 28x5 mm, 5 mm bevel 80 km/h",0.0831,1.8488889,-75.428961,0.13206746,4282.6814,-3.320905,69.348481
"bar 28x5 mm, 5 mm bevel 80 km/h",0.0833,1.8533333,-74.799427,0.19220744,4282.4263,-2.9935798,69.348066
"bar 28x5 mm, 5 mm bevel 80 km/h",0.0835,1.8577778,-73.569851,0.25186993,4280.1929,-2.6617196,69.347692
"bar 28x5 mm, 5 mm bevel 80 km/h",0.0837,1.8622222,-71.990262,0.30015647,4278.0436,-2.3591477,69.347359
"bar 28x5 mm, 5 mm bevel 80 km/h",0.0839,1.8666667,-70.340636,0.34709666,4277.3753,-2.0507712,69.347064
"bar 28x5 mm, 5 mm bevel 80 km/h",0.0841,1.8711111,-68.628728,0.40129622,4277.601,-1.6912528,69.346808
"bar 28x5 mm, 5 mm bevel 80 km/h",0.0843,1.8755556,-66.726651,0.45455851,4276.6533,-1.2747821,69.346597
"bar 28x5 mm, 5 mm bevel 80 km/h",0.0845,1.88,-64.677223,0.51092358,4273.5203,-0.8275623,69.346437
"bar 28x5 mm, 5 mm bevel 80 km/h",0.0847,1.8844444,-62.585751,0.55835872,4269.2184,-0.39650896,69.346334
"bar 28x5 mm, 5 mm bevel 80 km/h",0.0849,1.8888889,-60.616005,0.59913776,4265.8306,-0.0069461893,69.346284
"bar 28x5 mm, 5 mm bevel 80 km/h",0.0851,1.8933333,-58.806722,0.63830623,4264.0205,0.38010967,69.346283
"bar 28x5 mm, 5 mm bevel 80 km/h",0.0853,1.8977778,-57.005688,0.67631791,4262.514,0.79499373,69.346331
"bar 28x5 mm, 5 mm bevel 80 km/h",0.0855,1.9022222,-55.069682,0.71195204,4259.567,1.2307854,69.34643
"bar 28x5 mm, 5 mm bevel 80 km/h",0.0857,1.9066667,-52.98272,0.74922037,4254.7619,1.641513,69.346584
"bar 28x5 mm, 5 mm bevel 80 km/h",0.0859,1.9111111,-50.868894,0.79098292,4249.7613,1.9793305,69.346789
"bar 28x5 mm, 5 mm bevel 80 km/h",0.0861,1.9155556,-48.900938,0.820098,4246.5484,2.2462985,69.347037
"bar 28x5 mm, 5 mm bevel 80 km/h",0.0863,1.92,-47.234417,0.84910371,4245.4478,2.5016932,69.347317
"bar 28x5 mm, 5 mm bevel 80 km/h",0.0865,1.9244444,-45.731364,0.86732291,4244.7966,2.748823,69.34763
"bar 28x5 mm, 5 mm bevel 80 km/h",0.0867,1.9288889,-44.358673,0.88219742,4242.8894,2.9846781,69.347974
"bar 28x5 mm, 5 mm bevel 80 km/h",0.0869,1.9333333,-43.183342,0.89864971,4239.7065,3.1624269,69.348347
"bar 28x5 mm, 5 mm bevel 80 km/h",0.0871,1.9377778,-42.421626,0.90159174,4237.3989,3.2482358,69.348742
"bar 28x5 mm, 5 mm bevel 80 km/h",0.0873,1.9422222,-42.262621,0.90169535,4237.2307,3.2828641,69.349148
"bar 28x5 mm, 5 mm bevel 80 km/h",0.0875,1.9466667,-42.610204,0.90386072,4238.6002,3.3116234,69.349558
"bar 28x5 mm, 5 mm bevel 80 km/h",0.0877,1.9511111,-43.218006,0.90394001,4239.4276,3.3392061,69.349972
"bar 28x5 mm, 5 mm bevel 80 km/h",0.0879,1.9555556,-44.018377,0.90651459,4238.6815,3.3400322,69.35039
"bar 28x5 mm, 5 mm bevel 80 km/h",0.0881,1.96,-45.013665,0.90224487,4237.3752,3.2697342,69.350807
"bar 28x5 mm, 5 mm bevel 80 km/h",0.0883,1.9644444,-46.268106,0.89275884,4237.6242,3.1022552,69.351216
"bar 28x5 mm, 5 mm bevel 80 km/h",0.0885,1.9688889,-47.7247,0.88271708,4239.9657,2.8851564,69.351604
"bar 28x5 mm, 5 mm bevel 80 km/h",0.0887,1.9733333,-49.154075,0.8698873,4243.0217,2.6513058,69.351964
"bar 28x5 mm, 5 mm bevel 80 km/h",0.0889,1.9777778,-50.370678,0.85249139,4245.0628,2.3995379,69.352296
"bar 28x5 mm, 5 mm bevel 80 km/h",0.0891,1.9822222,-51.314591,0.8331047,4245.5281,2.0981206,69.352596
"bar 28x5 mm, 5 mm bevel 80 km/h",0.0893,1.9866667,-52.069926,0.81391478,4246.0604,1.7036764,69.352858
"bar 28x5 mm, 5 mm bevel 80 km/h",0.0895,1.9911111,-52.768925,0.78456862,4248.369,1.2360031,69.353071
"bar 28x5 mm, 5 mm bevel 80 km/h",0.0897,1.9955556,-53.540615,0.75514244,4252.6701,0.76213602,69.353226
"bar 28x5 mm, 5 mm bevel 80 km/h",0.0899,2,-54.245035,0.71562481,4257.227,0.29789522,69.353321
"bar 28x5 mm, 5 mm bevel 80 km/h",0.0901,2.0044444,-54.842456,0.67342308,4260.2328,-0.14578954,69.353358
"bar 28x5 mm, 5 mm bevel 80 km/h",0.0903,2.0088889,-55.390457,0.63470817,4261.6227,-0.60415568,69.35334
"bar 28x5 mm, 5 mm bevel 80 km/h",0.0905,2.0133333,-56.101733,0.58487287,4263.3536,-1.0961356,69.353264
"bar 28x5 mm, 5 mm bevel 80 km/h",0.0907,2.0177778,-57.172244,0.5314804,4266.5928,-1.5696544,69.353127
"bar 28x5 mm, 5 mm bevel 80 km/h",0.0909,2.0222222,-58.511574,0.47992583,4270.6348,-1.9662945,69.352931
"bar 28x5 mm, 5 mm bevel 80 km/h",0.0911,2.0266667,-59.892954,0.42726168,4273.3809,-2.2731656,69.352685
"bar 28x5 mm, 5 mm bevel 80 km/h",0.0913,2.0311111,-61.271183,0.37880239,4273.826,-2.5084071,69.352401
"bar 28x5 mm, 5 mm bevel 80 km/h",0.0915,2.0355556,-62.667628,0.3274521,4273.0272,-2.7107701,69.352088
"bar 28x5 mm, 5 mm bevel 80 km/h",0.0917,2.04,-64.161655,0.27570015,4273.1492,-2.9030412,69.351749
"bar 28x5 mm, 5 mm bevel 80 km/h",0.0919,2.0444444,-65.707763,0.22981352,4274.7682,-3.037432,69.351386
"bar 28x5 mm, 5 mm bevel 80 km/h",0.0921,2.0488889,-67.07918,0.18789227,4276.4868,-3.0886242,69.351006
"bar 28x5 mm, 5 mm bevel 80 km/h",0.0923,2.0533333,-68.095973,0.14845987,4276.6187,-3.061624,69.35062
"bar 28x5 mm, 5 mm bevel 80 km/h",0.0925,2.0577778,-68.689408,0.11271229,4274.6234,-2.9976777,69.350237
"bar 28x5 mm, 5 mm bevel 80 km/h",0.0927,2.0622222,-68.944172,0.085263942,4272.1777,-2.9455229,69.349863
"bar 28x5 mm, 5 mm bevel 80 km/h",0.0929,2.0666667,-68.972856,0.056707813,4271.0266,-2.8965166,69.349495
"bar 28x5 mm, 5 mm bevel 80 km/h",0.0931,2.0711111,-68.879472,0.036358961,4271.4257,-2.797298,69.349132
"bar 28x5 mm, 5 mm bevel 80 km/h",0.0933,2.0755556,-68.496319,0.014733556,4271.6967,-2.6471683,69.348783
"bar 28x5 mm, 5 mm bevel 80 km/h",0.0935,2.08,-67.764524,-0.0012559133,4270.1214,-2.4479416,69.348452
"bar 28x5 mm, 5 mm bevel 80 km/h",0.0937,2.0844444,-66.729671,-0.010106074,4266.7446,-2.246645,69.348146
"bar 28x5 mm, 5 mm bevel 80 km/h",0.0939,2.0888889,-65.597588,-0.023808579,4263.6471,-2.0748054,69.347865
"bar 28x5 mm, 5 mm bevel 80 km/h",0.0941,2.0933333,-64.569388,-0.037488414,4262.2033,-1.89727,69.347606
"bar 28x5 mm, 5 mm bevel 80 km/h",0.0943,2.0977778,-63.557695,-0.048715402,4261.6933,-1.6645114,69.347369
"bar 28x5 mm, 5 mm bevel 80 km/h",0.0945,2.1022222,-62.362322,-0.059460268,4260.0506,-1.3721992,69.347161
"bar 28x5 mm, 5 mm bevel 80 km/h",0.0947,2.1066667,-60.989385,-0.06519926,4256.4003,-1.0468581,69.346989
"bar 28x5 mm, 5 mm bevel 80 km/h",0.0949,2.1111111,-59.530504,-0.070477972,4251.9503,-0.73223261,69.346858
"bar 28x5 mm, 5 mm bevel 80 km/h",0.0951,2.1155556,-58.151017,-0.073731738,4248.974,-0.45181628,69.346767
"bar 28x5 mm, 5 mm bevel 80 km/h",0.0953,2.12,-56.883146,-0.07164174,4248.0876,-0.16015919,69.34671
"bar 28x5 mm, 5 mm bevel 80 km/h",0.0955,2.1244444,-55.577106,-0.064297652,4247.8853,0.16477047,69.34669
"bar 28x5 mm, 5 mm bevel 80 km/h",0.0957,2.1288889,-54.139963,-0.051235841,4246.6727,0.51811152,69.346711
"bar 28x5 mm, 5 mm bevel 80 km/h",0.0959,2.1333333,-52.573555,-0.033581616,4244.0002,0.85257261,69.346775
"bar 28x5 mm, 5 mm bevel 80 km/h",0.0961,2.1377778,-51.010624,-0.0093267219,4241.4088,1.1189719,69.346882
"bar 28x5 mm, 5 mm bevel 80 km/h",0.0963,2.1422222,-49.627041,0.013189734,4240.7246,1.3230774,69.347022
"bar 28x5 mm, 5 mm bevel 80 km/h",0.0965,2.1466667,-48.563685,0.041067605,4242.2383,1.5190124,69.347187
"bar 28x5 mm, 5 mm bevel 80 km/h",0.0967,2.1511111,-47.646255,0.065277978,4244.0853,1.7119665,69.347377
"bar 28x5 mm, 5 mm bevel 80 km/h",0.0969,2.1555556,-46.794336,0.092236407,4244.4316,1.9002006,69.347591
"bar 28x5 mm, 5 mm bevel 80 km/h",0.0971,2.16,-46.03608,0.12334716,4243.3426,2.035465,69.347829
"bar 28x5 mm, 5 mm bevel 80 km/h",0.0973,2.1644444,-45.558069,0.14570781,4243.0515,2.085236,69.348083
"bar 28x5 mm, 5 mm bevel 80 km/h",0.0975,2.1688889,-45.516145,0.16386185,4244.7812,2.0880947,69.348344
"bar 28x5 mm, 5 mm bevel 80 km/h",0.0977,2.1733333,-45.777179,0.17979051,4247.7204,2.0940623,69.348605
"bar 28x5 mm, 5 mm bevel 80 km/h",0.0979,2.1777778,-46.107526,0.19229282,4249.7566,2.1094141,69.348867
"bar 28x5 mm, 5 mm bevel 80 km/h",0.0981,2.1822222,-46.495968,0.20468508,4250.1511,2.1059319,69.34913
"bar 28x5 mm, 5 mm bevel 80 km/h",0.0983,2.1866667,-46.991727,0.21360321,4249.8572,2.0508794,69.349393
"bar 28x5 mm, 5 mm bevel 80 km/h",0.0985,2.1911111,-47.716888,0.21989295,4250.9862,1.924163,69.34965
"bar 28x5 mm, 5 mm bevel 80 km/h",0.0987,2.1955556,-48.682085,0.22780793,4254.0774,1.7767762,69.34989
"bar 28x5 mm, 5 mm bevel 80 km/h",0.0989,2.2,-49.712615,0.23642716,4257.6568,1.6357112,69.350112
"bar 28x5 mm, 5 mm bevel 80 km/h",0.0991,2.2044444,-50.687555,0.24683418,4259.9769,1.5033749,69.350317
"bar 28x5 mm, 5 mm bevel 80 km/h",0.0993,2.2088889,-51.569346,0.26021267,4260.5378,1.34029,69.350505
"bar 28x5 mm, 5 mm bevel 80 km/h",0.0995,2.2133333,-52.440809,0.2756295,4260.8236,1.1048194,69.350672
"bar 28x5 mm, 5 mm bevel 80 km/h",0.0997,2.2177778,-53.436698,0.28990951,4262.596,0.81439245,69.35081
"bar 28x5 mm, 5 mm bevel 80 km/h",0.0999,2.2222222,-54.648753,0.30985988,4266.0855,0.53169352,69.350912
"bar 28x5 mm, 5 mm bevel 80 km/h",0.1001,2.2266667,-55.850994,0.32619509,4269.3844,0.26794034,69.350979
"bar 28x5 mm, 5 mm bevel 120 km/h",-0.015,-0.49666667,-77.777163,0.81312625,4570.2584,0.089707034,103.85373
"bar 28x5 mm, 5 mm bevel 120 km/h",-0.0148,-0.49,-77.504254,0.82346224,4569.5576,0.11419895,103.85374
"bar 28x5 mm, 5 mm bevel 120 km/h",-0.0146,-0.48333333,-77.504131,0.83311756,4569.0614,0.056395077,103.85376
"bar 28x5 mm, 5 mm bevel 120 km/h",-0.0144,-0.47666667,-77.824053,0.83665796,4569.7415,0.0013586658,103.85376
"bar 28x5 mm, 5 mm bevel 120 km/h",-0.0142,-0.47,-77.9285,0.83944406,4570.4229,0.030254788,103.85376
"bar 28x5 mm, 5 mm bevel 120 km/h",-0.014,-0.46333333,-77.829788,0.84049932,4569.9615,0.053885747,103.85377
"bar 28x5 mm, 5 mm bevel 120 km/h",-0.0138,-0.45666667,-78.087327,0.84070841,4569.8971,-0.016256905,103.85377
"bar 28x5 mm, 5 mm bevel 120 km/h",-0.0136,-0.45,-78.572314,0.83091827,4570.6432,-0.067795011,103.85377
"bar 28x5 mm, 5 mm bevel 120 km/h",-0.0134,-0.44333333,-78.787795,0.81913102,4570.826,-0.046345674,103.85376
"bar 28x5 mm, 5 mm bevel 120 km/h",-0.0132,-0.43666667,-78.887874,0.8084931,4569.7863,-0.050387273,103.85376
"bar 28x5 mm, 5 mm bevel 120 km/h",-0.013,-0.43,-79.376819,0.7968635,4569.5981,-0.13355574,103.85375
"bar 28x5 mm, 5 mm bevel 120 km/h",-0.0128,-0.42333333,-79.938527,0.78477173,4570.3453,-0.16352471,103.85373
"bar 28x5 mm, 5 mm bevel 120 km/h",-0.0126,-0.41666667,-80.116574,0.77545218,4570.4282,-0.13189974,103.85371
"bar 28x5 mm, 5 mm bevel 120 km/h",-0.0124,-0.41,-80.257426,0.76999716,4569.8209,-0.15076025,103.85369
"bar 28x5 mm, 5 mm bevel 120 km/h",-0.0122,-0.40333333,-80.659287,0.76343592,4570.0032,-0.21964378,103.85367
"bar 28x5 mm, 5 mm bevel 120 km/h",-0.012,-0.39666667,-80.914908,0.75470555,4570.6188,-0.2182786,103.85364
"bar 28x5 mm, 5 mm bevel 120 km/h",-0.0118,-0.39,-80.751092,0.75158895,4570.0995,-0.16841802,103.85362
"bar 28x5 mm, 5 mm bevel 120 km/h",-0.0116,-0.38333333,-80.677313,0.75406367,4569.1832,-0.19236481,103.8536
"bar 28x5 mm, 5 mm bevel 120 km/h",-0.0114,-0.37666667,-80.910898,0.74928559,4569.5329,-0.24852906,103.85357
"bar 28x5 mm, 5 mm bevel 120 km/h",-0.0112,-0.37,-80.954609,0.74512699,4570.0772,-0.22380981,103.85354
"bar 28x5 mm, 5 mm bevel 120 km/h",-0.011,-0.36333333,-80.685971,0.74227197,4569.3661,-0.17884369,103.85351
"bar 28x5 mm, 5 mm bevel 120 km/h",-0.0108,-0.35666667,-80.717806,0.74089702,4569.1608,-0.21893393,103.85349
"bar 28x5 mm, 5 mm bevel 120 km/h",-0.0106,-0.35,-80.958914,0.7364641,4569.9498,-0.2518642,103.85346
"bar 28x5 mm, 5 mm bevel 120 km/h",-0.0104,-0.34333333,-80.909358,0.73640308,4570.661,-0.21019036,103.85343
"bar 28x5 mm, 5 mm bevel 120 km/h",-0.0102,-0.33666667,-80.64324,0.74328909,4570.215,-0.18053308,103.85341
"bar 28x5 mm, 5 mm bevel 120 km/h",-0.01,-0.33,-80.66243,0.75173323,4570.1809,-0.23378594,103.85338
"bar 28x5 mm, 5 mm bevel 120 km/h",-0.0098,-0.32333333,-80.757368,0.75677655,4570.869,-0.25115747,103.85335
"bar 28x5 mm, 5 mm bevel 120 km/h",-0.0096,-0.31666667,-80.450543,0.76447574,4570.6956,-0.18980658,103.85332
"bar 28x5 mm, 5 mm bevel 120 km/h",-0.0094,-0.31,-80.061753,0.7746962,4569.676,-0.16144234,103.8533
"bar 28x5 mm, 5 mm bevel 120 km/h",-0.0092,-0.30333333,-80.046841,0.78081693,4569.6623,-0.18880158,103.85328
"bar 28x5 mm, 5 mm bevel 120 km/h",-0.009,-0.29666667,-80.031633,0.78354914,4570.3368,-0.14338081,103.85326
"bar 28x5 mm, 5 mm bevel 120 km/h",-0.0088,-0.29,-79.657049,0.78518053,4570.1935,-0.0413215,103.85324
"bar 28x5 mm, 5 mm bevel 120 km/h",-0.0086,-0.28333333,-79.374389,0.79029869,4569.5941,-0.0097413331,103.85324
"bar 28x5 mm, 5 mm bevel 120 km/h",-0.0084,-0.27666667,-79.460653,0.7937695,4570.0263,-0.025938016,103.85324
"bar 28x5 mm, 5 mm bevel 120 km/h",-0.0082,-0.27,-79.472256,0.79837445,4570.7836,0.032147277,103.85323
"bar 28x5 mm, 5 mm bevel 120 km/h",-0.008,-0.26333333,-79.162899,0.80595943,4570.2925,0.11960362,103.85324
"bar 28x5 mm, 5 mm bevel 120 km/h",-0.0078,-0.25666667,-79.077322,0.8166177,4569.6601,0.12631857,103.85326
"bar 28x5 mm, 5 mm bevel 120 km/h",-0.0076,-0.25,-79.342872,0.82090383,4570.3004,0.1220813,103.85327
"bar 28x5 mm, 5 mm bevel 120 km/h",-0.0074,-0.24333333,-79.418124,0.82801255,4571.0958,0.19520444,103.85329
"bar 28x5 mm, 5 mm bevel 120 km/h",-0.0072,-0.23666667,-79.246351,0.83608508,4570.7208,0.264712,103.85332
"bar 28x5 mm, 5 mm bevel 120 km/h",-0.007,-0.23,-79.345232,0.84810362,4570.545,0.24474555,103.85335
"bar 28x5 mm, 5 mm bevel 120 km/h",-0.0068,-0.22333333,-79.597747,0.85046303,4571.17,0.23537459,103.85338
"bar 28x5 mm, 5 mm bevel 120 km/h",-0.0066,-0.21666667,-79.513462,0.85342549,4571.2505,0.29989291,103.85341
"bar 28x5 mm, 5 mm bevel 120 km/h",-0.0064,-0.21,-79.216816,0.85969104,4569.9068,0.3453664,103.85345
"bar 28x5 mm, 5 mm bevel 120 km/h",-0.0062,-0.20333333,-79.244961,0.86316163,4569.219,0.30438913,103.85349
"bar 28x5 mm, 5 mm bevel 120 km/h",-0.006,-0.19666667,-79.379056,0.86231807,4569.5787,0.30441051,103.85353
"bar 28x5 mm, 5 mm bevel 120 km/h",-0.0058,-0.19,-79.150705,0.86149303,4569.2945,0.364836,103.85357
"bar 28x5 mm, 5 mm bevel 120 km/h",-0.0056,-0.18333333,-78.937219,0.86066695,4568.6459,0.36276344,103.85362
"bar 28x5 mm, 5 mm bevel 120 km/h",-0.0054,-0.17666667,-79.060689,0.85839897,4568.9808,0.29865463,103.85366
"bar 28x5 mm, 5 mm bevel 120 km/h",-0.0052,-0.17,-79.087385,0.85608154,4569.8252,0.28904738,103.8537
"bar 28x5 mm, 5 mm bevel 120 km/h",-0.005,-0.16333333,-78.75203,0.85696309,4569.6959,0.31669987,103.85373
"bar 28x5 mm, 5 mm bevel 120 km/h",-0.0048,-0.15666667,-78.54633,0.86188293,4569.1664,0.26416797,103.85377
"bar 28x5 mm, 5 mm bevel 120 km/h",-0.0046,-0.15,-78.682749,0.85646264,4569.748,0.17149729,103.8538
"bar 28x5 mm, 5 mm bevel 120 km/h",-0.0044,-0.14333333,-78.661849,0.84801604,4570.3677,0.15447638,103.85382
"bar 28x5 mm, 5 mm bevel 120 km/h",-0.0042,-0.13666667,-78.347818,0.83880091,4569.6737,0.15402203,103.85384
"bar 28x5 mm, 5 mm bevel 120 km/h",-0.004,-0.13,-78.341606,0.82740881,4569.2144,0.071277902,103.85386
"bar 28x5 mm, 5 mm bevel 120 km/h",-0.0038,-0.12333333,-78.610021,0.8114698,4569.7702,-0.0078257183,103.85386
"bar 28x5 mm, 5 mm bevel 120 km/h",-0.0036,-0.11666667,-78.631218,0.79483997,4570.245,-0.0076494249,103.85386
"bar 28x5 mm, 5 mm bevel 120 km/h",-0.0034,-0.11,-78.499351,0.77536018,4569.7425,-0.015876077,103.85386
"bar 28x5 mm, 5 mm bevel 120 km/h",-0.0032,-0.10333333,-79.686995,0.69574917,4574.5593,-0.27243328,103.85386
"bar 28x5 mm, 5 mm bevel 120 km/h",-0.003,-0.096666667,-84.363083,0.56871546,4598.1453,-1.0253595,103.85381
"bar 28x5 mm, 5 mm bevel 120 km/h",-0.0028,-0.09,-92.996964,0.43207334,4651.9619,-2.7103241,103.85365
"bar 28x5 mm, 5 mm bevel 120 km/h",-0.0026,-0.083333333,-102.564,0.32431731,4733.1727,-5.8087621,103.85324
"bar 28x5 mm, 5 mm bevel 120 km/h",-0.0024,-0.076666667,-107.7076,0.21787474,4822.9296,-10.31021,103.85239
"bar 28x5 mm, 5 mm bevel 120 km/h",-0.0022,-0.07,-104.90279,0.099916441,4904.6945,-15.84526,103.85094
"bar 28x5 mm, 5 mm bevel 120 km/h",-0.002,-0.063333333,-93.060937,-0.02721251,4969.9947,-22.066915,103.84877
"bar 28x5 mm, 5 mm bevel 120 km/h",-0.0018,-0.056666667,-72.911336,-0.1560121,5018.0246,-28.760448,103.84581
"bar 28x5 mm, 5 mm bevel 120 km/h",-0.0016,-0.05,-46.029316,-0.29287899,5054.9217,-35.661588,103.842
"bar 28x5 mm, 5 mm bevel 120 km/h",-0.0014,-0.043333333,-13.462937,-0.45089689,5088.591,-42.52939,103.83733
"bar 28x5 mm, 5 mm bevel 120 km/h",-0.0012,-0.036666667,24.329665,-0.6537851,5124.0705,-49.389194,103.83179
"bar 28x5 mm, 5 mm bevel 120 km/h",-0.001,-0.03,66.143999,-0.90960468,5163.6903,-56.235032,103.8254
"bar 28x5 mm, 5 mm bevel 120 km/h",-0.0008,-0.023333333,110.02107,-1.2264798,5207.5914,-62.787371,103.81816
"bar 28x5 mm, 5 mm bevel 120 km/h",-0.0006,-0.016666667,153.69635,-1.5951663,5252.0928,-68.696478,103.81011
"bar 28x5 mm, 5 mm bevel 120 km/h",-0.0004,-0.01,194.32762,-2.0218555,5290.2843,-73.736554,103.80135
"bar 28x5 mm, 5 mm bevel 120 km/h",-0.0002,-0.0033333333,228.62002,-2.5170954,5318.3552,-77.796143,103.79199
"bar 28x5 mm, 5 mm bevel 120 km/h",-7.5569434e-15,0.0033333333,253.84226,-3.0870414,5339.8948,-80.842292,103.78215
"bar 28x5 mm, 5 mm bevel 120 km/h",0.0002,0.01,268.78086,-3.7362109,5358.7212,-82.904644,103.77196
"bar 28x5 mm, 5 mm bevel 120 km/h",0.0004,0.016666667,273.85763,-4.477134,5380.0805,-84.38034,103.76155
"bar 28x5 mm, 5 mm bevel 120 km/h",0.0006,0.023333333,270.21767,-5.3013935,5407.6203,-85.317779,103.75096
"bar 28x5 mm, 5 mm bevel 120 km/h",0.0008,0.03,259.3553,-6.1480495,5440.4632,-85.220386,103.74027
"bar 28x5 mm, 5 mm bevel 120 km/h",0.001,0.036666667,243.04266,-6.9615001,5474.933,-83.492406,103.72964
"bar 28x5 mm, 5 mm bevel 120 km/h",0.0012,0.043333333,222.5602,-7.7040444,5503.8705,-79.646432,103.71929
"bar 28x5 mm, 5 mm bevel 120 km/h",0.0014,0.05,196.85691,-8.351293,5521.6368,-73.438174,103.70948
"bar 28x5 mm, 5 mm bevel 120 km/h",0.0016,0.056666667,163.75137,-8.8816563,5522.8814,-64.825202,103.70053
"bar 28x5 mm, 5 mm bevel 120 km/h",0.0018,0.063333333,121.05064,-9.2781822,5500.924,-53.961706,103.69273
"bar 28x5 mm, 5 mm bevel 120 km/h",0.002,0.07,65.37101,-9.6000302,5454.4779,-41.353216,103.68636
"bar 28x5 mm, 5 mm bevel 120 km/h",0.0022,0.076666667,-5.8345454,-9.8674637,5388.8906,-27.689862,103.6816
"bar 28x5 mm, 5 mm bevel 120 km/h",0.0024,0.083333333,-90.778198,-10.059558,5309.4419,-13.864137,103.67858
"bar 28x5 mm, 5 mm bevel 120 km/h",0.0026,0.09,-185.30637,-10.172324,5224.9999,-0.94602779,103.67727
"bar 28x5 mm, 5 mm bevel 120 km/h",0.0028,0.096666667,-283.46505,-10.236656,5147.5888,10.273913,103.67753
"bar 28x5 mm, 5 mm bevel 120 km/h",0.003,0.10333333,-373.58361,-10.281101,5084.9485,19.057104,103.67913
"bar 28x5 mm, 5 mm bevel 120 km/h",0.0032,0.11,-442.78606,-10.324912,5043.5159,25.010476,103.68175
"bar 28x5 mm, 5 mm bevel 120 km/h",0.0034,0.11666667,-481.18802,-10.384559,5025.8363,28.031176,103.68501
"bar 28x5 mm, 5 mm bevel 120 km/h",0.0036,0.12333333,-482.1115,-10.472231,5021.5152,28.188584,103.68857
"bar 28x5 mm, 5 mm bevel 120 km/h",0.0038,0.13,-444.77664,-10.584535,5013.1679,25.914683,103.69206
"bar 28x5 mm, 5 mm bevel 120 km/h",0.004,0.13666667,-374.24121,-10.714342,4982.3024,21.794514,103.69519
"bar 28x5 mm, 5 mm bevel 120 km/h",0.0042,0.14333333,-280.05068,-10.849632,4914.5629,16.308822,103.69776
"bar 28x5 mm, 5 mm bevel 120 km/h",0.0044,0.15,-174.12843,-10.991287,4802.5694,9.9105832,103.69961
"bar 28x5 mm, 5 mm bevel 120 km/h",0.0046,0.15666667,-68.321114,-11.134116,4647.0826,3.2036678,103.70065
"bar 28x5 mm, 5 mm bevel 120 km/h",0.0048,0.16333333,28.043936,-11.269785,4456.5144,-3.2742416,103.70084
"bar 28x5 mm, 5 mm bevel 120 km/h",0.005,0.17,108.95722,-11.39282,4248.9071,-9.1931842,103.70023
"bar 28x5 mm, 5 mm bevel 120 km/h",0.0052,0.17666667,172.96846,-11.500232,4046.2922,-14.200624,103.69891
"bar 28x5 mm, 5 mm bevel 120 km/h",0.0054,0.18333333,223.58241,-11.595823,3868.2422,-17.942645,103.697
"bar 28x5 mm, 5 mm bevel 120 km/h",0.0056,0.19,266.67467,-11.660546,3730.8755,-20.234436,103.69466
"bar 28x5 mm, 5 mm bevel 120 km/h",0.0058,0.19666667,307.81305,-11.678936,3644.3201,-21.094169,103.69208
"bar 28x5 mm, 5 mm bevel 120 km/h",0.006,0.20333333,350.85277,-11.647056,3610.7878,-20.639808,103.68944
"bar 28x5 mm, 5 mm bevel 120 km/h",0.0062,0.21,396.6589,-11.568914,3624.5672,-19.075165,103.68689
"bar 28x5 mm, 5 mm bevel 120 km/h",0.0064,0.21666667,441.35497,-11.442593,3674.4906,-16.785459,103.68457
"bar 28x5 mm, 5 mm bevel 120 km/h",0.0066,0.22333333,476.29368,-11.269983,3747.4871,-14.212369,103.68255
"bar 28x5 mm, 5 mm bevel 120 km/h",0.0068,0.23,490.57486,-11.065446,3829.8739,-11.521151,103.68085
"bar 28x5 mm, 5 mm bevel 120 km/h",0.007,0.23666667,473.56293,-10.832418,3909.9466,-8.6741649,103.6795
"bar 28x5 mm, 5 mm bevel 120 km/h",0.0072,0.24333333,416.96642,-10.580701,3979.7377,-5.63994,103.6785
"bar 28x5 mm, 5 mm bevel 120 km/h",0.0074,0.25,316.84719,-10.322508,4037.6444,-2.2398198,103.6779
"bar 28x5 mm, 5 mm bevel 120 km/h",0.0076,0.25666667,176.0333,-10.069942,4086.2815,2.008485,103.67773
"bar 28x5 mm, 5 mm bevel 120 km/h",0.0078,0.26333333,4.3282093,-9.825069,4129.6034,7.5577902,103.67814
"bar 28x5 mm, 5 mm bevel 120 km/h",0.008,0.27,-183.1799,-9.5924209,4172.7271,14.475868,103.67928
"bar 28x5 mm, 5 mm bevel 120 km/h",0.0082,0.27666667,-368.76422,-9.3816279,4223.5741,22.625216,103.68132
"bar 28x5 mm, 5 mm bevel 120 km/h",0.0084,0.28333333,-534.09795,-9.1978801,4287.5649,31.812387,103.68442
"bar 28x5 mm, 5 mm bevel 120 km/h",0.0086,0.29,-663.33201,-9.0430361,4364.4477,41.51008,103.6887
"bar 28x5 mm, 5 mm bevel 120 km/h",0.0088,0.29666667,-746.40113,-8.9223391,4452.01,50.875445,103.6942
"bar 28x5 mm, 5 mm bevel 120 km/h",0.009,0.30333333,-780.51654,-8.8476819,4550.9052,59.030354,103.70084
"bar 28x5 mm, 5 mm bevel 120 km/h",0.0092,0.31,-769.30663,-8.8183869,4658.2642,65.289636,103.70845
"bar 28x5 mm, 5 mm bevel 120 km/h",0.0094,0.31666667,-721.87469,-8.8258782,4766.9213,69.026813,103.71677
"bar 28x5 mm, 5 mm bevel 120 km/h",0.0096,0.32333333,-651.73418,-8.8643158,4873.4045,69.739473,103.72547
"bar 28x5 mm, 5 mm bevel 120 km/h",0.0098,0.33,-573.45431,-8.9236098,4976.9807,67.33801,103.73416
"bar 28x5 mm, 5 mm bevel 120 km/h",0.01,0.33666667,-499.21215,-8.9851578,5073.751,62.07529,103.74246
"bar 28x5 mm, 5 mm bevel 120 km/h",0.0102,0.34333333,-437.92719,-9.0268832,5160.0559,54.363156,103.75002
"bar 28x5 mm, 5 mm bevel 120 km/h",0.0104,0.35,-394.32335,-9.0229011,5235.4834,44.868858,103.75654
"bar 28x5 mm, 5 mm bevel 120 km/h",0.0106,0.35666667,-367.52235,-8.9552766,5297.8619,34.597428,103.76184
"bar 28x5 mm, 5 mm bevel 120 km/h",0.0108,0.36333333,-352.27002,-8.800979,5342.2965,24.567652,103.76584
"bar 28x5 mm, 5 mm bevel 120 km/h",0.011,0.37,-341.578,-8.5458331,5365.8208,15.546767,103.76861
"bar 28x5 mm, 5 mm bevel 120 km/h",0.0112,0.37666667,-327.97465,-8.1922491,5367.139,8.2106005,103.77029
"bar 28x5 mm, 5 mm bevel 120 km/h",0.0114,0.38333333,-304.922,-7.7423645,5344.2611,3.1255199,103.77112
"bar 28x5 mm, 5 mm bevel 120 km/h",0.0116,0.39,-269.08986,-7.2091533,5296.0241,0.4925579,103.77139
"bar 28x5 mm, 5 mm bevel 120 km/h",0.0118,0.39666667,-221.3267,-6.6108282,5225.4379,0.15154348,103.77141
"bar 28x5 mm, 5 mm bevel 120 km/h",0.012,0.40333333,-165.4396,-5.9803761,5138.1251,1.8242962,103.77145
"bar 28x5 mm, 5 mm bevel 120 km/h",0.0122,0.41,-107.23057,-5.3466986,5039.6535,5.17037,103.77176
"bar 28x5 mm, 5 mm bevel 120 km/h",0.0124,0.41666667,-53.589332,-4.739653,4935.38,9.6173396,103.77253
"bar 28x5 mm, 5 mm bevel 120 km/h",0.0126,0.42333333,-11.27479,-4.1786385,4833.0651,14.43953,103.77388
"bar 28x5 mm, 5 mm bevel 120 km/h",0.0128,0.43,15.187125,-3.6814114,4739.9638,19.095185,103.77584
"bar 28x5 mm, 5 mm bevel 120 km/h",0.013,0.43666667,24.411975,-3.2487064,4658.7774,23.25331,103.77837
"bar 28x5 mm, 5 mm bevel 120 km/h",0.0132,0.44333333,17.896668,-2.8816229,4588.6269,26.556052,103.78139
"bar 28x5 mm, 5 mm bevel 120 km/h",0.0134,0.45,-0.77146007,-2.5805031,4528.7728,28.715038,103.7848
"bar 28x5 mm, 5 mm bevel 120 km/h",0.0136,0.45666667,-26.078383,-2.3516475,4476.3918,29.778361,103.78844
"bar 28x5 mm, 5 mm bevel 120 km/h",0.0138,0.46333333,-51.770521,-2.1801136,4425.0091,29.98003,103.79218
"bar 28x5 mm, 5 mm bevel 120 km/h",0.014,0.47,-72.889977,-2.0604917,4368.5602,29.475299,103.79592
"bar 28x5 mm, 5 mm bevel 120 km/h",0.0142,0.47666667,-86.685922,-1.9818287,4304.9383,28.429068,103.79958
"bar 28x5 mm, 5 mm bevel 120 km/h",0.0144,0.48333333,-92.143872,-1.9469,4232.9823,27.245462,103.8031
"bar 28x5 mm, 5 mm bevel 120 km/h",0.0146,0.49,-90.405471,-1.9429675,4152.9639,26.319518,103.80647
"bar 28x5 mm, 5 mm bevel 120 km/h",0.0148,0.49666667,-85.058526,-1.9604831,4068.5778,25.822504,103.80974
"bar 28x5 mm, 5 mm bevel 120 km/h",0.015,0.50333333,-80.898124,-1.9906155,3988.1056,25.893281,103.81296
"bar 28x5 mm, 5 mm bevel 120 km/h",0.0152,0.51,-81.973787,-2.0320402,3919.6928,26.80676,103.81621
"bar 28x5 mm, 5 mm bevel 120 km/h",0.0154,0.51666667,-91.282686,-2.0757248,3869.5591,28.66724,103.81961
"bar 28x5 mm, 5 mm bevel 120 km/h",0.0156,0.52333333,-111.03799,-2.1185971,3844.0926,31.334512,103.82326
"bar 28x5 mm, 5 mm bevel 120 km/h",0.0158,0.53,-141.53997,-2.1664171,3848.1631,34.723305,103.82728
"bar 28x5 mm, 5 mm bevel 120 km/h",0.016,0.53666667,-180.57945,-2.2190907,3881.7037,38.775042,103.83174
"bar 28x5 mm, 5 mm bevel 120 km/h",0.0162,0.54333333,-224.7807,-2.2791267,3940.1946,43.165225,103.83672
"bar 28x5 mm, 5 mm bevel 120 km/h",0.0164,0.55,-270.94333,-2.3460611,4018.2478,47.412131,103.84225
"bar 28x5 mm, 5 mm bevel 120 km/h",0.0166,0.55666667,-315.66805,-2.4302548,4109.676,51.184832,103.84831
"bar 28x5 mm, 5 mm bevel 120 km/h",0.0168,0.56333333,-355.53071,-2.5290003,4205.95,54.232555,103.85482
"bar 28x5 mm, 5 mm bevel 120 km/h",0.017,0.57,-388.23352,-2.6457885,4298.3672,56.170141,103.86168
"bar 28x5 mm, 5 mm bevel 120 km/h",0.0172,0.57666667,-413.23861,-2.788754,4383.0291,56.641006,103.86874
"bar 28x5 mm, 5 mm bevel 120 km/h",0.0174,0.58333333,-430.35058,-2.9744892,4458.9962,55.618092,103.87581
"bar 28x5 mm, 5 mm bevel 120 km/h",0.0176,0.59,-439.1458,-3.1928871,4525.1312,53.245383,103.88271
"bar 28x5 mm, 5 mm bevel 120 km/h",0.0178,0.59666667,-439.88956,-3.4406028,4582.6145,49.607465,103.88928
"bar 28x5 mm, 5 mm bevel 120 km/h",0.018,0.60333333,-433.2749,-3.7099425,4636.6512,44.897502,103.89535
"bar 28x5 mm, 5 mm bevel 120 km/h",0.0182,0.61,-418.90111,-3.9960091,4691.2474,39.561471,103.9008
"bar 28x5 mm, 5 mm bevel 120 km/h",0.0184,0.61666667,-395.9476,-4.2718497,4748.0866,33.978662,103.90557
"bar 28x5 mm, 5 mm bevel 120 km/h",0.0186,0.62333333,-364.52104,-4.5195026,4808.4856,28.326149,103.90965
"bar 28x5 mm, 5 mm bevel 120 km/h",0.0188,0.63,-325.21454,-4.728187,4873.2985,22.80421,103.91301
"bar 28x5 mm, 5 mm bevel 120 km/h",0.019,0.63666667,-278.59868,-4.8910526,4939.9993,17.674215,103.91569
"bar 28x5 mm, 5 mm bevel 120 km/h",0.0192,0.64333333,-226.20787,-5.0004577,5003.4997,12.989912,103.91775
"bar 28x5 mm, 5 mm bevel 120 km/h",0.0194,0.65,-171.10434,-5.0523591,5059.9177,8.6257443,103.91924
"bar 28x5 mm, 5 mm bevel 120 km/h",0.0196,0.65666667,-116.63232,-5.0545861,5106.3985,4.5657144,103.92018
"bar 28x5 mm, 5 mm bevel 120 km/h",0.0198,0.66333333,-65.5535,-5.0085074,5138.7639,0.84167573,103.92063
"bar 28x5 mm, 5 mm bevel 120 km/h",0.02,0.67,-20.365311,-4.9204149,5153.0727,-2.6795744,103.92062
"bar 28x5 mm, 5 mm bevel 120 km/h",0.0202,0.67666667,16.576259,-4.7996812,5149.8546,-6.1724194,103.92018
"bar 28x5 mm, 5 mm bevel 120 km/h",0.0204,0.68333333,44.346579,-4.6647162,5131.6593,-9.6011352,103.9193
"bar 28x5 mm, 5 mm bevel 120 km/h",0.0206,0.69,63.942305,-4.521644,5099.1747,-12.862544,103.91799
"bar 28x5 mm, 5 mm bevel 120 km/h",0.0208,0.69666667,77.057356,-4.3779944,5053.5315,-15.996588,103.91629
"bar 28x5 mm, 5 mm bevel 120 km/h",0.021,0.70333333,85.235195,-4.2407342,4999.5994,-19.0127,103.91419
"bar 28x5 mm, 5 mm bevel 120 km/h",0.0212,0.71,90.732766,-4.1235135,4940.735,-21.688502,103.91172
"bar 28x5 mm, 5 mm bevel 120 km/h",0.0214,0.71666667,95.867736,-4.0204994,4877.3135,-23.831623,103.90893
"bar 28x5 mm, 5 mm bevel 120 km/h",0.0216,0.72333333,101.51247,-3.9295476,4809.5595,-25.412742,103.9059
"bar 28x5 mm, 5 mm bevel 120 km/h",0.0218,0.73,106.93455,-3.8604951,4740.3486,-26.392744,103.90268
"bar 28x5 mm, 5 mm bevel 120 km/h",0.022,0.73666667,111.00227,-3.8201747,4670.5302,-26.550946,103.89936
"bar 28x5 mm, 5 mm bevel 120 km/h",0.0222,0.74333333,112.07004,-3.805739,4598.6397,-25.810248,103.89605
"bar 28x5 mm, 5 mm bevel 120 km/h",0.0224,0.75,107.36272,-3.817111,4525.4274,-24.273136,103.89286
"bar 28x5 mm, 5 mm bevel 120 km/h",0.0226,0.75666667,94.210773,-3.8611379,4454.0804,-21.969671,103.88988
"bar 28x5 mm, 5 mm bevel 120 km/h",0.0228,0.76333333,71.421892,-3.9333195,4385.7799,-18.847183,103.88722
"bar 28x5 mm, 5 mm bevel 120 km/h",0.023,0.77,38.869878,-4.0244849,4320.6567,-15.044033,103.88497
"bar 28x5 mm, 5 mm bevel 120 km/h",0.0232,0.77666667,-2.9983602,-4.1237222,4261.1563,-10.817637,103.88322
"bar 28x5 mm, 5 mm bevel 120 km/h",0.0234,0.78333333,-52.172668,-4.2385954,4210.6643,-6.2862937,103.882
"bar 28x5 mm, 5 mm bevel 120 km/h",0.0236,0.79,-104.79465,-4.3576285,4169.4722,-1.5241316,103.88136
"bar 28x5 mm, 5 mm bevel 120 km/h",0.0238,0.79666667,-156.59674,-4.4721351,4136.8028,3.1991042,103.88132
"bar 28x5 mm, 5 mm bevel 120 km/h",0.024,0.80333333,-203.90431,-4.578926,4114.0821,7.5664627,103.88187
"bar 28x5 mm, 5 mm bevel 120 km/h",0.0242,0.81,-242.9641,-4.6787375,4101.1812,11.457468,103.88294
"bar 28x5 mm, 5 mm bevel 120 km/h",0.0244,0.81666667,-270.81447,-4.7622134,4096.0529,14.762208,103.88449
"bar 28x5 mm, 5 mm bevel 120 km/h",0.0246,0.82333333,-286.77582,-4.8257071,4097.418,17.247075,103.88643
"bar 28x5 mm, 5 mm bevel 120 km/h",0.0248,0.83,-292.3078,-4.8651567,4107.0416,18.777143,103.88865
"bar 28x5 mm, 5 mm bevel 120 km/h",0.025,0.83666667,-289.25139,-4.8841239,4125.2872,19.503203,103.89103
"bar 28x5 mm, 5 mm bevel 120 km/h",0.0252,0.84333333,-279.88966,-4.8709866,4151.7969,19.572276,103.89348
"bar 28x5 mm, 5 mm bevel 120 km/h",0.0254,0.85,-267.26215,-4.8257012,4188.0713,19.014714,103.89592
"bar 28x5 mm, 5 mm bevel 120 km/h",0.0256,0.85666667,-253.73162,-4.7551551,4236.7539,17.961852,103.89827
"bar 28x5 mm, 5 mm bevel 120 km/h",0.0258,0.86333333,-239.90052,-4.6605713,4298.8826,16.620761,103.90048
"bar 28x5 mm, 5 mm bevel 120 km/h",0.026,0.87,-225.51405,-4.5404218,4374.2849,14.969543,103.90251
"bar 28x5 mm, 5 mm bevel 120 km/h",0.0262,0.87666667,-209.93999,-4.3924191,4461.5227,12.856871,103.90432
"bar 28x5 mm, 5 mm bevel 120 km/h",0.0264,0.88333333,-191.14354,-4.2212385,4554.7153,10.281638,103.90586
"bar 28x5 mm, 5 mm bevel 120 km/h",0.0266,0.89,-166.38194,-4.0233817,4644.5559,7.266413,103.90705
"bar 28x5 mm, 5 mm bevel 120 km/h",0.0268,0.89666667,-133.6579,-3.8025712,4720.4431,3.7049104,103.90786
"bar 28x5 mm, 5 mm bevel 120 km/h",0.027,0.90333333,-92.524248,-3.5600246,4775.056,-0.5249963,103.9082
"bar 28x5 mm, 5 mm bevel 120 km/h",0.0272,0.91,-43.607746,-3.307176,4806.1473,-5.3526133,103.90799
"bar 28x5 mm, 5 mm bevel 120 km/h",0.0274,0.91666667,11.475349,-3.0360591,4814.8883,-10.561718,103.90717
"bar 28x5 mm, 5 mm bevel 120 km/h",0.0276,0.92333333,69.879243,-2.7512396,4805.2745,-15.948137,103.90568
"bar 28x5 mm, 5 mm bevel 120 km/h",0.0278,0.93,127.83583,-2.4542814,4787.3502,-21.307815,103.90352
"bar 28x5 mm, 5 mm bevel 120 km/h",0.028,0.93666667,181.68376,-2.1582996,4776.4285,-26.371995,103.90069
"bar 28x5 mm, 5 mm bevel 120 km/h",0.0282,0.94333333,228.91839,-1.8596313,4782.4466,-30.851016,103.89724
"bar 28x5 mm, 5 mm bevel 120 km/h",0.0284,0.95,267.50731,-1.5619316,4808.128,-34.626084,103.89325
"bar 28x5 mm, 5 mm bevel 120 km/h",0.0286,0.95666667,295.2493,-1.2781873,4851.6177,-37.539006,103.88882
"bar 28x5 mm, 5 mm bevel 120 km/h",0.0288,0.96333333,310.5577,-1.0131699,4903.0041,-39.250963,103.88405
"bar 28x5 mm, 5 mm bevel 120 km/h",0.029,0.97,312.18636,-0.76739105,4947.407,-39.609559,103.87911
"bar 28x5 mm, 5 mm bevel 120 km/h",0.0292,0.97666667,298.31054,-0.54177963,4973.1084,-38.698246,103.87417
"bar 28x5 mm, 5 mm bevel 120 km/h",0.0294,0.98333333,267.236,-0.34514719,4976.8357,-36.646798,103.86937
"bar 28x5 mm, 5 mm bevel 120 km/h",0.0296,0.99,219.39418,-0.17830649,4957.3195,-33.505486,103.86487
"bar 28x5 mm, 5 mm bevel 120 km/h",0.0298,0.99666667,157.54409,-0.040632298,4914.1169,-29.549352,103.8608
"bar 28x5 mm, 5 mm bevel 120 km/h",0.03,1.0033333,85.559392,0.070289863,4852.0972,-25.196076,103.85723
"bar 28x5 mm, 5 mm bevel 120 km/h",0.0302,1.01,9.0744341,0.14598668,4779.7589,-20.700655,103.85422
"bar 28x5 mm, 5 mm bevel 120 km/h",0.0304,1.0166667,-64.54184,0.19417064,4704.4396,-16.238717,103.85178
"bar 28x5 mm, 5 mm bevel 120 km/h",0.0306,1.0233333,-128.25361,0.21771677,4632.8958,-12.126707,103.84988
"bar 28x5 mm, 5 mm bevel 120 km/h",0.0308,1.03,-176.76435,0.21621291,4573.4142,-8.7098633,103.84849
"bar 28x5 mm, 5 mm bevel 120 km/h",0.031,1.0366667,-205.94393,0.1873059,4529.9033,-6.0852851,103.84749
"bar 28x5 mm, 5 mm bevel 120 km/h",0.0312,1.0433333,-213.88243,0.13477299,4501.3886,-4.3551004,103.8468
"bar 28x5 mm, 5 mm bevel 120 km/h",0.0314,1.05,-202.53088,0.06130154,4485.1843,-3.7579102,103.84629
"bar 28x5 mm, 5 mm bevel 120 km/h",0.0316,1.0566667,-176.84161,-0.025446138,4478.1049,-4.3838269,103.84582
"bar 28x5 mm, 5 mm bevel 120 km/h",0.0318,1.0633333,-142.78376,-0.12623759,4475.1597,-6.1203302,103.84524
"bar 28x5 mm, 5 mm bevel 120 km/h",0.032,1.07,-107.1516,-0.23542957,4470.597,-8.8103132,103.8444
"bar 28x5 mm, 5 mm bevel 120 km/h",0.0322,1.0766667,-77.079195,-0.34754163,4461.6613,-12.274307,103.8432
"bar 28x5 mm, 5 mm bevel 120 km/h",0.0324,1.0833333,-57.820968,-0.46629221,4447.9326,-16.095673,103.84155
"bar 28x5 mm, 5 mm bevel 120 km/h",0.0326,1.09,-51.320466,-0.58498853,4428.8344,-19.666856,103.83942
"bar 28x5 mm, 5 mm bevel 120 km/h",0.0328,1.0966667,-56.873434,-0.69503215,4404.2834,-22.4957,103.83686
"bar 28x5 mm, 5 mm bevel 120 km/h",0.033,1.1033333,-71.985814,-0.79057989,4377.4138,-24.277708,103.83397
"bar 28x5 mm, 5 mm bevel 120 km/h",0.0332,1.11,-91.994229,-0.88132998,4352.1014,-24.735624,103.8309
"bar 28x5 mm, 5 mm bevel 120 km/h",0.0334,1.1166667,-110.93526,-0.95692952,4329.9081,-23.705702,103.82781
"bar 28x5 mm, 5 mm bevel 120 km/h",0.0336,1.1233333,-123.79032,-1.0122209,4311.7546,-21.374302,103.8249
"bar 28x5 mm, 5 mm bevel 120 km/h",0.0338,1.13,-127.80689,-1.0475508,4300.1249,-18.145657,103.82232
"bar 28x5 mm, 5 mm bevel 120 km/h",0.034,1.1366667,-122.0549,-1.0747312,4297.7642,-14.350024,103.82016
"bar 28x5 mm, 5 mm bevel 120 km/h",0.0342,1.1433333,-107.31048,-1.0906309,4304.4173,-10.267904,103.81849
"bar 28x5 mm, 5 mm bevel 120 km/h",0.0344,1.15,-86.574088,-1.0969483,4318.6663,-6.3056753,103.81734
"bar 28x5 mm, 5 mm bevel 120 km/h",0.0346,1.1566667,-64.472708,-1.095237,4341.1537,-2.8536047,103.81667
"bar 28x5 mm, 5 mm bevel 120 km/h",0.0348,1.1633333,-45.377756,-1.093677,4372.3225,-0.041675177,103.81641
"bar 28x5 mm, 5 mm bevel 120 km/h",0.035,1.17,-32.341682,-1.0909046,4409.5491,2.0978825,103.81648
"bar 28x5 mm, 5 mm bevel 120 km/h",0.0352,1.1766667,-27.517696,-1.0895588,4450.0033,3.4699757,103.8168
"bar 28x5 mm, 5 mm bevel 120 km/h",0.0354,1.1833333,-31.612311,-1.0958389,4493.0089,4.0765782,103.81726
"bar 28x5 mm, 5 mm bevel 120 km/h",0.0356,1.19,-42.83215,-1.1172744,4536.3273,4.1898154,103.81778
"bar 28x5 mm, 5 mm bevel 120 km/h",0.0358,1.1966667,-57.635142,-1.1493973,4575.8486,4.0287123,103.81831
"bar 28x5 mm, 5 mm bevel 120 km/h",0.036,1.2033333,-72.34796,-1.1913306,4608.9529,3.6642575,103.8188
"bar 28x5 mm, 5 mm bevel 120 km/h",0.0362,1.21,-83.628325,-1.2474592,4636.7089,3.2130364,103.81924
"bar 28x5 mm, 5 mm bevel 120 km/h",0.0364,1.2166667,-88.063176,-1.3166962,4658.4577,2.9535387,103.81963
"bar 28x5 mm, 5 mm bevel 120 km/h",0.0366,1.2233333,-83.478794,-1.3931372,4672.4612,2.9872728,103.82
"bar 28x5 mm, 5 mm bevel 120 km/h",0.0368,1.23,-70.252019,-1.4759748,4680.1799,3.2430543,103.82038
"bar 28x5 mm, 5 mm bevel 120 km/h",0.037,1.2366667,-50.249929,-1.5708057,4685.7163,3.7318745,103.8208
"bar 28x5 mm, 5 mm bevel 120 km/h",0.0372,1.2433333,-25.763133,-1.6735792,4690.9431,4.4790172,103.82128
"bar 28x5 mm, 5 mm bevel 120 km/h",0.0374,1.25,-0.12465261,-1.7786198,4696.6761,5.3076637,103.82187
"bar 28x5 mm, 5 mm bevel 120 km/h",0.0376,1.2566667,22.261347,-1.8885493,4706.267,5.9885515,103.82256
"bar 28x5 mm, 5 mm bevel 120 km/h",0.0378,1.2633333,38.104835,-2.0093634,4721.649,6.4948118,103.82332
"bar 28x5 mm, 5 mm bevel 120 km/h",0.038,1.27,45.860459,-2.1321452,4740.8074,6.8150755,103.82415
"bar 28x5 mm, 5 mm bevel 120 km/h",0.0382,1.2766667,44.66295,-2.2550444,4760.6495,6.8104997,103.82501
"bar 28x5 mm, 5 mm bevel 120 km/h",0.0384,1.2833333,34.320698,-2.3794785,4780.075,6.4273134,103.82585
"bar 28x5 mm, 5 mm bevel 120 km/h",0.0386,1.29,16.610847,-2.5077702,4796.3503,5.8215107,103.82664
"bar 28x5 mm, 5 mm bevel 120 km/h",0.0388,1.2966667,-5.5891645,-2.6327115,4804.9044,5.1199227,103.82735
"bar 28x5 mm, 5 mm bevel 120 km/h",0.039,1.3033333,-29.942923,-2.7498061,4803.4278,4.3080425,103.82796
"bar 28x5 mm, 5 mm bevel 120 km/h",0.0392,1.31,-54.372412,-2.8671633,4792.353,3.4433785,103.82847
"bar 28x5 mm, 5 mm bevel 120 km/h",0.0394,1.3166667,-76.428425,-2.9821468,4771.1379,2.7419768,103.82888
"bar 28x5 mm, 5 mm bevel 120 km/h",0.0396,1.3233333,-94.46225,-3.0821907,4739.5605,2.2626344,103.8292
"bar 28x5 mm, 5 mm bevel 120 km/h",0.0398,1.33,-108.43897,-3.1588054,4700.1127,1.9230293,103.82947
"bar 28x5 mm, 5 mm bevel 120 km/h",0.04,1.3366667,-118.8458,-3.2155434,4657.1213,1.728298,103.82971
"bar 28x5 mm, 5 mm bevel 120 km/h",0.0402,1.3433333,-126.02873,-3.2469882,4613.3961,1.7765771,103.82992
"bar 28x5 mm, 5 mm bevel 120 km/h",0.0404,1.35,-130.84971,-3.2436885,4570.7778,2.006136,103.83015
"bar 28x5 mm, 5 mm bevel 120 km/h",0.0406,1.3566667,-134.93598,-3.2034993,4533.0671,2.2492239,103.83041
"bar 28x5 mm, 5 mm bevel 120 km/h",0.0408,1.3633333,-139.36928,-3.1428012,4503.7088,2.5130541,103.83069
"bar 28x5 mm, 5 mm bevel 120 km/h",0.041,1.37,-144.2479,-3.0532832,4482.23,2.8759609,103.83102
"bar 28x5 mm, 5 mm bevel 120 km/h",0.0412,1.3766667,-149.68195,-2.9367172,4466.5636,3.2471332,103.83139
"bar 28x5 mm, 5 mm bevel 120 km/h",0.0414,1.3833333,-156.15938,-2.7960105,4457.0276,3.4956473,103.83181
"bar 28x5 mm, 5 mm bevel 120 km/h",0.0416,1.39,-163.32943,-2.6396895,4452.4117,3.6924065,103.83225
"bar 28x5 mm, 5 mm bevel 120 km/h",0.0418,1.3966667,-170.26911,-2.4633231,4449.2649,3.8910212,103.83272
"bar 28x5 mm, 5 mm bevel 120 km/h",0.042,1.4033333,-176.62123,-2.2685266,4444.7649,3.979921,103.83321
"bar 28x5 mm, 5 mm bevel 120 km/h",0.0422,1.41,-182.40546,-2.0606446,4439.0576,3.8692297,103.83371
"bar 28x5 mm, 5 mm bevel 120 km/h",0.0424,1.4166667,-187.01397,-1.8480292,4431.7832,3.6811904,103.83418
"bar 28x5 mm, 5 mm bevel 120 km/h",0.0426,1.4233333,-189.65293,-1.6306794,4421.9577,3.4762997,103.83464
"bar 28x5 mm, 5 mm bevel 120 km/h",0.0428,1.43,-190.29805,-1.4131569,4410.7062,3.1776852,103.83507
"bar 28x5 mm, 5 mm bevel 120 km/h",0.043,1.4366667,-189.03981,-1.2022358,4401.2806,2.82255,103.83545
"bar 28x5 mm, 5 mm bevel 120 km/h",0.0432,1.4433333,-185.15402,-0.9985661,4395.2674,2.5958635,103.83579
"bar 28x5 mm, 5 mm bevel 120 km/h",0.0434,1.45,-178.00526,-0.7997476,4392.681,2.5367291,103.83611
"bar 28x5 mm, 5 mm bevel 120 km/h",0.0436,1.4566667,-167.96058,-0.6081242,4395.0105,2.5462872,103.83643
"bar 28x5 mm, 5 mm bevel 120 km/h",0.0438,1.4633333,-155.44638,-0.4339681,4404.2681,2.6488947,103.83675
"bar 28x5 mm, 5 mm bevel 120 km/h",0.044,1.47,-140.47764,-0.27300465,4419.9788,2.9371388,103.83709
"bar 28x5 mm, 5 mm bevel 120 km/h",0.0442,1.4766667,-123.55631,-0.12242563,4439.7859,3.3400375,103.83747
"bar 28x5 mm, 5 mm bevel 120 km/h",0.0444,1.4833333,-106.18968,0.018142386,4463.3071,3.7132315,103.8379
"bar 28x5 mm, 5 mm bevel 120 km/h",0.0446,1.49,-89.684563,0.14006083,4490.9103,4.0778807,103.83837
"bar 28x5 mm, 5 mm bevel 120 km/h",0.0448,1.4966667,-74.623029,0.24942992,4520.0984,4.5079611,103.83889
"bar 28x5 mm, 5 mm bevel 120 km/h",0.045,1.5033333,-61.812039,0.34422561,4547.7788,4.9228822,103.83947
"bar 28x5 mm, 5 mm bevel 120 km/h",0.0452,1.51,-52.464808,0.42487356,4574.5757,5.222889,103.8401
"bar 28x5 mm, 5 mm bevel 120 km/h",0.0454,1.5166667,-46.741221,0.48343067,4600.5813,5.5072146,103.84076
"bar 28x5 mm, 5 mm bevel 120 km/h",0.0456,1.5233333,-43.901272,0.52961851,4623.8476,5.8514846,103.84146
"bar 28x5 mm, 5 mm bevel 120 km/h",0.0458,1.53,-43.476273,0.56140396,4643.0068,6.175331,103.8422
"bar 28x5 mm, 5 mm bevel 120 km/h",0.046,1.5366667,-45.186206,0.57795228,4659.9059,6.4186077,103.84298
"bar 28x5 mm, 5 mm bevel 120 km/h",0.0462,1.5433333,-47.820594,0.57655785,4674.7161,6.7121462,103.84379
"bar 28x5 mm, 5 mm bevel 120 km/h",0.0464,1.55,-50.056677,0.56624924,4686.1987,7.0711835,103.84464
"bar 28x5 mm, 5 mm bevel 120 km/h",0.0466,1.5566667,-51.582317,0.55142518,4694.463,7.3812547,103.84554
"bar 28x5 mm, 5 mm bevel 120 km/h",0.0468,1.5633333,-52.395041,0.52296185,4701.1719,7.6259817,103.84647
"bar 28x5 mm, 5 mm bevel 120 km/h",0.047,1.57,-52.098745,0.48430971,4706.2141,7.9176972,103.84743
"bar 28x5 mm, 5 mm bevel 120 km/h",0.0472,1.5766667,-50.761853,0.44436829,4708.2834,8.2326195,103.84843
"bar 28x5 mm, 5 mm bevel 120 km/h",0.0474,1.5833333,-49.492243,0.40552981,4708.2431,8.4340523,103.84947
"bar 28x5 mm, 5 mm bevel 120 km/h",0.0476,1.59,-49.233967,0.35343413,4707.9336,8.5386541,103.85053
"bar 28x5 mm, 5 mm bevel 120 km/h",0.0478,1.5966667,-50.180947,0.29830733,4706.4563,8.64437,103.8516
"bar 28x5 mm, 5 mm bevel 120 km/h",0.048,1.6033333,-52.7019,0.24805272,4702.2484,8.6809675,103.85268
"bar 28x5 mm, 5 mm bevel 120 km/h",0.0482,1.61,-57.643213,0.20224864,4696.7006,8.5337579,103.85377
"bar 28x5 mm, 5 mm bevel 120 km/h",0.0484,1.6166667,-64.995137,0.15274518,4690.4718,8.2939643,103.85483
"bar 28x5 mm, 5 mm bevel 120 km/h",0.0486,1.6233333,-73.939086,0.10587563,4682.0219,8.0533114,103.85585
"bar 28x5 mm, 5 mm bevel 120 km/h",0.0488,1.63,-84.007455,0.062882213,4670.217,7.7318999,103.85685
"bar 28x5 mm, 5 mm bevel 120 km/h",0.049,1.6366667,-95.039649,0.021784283,4656.4266,7.278302,103.85781
"bar 28x5 mm, 5 mm bevel 120 km/h",0.0492,1.6433333,-106.12796,-0.021719289,4640.9498,6.8276681,103.8587
"bar 28x5 mm, 5 mm bevel 120 km/h",0.0494,1.65,-116.15806,-0.066028276,4622.5332,6.4401822,103.85954
"bar 28x5 mm, 5 mm bevel 120 km/h",0.0496,1.6566667,-124.94762,-0.10818138,4601.9641,5.9979272,103.86034
"bar 28x5 mm, 5 mm bevel 120 km/h",0.0498,1.6633333,-132.55827,-0.15233722,4581.2785,5.4940382,103.86107
"bar 28x5 mm, 5 mm bevel 120 km/h",0.05,1.67,-138.41859,-0.19845036,4560.8449,5.0476113,103.86174
"bar 28x5 mm, 5 mm bevel 120 km/h",0.0502,1.6766667,-142.18397,-0.24114969,4539.9912,4.6422087,103.86236
"bar 28x5 mm, 5 mm bevel 120 km/h",0.0504,1.6833333,-144.39247,-0.28008735,4519.7402,4.1416458,103.86293
"bar 28x5 mm, 5 mm bevel 120 km/h",0.0506,1.69,-145.47927,-0.32484855,4501.9887,3.5519514,103.86343
"bar 28x5 mm, 5 mm bevel 120 km/h",0.0508,1.6966667,-145.23286,-0.37086276,4486.5321,2.9878011,103.86385
"bar 28x5 mm, 5 mm bevel 120 km/h",0.051,1.7033333,-143.60818,-0.41572911,4472.2119,2.4082709,103.86421
"bar 28x5 mm, 5 mm bevel 120 km/h",0.0512,1.71,-141.32208,-0.45968046,4460.5185,1.6997083,103.86449
"bar 28x5 mm, 5 mm bevel 120 km/h",0.0514,1.7166667,-138.67343,-0.51218054,4453.1631,0.94585003,103.86468
"bar 28x5 mm, 5 mm bevel 120 km/h",0.0516,1.7233333,-135.19442,-0.56619029,4448.8366,0.27542425,103.86478
"bar 28x5 mm, 5 mm bevel 120 km/h",0.0518,1.73,-130.85225,-0.62514357,4446.2015,-0.37500525,103.86479
"bar 28x5 mm, 5 mm bevel 120 km/h",0.052,1.7366667,-126.25242,-0.68625319,4446.8094,-1.0819609,103.86472
"bar 28x5 mm, 5 mm bevel 120 km/h",0.0522,1.7433333,-121.28887,-0.75817873,4450.8196,-1.7342698,103.86456
"bar 28x5 mm, 5 mm bevel 120 km/h",0.0524,1.75,-115.48645,-0.83006252,4456.3184,-2.2569274,103.86433
"bar 28x5 mm, 5 mm bevel 120 km/h",0.0526,1.7566667,-109.03667,-0.90057459,4461.8084,-2.7365302,103.86403
"bar 28x5 mm, 5 mm bevel 120 km/h",0.0528,1.7633333,-102.561,-0.97193561,4468.6958,-3.2419626,103.86367
"bar 28x5 mm, 5 mm bevel 120 km/h",0.053,1.77,-95.933835,-1.0481214,4476.8009,-3.6427647,103.86325
"bar 28x5 mm, 5 mm bevel 120 km/h",0.0532,1.7766667,-88.805041,-1.1203737,4484.163,-3.8985557,103.86279
"bar 28x5 mm, 5 mm bevel 120 km/h",0.0534,1.7833333,-81.636225,-1.1865566,4490.8429,-4.1114261,103.8623
"bar 28x5 mm, 5 mm bevel 120 km/h",0.0536,1.79,-74.94513,-1.2534763,4498.816,-4.2833197,103.86177
"bar 28x5 mm, 5 mm bevel 120 km/h",0.0538,1.7966667,-68.443378,-1.3212206,4508.291,-4.2799158,103.86124
"bar 28x5 mm, 5 mm bevel 120 km/h",0.054,1.8033333,-61.918195,-1.3834228,4518.495,-4.1144534,103.8607
"bar 28x5 mm, 5 mm bevel 120 km/h",0.0542,1.81,-55.925143,-1.4344903,4530.251,-3.8984028,103.8602
"bar 28x5 mm, 5 mm bevel 120 km/h",0.0544,1.8166667,-50.81432,-1.4809758,4545.3859,-3.6065436,103.85972
"bar 28x5 mm, 5 mm bevel 120 km/h",0.0546,1.8233333,-46.264271,-1.520137,4563.015,-3.1380919,103.85928
"bar 28x5 mm, 5 mm bevel 120 km/h",0.0548,1.83,-42.258954,-1.5462365,4581.0927,-2.5606306,103.8589
"bar 28x5 mm, 5 mm bevel 120 km/h",0.055,1.8366667,-39.604883,-1.5585066,4600.2361,-2.0062846,103.8586
"bar 28x5 mm, 5 mm bevel 120 km/h",0.0552,1.8433333,-38.558425,-1.5597359,4620.3632,-1.4141946,103.85836
"bar 28x5 mm, 5 mm bevel 120 km/h",0.0554,1.85,-38.782317,-1.5450933,4639.3158,-0.73195256,103.85821
"bar 28x5 mm, 5 mm bevel 120 km/h",0.0556,1.8566667,-40.359112,-1.512042,4654.9453,-0.077439058,103.85814
"bar 28x5 mm, 5 mm bevel 120 km/h",0.0558,1.8633333,-43.73447,-1.4621936,4667.9264,0.44259209,103.85815
"bar 28x5 mm, 5 mm bevel 120 km/h",0.056,1.87,-48.45653,-1.4038718,4677.9935,0.92116391,103.85822
"bar 28x5 mm, 5 mm bevel 120 km/h",0.0562,1.8766667,-53.55418,-1.3312049,4683.3819,1.3918983,103.85835
"bar 28x5 mm, 5 mm bevel 120 km/h",0.0564,1.8833333,-58.719266,-1.2447317,4684.3008,1.7230411,103.85854
"bar 28x5 mm, 5 mm bevel 120 km/h",0.0566,1.89,-63.773283,-1.1521826,4682.9002,1.8833639,103.85876
"bar 28x5 mm, 5 mm bevel 120 km/h",0.0568,1.8966667,-67.751496,-1.0536811,4679.6711,1.9998975,103.859
"bar 28x5 mm, 5 mm bevel 120 km/h",0.057,1.9033333,-69.798182,-0.94720517,4673.7751,2.0782764,103.85925
"bar 28x5 mm, 5 mm bevel 120 km/h",0.0572,1.91,-70.099264,-0.83261429,4666.0158,2.0150747,103.85951
"bar 28x5 mm, 5 mm bevel 120 km/h",0.0574,1.9166667,-69.047837,-0.71538326,4658.5359,1.8302116,103.85976
"bar 28x5 mm, 5 mm bevel 120 km/h",0.0576,1.9233333,-66.638903,-0.59179055,4651.3559,1.6574533,103.85998
"bar 28x5 mm, 5 mm bevel 120 km/h",0.0578,1.93,-63.256676,-0.45661184,4643.0565,1.4839892,103.86018
"bar 28x5 mm, 5 mm bevel 120 km/h",0.058,1.9366667,-60.198585,-0.31403117,4634.4713,1.2063295,103.86036
"bar 28x5 mm, 5 mm bevel 120 km/h",0.0582,1.9433333,-58.52409,-0.18245828,4627.0748,0.89660244,103.8605
"bar 28x5 mm, 5 mm bevel 120 km/h",0.0584,1.95,-58.469132,-0.05095538,4619.3426,0.68335785,103.86061
"bar 28x5 mm, 5 mm bevel 120 km/h",0.0586,1.9566667,-60.457763,0.074932584,4609.6234,0.50776846,103.86069
"bar 28x5 mm, 5 mm bevel 120 km/h",0.0588,1.9633333,-65.245941,0.1947664,4599.1409,0.30048916,103.86074
"bar 28x5 mm, 5 mm bevel 120 km/h",0.059,1.97,-72.548793,0.29598903,4588.3176,0.16947624,103.86078
"bar 28x5 mm, 5 mm bevel 120 km/h",0.0592,1.9766667,-81.300763,0.38710013,4575.7224,0.19335025,103.8608
"bar 28x5 mm, 5 mm bevel 120 km/h",0.0594,1.9833333,-90.777344,0.47076747,4560.6242,0.27848322,103.86082
"bar 28x5 mm, 5 mm bevel 120 km/h",0.0596,1.99,-100.5091,0.5457132,4545.4451,0.33597814,103.86086
"bar 28x5 mm, 5 mm bevel 120 km/h",0.0598,1.9966667,-109.23335,0.60822503,4531.1557,0.4586126,103.8609
"bar 28x5 mm, 5 mm bevel 120 km/h",0.06,2.0033333,-115.57487,0.66225023,4516.8136,0.64126267,103.86097
"bar 28x5 mm, 5 mm bevel 120 km/h",0.0602,2.01,-119.18915,0.70897039,4503.0866,0.72606373,103.86105
"bar 28x5 mm, 5 mm bevel 120 km/h",0.0604,2.0166667,-120.12194,0.74617935,4492.115,0.6524948,103.86114
"bar 28x5 mm, 5 mm bevel 120 km/h",0.0606,2.0233333,-117.99863,0.77431662,4483.9846,0.50349172,103.86122
"bar 28x5 mm, 5 mm bevel 120 km/h",0.0608,2.03,-112.89285,0.7980507,4477.5574,0.24030328,103.86128
"bar 28x5 mm, 5 mm bevel 120 km/h",0.061,2.0366667,-105.91496,0.81722752,4473.4173,-0.26926353,103.8613
"bar 28x5 mm, 5 mm bevel 120 km/h",0.0612,2.0433333,-98.076537,0.82353755,4472.9324,-0.98545504,103.86124
"bar 28x5 mm, 5 mm bevel 120 km/h",0.0614,2.05,-89.722833,0.82001705,4475.0748,-1.7665525,103.86109
"bar 28x5 mm, 5 mm bevel 120 km/h",0.0616,2.0566667,-81.375976,0.81171451,4477.9985,-2.615209,103.86085
"bar 28x5 mm, 5 mm bevel 120 km/h",0.0618,2.0633333,-74.171259,0.79751755,4482.7667,-3.582843,103.86049
"bar 28x5 mm, 5 mm bevel 120 km/h",0.062,2.07,-68.487132,0.77470931,4490.0284,-4.5210487,103.86001
"bar 28x5 mm, 5 mm bevel 120 km/h",0.0622,2.0766667,-63.875695,0.74891917,4498.2325,-5.2864645,103.85942
"bar 28x5 mm, 5 mm bevel 120 km/h",0.0624,2.0833333,-60.221607,0.72133127,4505.8061,-5.9072641,103.85874
"bar 28x5 mm, 5 mm bevel 120 km/h",0.0626,2.09,-57.819228,0.69462938,4513.9117,-6.4206427,103.85798
"bar 28x5 mm, 5 mm bevel 120 km/h",0.0628,2.0966667,-56.259164,0.65946057,4522.9105,-6.6922079,103.85717
"bar 28x5 mm, 5 mm bevel 120 km/h",0.063,2.1033333,-54.780943,0.62408349,4531.2963,-6.6606034,103.85633
"bar 28x5 mm, 5 mm bevel 120 km/h",0.0632,2.11,-53.355936,0.59218372,4538.2462,-6.4307224,103.8555
"bar 28x5 mm, 5 mm bevel 120 km/h",0.0634,2.1166667,-52.471866,0.55700904,4546.1241,-6.0928913,103.8547
"bar 28x5 mm, 5 mm bevel 120 km/h",0.0636,2.1233333,-51.911842,0.51963779,4555.4019,-5.5554231,103.85396
"bar 28x5 mm, 5 mm bevel 120 km/h",0.0638,2.13,-51.344235,0.48422813,4564.6272,-4.857319,103.85328
"bar 28x5 mm, 5 mm bevel 120 km/h",0.064,2.1366667,-51.329334,0.45366111,4574.2355,-4.1693358,103.8527
"bar 28x5 mm, 5 mm bevel 120 km/h",0.0642,2.1433333,-52.324997,0.42153633,4585.7456,-3.5326745,103.8522
"bar 28x5 mm, 5 mm bevel 120 km/h",0.0644,2.15,-53.984886,0.38762179,4598.6314,-2.8664264,103.85177
"bar 28x5 mm, 5 mm bevel 120 km/h",0.0646,2.1566667,-55.963124,0.35906492,4610.78,-2.2244557,103.85144
"bar 28x5 mm, 5 mm bevel 120 km/h",0.0648,2.1633333,-58.629155,0.33539367,4622.2878,-1.7490247,103.85118
"bar 28x5 mm, 5 mm bevel 120 km/h",0.065,2.17,-61.98147,0.30698236,4634.0923,-1.4053969,103.85097
"bar 28x5 mm, 5 mm bevel 120 km/h",0.0652,2.1766667,-65.241048,0.27882095,4644.4343,-1.0856481,103.8508
"bar 28x5 mm, 5 mm bevel 120 km/h",0.0654,2.1833333,-68.019736,0.25053091,4651.2055,-0.84098459,103.85068
"bar 28x5 mm, 5 mm bevel 120 km/h",0.0656,2.19,-70.669669,0.22194275,4655.4033,-0.75466499,103.85058
"bar 28x5 mm, 5 mm bevel 120 km/h",0.0658,2.1966667,-72.945267,0.18858874,4657.4157,-0.71519545,103.85048
"bar 28x5 mm, 5 mm bevel 120 km/h",0.066,2.2033333,-74.252576,0.15859712,4656.1911,-0.62627447,103.8504
"bar 28x5 mm, 5 mm bevel 120 km/h",0.0662,2.21,-74.709561,0.13553028,4651.2336,-0.55318831,103.85032
"bar 28x5 mm, 5 mm bevel 120 km/h",0.0664,2.2166667,-74.929771,0.11240456,4644.8729,-0.54177343,103.85025
"bar 28x5 mm, 5 mm bevel 120 km/h",0.0666,2.2233333,-74.838656,0.086115739,4638.1759,-0.45729516,103.85019
"bar 28x5 mm, 5 mm bevel 120 km/h",0.0668,2.23,-74.163424,0.059681035,4630.2679,-0.24841387,103.85013
"bar 28x5 mm, 5 mm bevel 120 km/h",0.067,2.2366667,-73.460455,0.0325505,4621.7742,-0.01932939,103.85011
"bar 28x5 mm, 5 mm bevel 120 km/h",0.0672,2.2433333,-73.410131,-0.0040923934,4614.958,0.20280355,103.85012
"bar 28x5 mm, 5 mm bevel 120 km/h",0.0674,2.25,-73.829954,-0.049974795,4609.483,0.53700449,103.85015
"bar 28x5 mm, 5 mm bevel 120 km/h",0.0676,2.2566667,-74.533533,-0.10146914,4603.69,0.94584794,103.85023
"bar 28x5 mm, 5 mm bevel 120 km/h",0.0678,2.2633333,-76.066054,-0.15263241,4597.5238,1.2855983,103.85036
"bar 28x5 mm, 5 mm bevel 120 km/h",0.068,2.27,-78.716928,-0.20669465,4592.0468,1.5544294,103.85053
"bar 28x5 mm, 5 mm bevel 120 km/h",0.0682,2.2766667,-81.94804,-0.26069464,4585.9609,1.8521905,103.85073
"bar 28x5 mm, 5 mm bevel 120 km/h",0.0684,2.2833333,-85.357906,-0.31172497,4577.4548,2.1108237,103.85097
"bar 28x5 mm, 5 mm bevel 120 km/h",0.0686,2.29,-89.263175,-0.35961827,4567.8716,2.2024182,103.85124
"bar 28x5 mm, 5 mm bevel 120 km/h",0.0688,2.2966667,-93.345887,-0.41148167,4558.2578,2.2054717,103.85152
"bar 28x5 mm, 5 mm bevel 120 km/h",0.069,2.3033333,-96.663118,-0.45780871,4547.7743,2.2073648,103.85179
"bar 28x5 mm, 5 mm bevel 120 km/h",0.0692,2.31,-98.809241,-0.49826533,4535.7744,2.1322812,103.85207
"bar 28x5 mm, 5 mm bevel 120 km/h",0.0694,2.3166667,-99.995597,-0.5306273,4524.3466,1.906183,103.85233
"bar 28x5 mm, 5 mm bevel 120 km/h",0.0696,2.3233333,-99.900499,-0.56672202,4514.8478,1.6439359,103.85256
"bar 28x5 mm, 5 mm bevel 120 km/h",0.0698,2.33,-97.983751,-0.5924777,4506.5174,1.4234815,103.85276
"bar 28x5 mm, 5 mm bevel 120 km/h",0.07,2.3366667,-94.513261,-0.60530734,4499.0322,1.1645627,103.85293
"bar 28x5 mm, 5 mm bevel 120 km/h",0.0702,2.3433333,-90.317547,-0.61198779,4494.7584,0.8120046,103.85307
"bar 28x5 mm, 5 mm bevel 120 km/h",0.0704,2.35,-85.604154,-0.61445145,4494.1121,0.50508369,103.85316
"bar 28x5 mm, 5 mm bevel 120 km/h",0.0706,2.3566667,-80.417848,-0.60802916,4495.1654,0.26832935,103.85321
"bar 28x5 mm, 5 mm bevel 120 km/h",0.0708,2.3633333,-75.667618,-0.59181833,4497.8076,-0.015715376,103.85324
"bar 28x5 mm, 5 mm bevel 120 km/h",0.071,2.37,-72.13528,-0.56727501,4502.934,-0.33635947,103.85323
"bar 28x5 mm, 5 mm bevel 120 km/h",0.0712,2.3766667,-69.710636,-0.53135602,4509.564,-0.56962501,103.85317
"bar 28x5 mm, 5 mm bevel 120 km/h",0.0714,2.3833333,-68.257197,-0.48099932,4515.7204,-0.73217872,103.8531
"bar 28x5 mm, 5 mm bevel 120 km/h",0.0716,2.39,-68.195775,-0.41671086,4521.6351,-0.94083567,103.853
"bar 28x5 mm, 5 mm bevel 120 km/h",0.0718,2.3966667,-69.475951,-0.35266336,4528.6363,-1.1564587,103.85288
"bar 28x5 mm, 5 mm bevel 120 km/h",0.072,2.4033333,-71.190665,-0.28384619,4535.5281,-1.2645583,103.85273
"bar 28x5 mm, 5 mm bevel 120 km/h",0.0722,2.41,-72.733076,-0.21176156,4540.9533,-1.327494,103.85257
"bar 28x5 mm, 5 mm bevel 120 km/h",0.0724,2.4166667,-74.262425,-0.13850717,4546.7394,-1.4548295,103.8524
"bar 28x5 mm, 5 mm bevel 120 km/h",0.0726,2.4233333,-75.320004,-0.068050512,4553.5044,-1.5587951,103.85221
"bar 28x5 mm, 5 mm bevel 120 km/h",0.0728,2.43,-75.178536,0.0039495056,4560.398,-1.5741102,103.85201
"bar 28x5 mm, 5 mm bevel 120 km/h",0.073,2.4366667,-73.918403,0.082247301,4566.8261,-1.5955607,103.85182
"bar 28x5 mm, 5 mm bevel 120 km/h",0.0732,2.4433333,-72.226913,0.16273703,4574.2958,-1.6927506,103.85162
"bar 28x5 mm, 5 mm bevel 120 km/h",0.0734,2.45,-70.238514,0.24169175,4583.1843,-1.7550239,103.8514
"bar 28x5 mm, 5 mm bevel 120 km/h",0.0736,2.4566667,-67.87746,0.31916409,4591.6496,-1.7313881,103.85118
"bar 28x5 mm, 5 mm bevel 120 km/h",0.0738,2.4633333,-65.865707,0.39661713,4599.1346,-1.7281259,103.85097
"bar 28x5 mm, 5 mm bevel 120 km/h",0.074,2.47,-65.114662,0.46701093,4607.3348,-1.7680747,103.85075
"bar 28x5 mm, 5 mm bevel 120 km/h",0.0742,2.4766667,-65.545909,0.53193256,4615.732,-1.712993,103.85053
"bar 28x5 mm, 5 mm bevel 120 km/h",0.0744,2.4833333,-66.878665,0.59194931,4622.3564,-1.5610722,103.85032
"bar 28x5 mm, 5 mm bevel 120 km/h",0.0746,2.49,-69.456868,0.64981761,4627.0404,-1.4243745,103.85013
"bar 28x5 mm, 5 mm bevel 120 km/h",0.0748,2.4966667,-73.340063,0.69708261,4631.0994,-1.2834779,103.84995
"bar 28x5 mm, 5 mm bevel 120 km/h",0.075,2.5033333,-77.731873,0.7372259,4633.8169,-1.0147565,103.8498
"bar 28x5 mm, 5 mm bevel 120 km/h",0.0752,2.51,-81.899877,0.77486698,4633.4469,-0.66006905,103.84968
"bar 28x5 mm, 5 mm bevel 120 km/h",0.0754,2.5166667,-85.941202,0.81083558,4631.1435,-0.34642044,103.84961
"bar 28x5 mm, 5 mm bevel 120 km/h",0.0756,2.5233333,-89.640559,0.83504863,4628.5004,-0.023457968,103.84958
"bar 28x5 mm, 5 mm bevel 120 km/h",0.0758,2.53,-92.219387,0.85859241,4624.8067,0.38135008,103.84958
"bar 28x5 mm, 5 mm bevel 120 km/h",0.076,2.5366667,-93.513709,0.87735949,4619.0093,0.77551276,103.84965
"bar 28x5 mm, 5 mm bevel 120 km/h",0.0762,2.5433333,-94.113501,0.89583936,4612.8126,1.0506077,103.84975
"bar 28x5 mm, 5 mm bevel 120 km/h",0.0764,2.55,-94.104712,0.90338219,4607.1608,1.290565,103.84989
"bar 28x5 mm, 5 mm bevel 120 km/h",0.0766,2.5566667,-93.248004,0.91373157,4600.949,1.554989,103.85006
"bar 28x5 mm, 5 mm bevel 120 km/h",0.0768,2.5633333,-91.970483,0.92693633,4593.5105,1.7436732,103.85026
"bar 28x5 mm, 5 mm bevel 120 km/h",0.077,2.57,-91.066298,0.93583299,4586.9178,1.788434,103.85048
"bar 28x5 mm, 5 mm bevel 120 km/h",0.0772,2.5766667,-90.512386,0.93632562,4581.5411,1.8252683,103.85071
"bar 28x5 mm, 5 mm bevel 120 km/h",0.0774,2.5833333,-89.93974,0.93579976,4575.4509,1.8995269,103.85094
"bar 28x5 mm, 5 mm bevel 120 km/h",0.0776,2.59,-89.739074,0.93533686,4568.8204,1.904904,103.85118
"bar 28x5 mm, 5 mm bevel 120 km/h",0.0778,2.5966667,-90.222487,0.93275033,4563.2266,1.8474469,103.85142
"bar 28x5 mm, 5 mm bevel 120 km/h",0.078,2.6033333,-90.807788,0.92961932,4558.0313,1.8628097,103.85164
"bar 28x5 mm, 5 mm bevel 120 km/h",0.0782,2.61,-91.010951,0.93270645,4551.6363,1.9417175,103.85188
"bar 28x5 mm, 5 mm bevel 120 km/h",0.0784,2.6166667,-91.109323,0.94184196,4544.5595,1.9642926,103.85212
"bar 28x5 mm, 5 mm bevel 120 km/h",0.0786,2.6233333,-91.160298,0.94596331,4538.4888,1.9605595,103.85237
"bar 28x5 mm, 5 mm bevel 120 km/h",0.0788,2.63,-90.573588,0.95174572,4532.7204,2.03794,103.85262
"bar 28x5 mm, 5 mm bevel 120 km/h",0.079,2.6366667,-89.145513,0.95886015,4526.1868,2.1334868,103.85287
"bar 28x5 mm, 5 mm bevel 120 km/h",0.0792,2.6433333,-87.502636,0.96395151,4520.7957,2.1276454,103.85314
"bar 28x5 mm, 5 mm bevel 120 km/h",0.0794,2.65,-85.706598,0.96350619,4517.6355,2.0954725,103.85341
"bar 28x5 mm, 5 mm bevel 120 km/h",0.0796,2.6566667,-83.369039,0.96156878,4515.9391,2.1009146,103.85367
"bar 28x5 mm, 5 mm bevel 120 km/h",0.0798,2.6633333,-80.674203,0.96249493,4514.8543,2.0471796,103.85393
"bar 28x5 mm, 5 mm bevel 120 km/h",0.08,2.67,-78.277095,0.96450183,4515.742,1.854781,103.85418
"bar 28x5 mm, 5 mm bevel 120 km/h",0.0802,2.6766667,-76.160762,0.96248839,4518.9262,1.6364619,103.85441
"bar 28x5 mm, 5 mm bevel 120 km/h",0.0804,2.6833333,-73.965179,0.95861168,4522.7645,1.449165,103.85461
"bar 28x5 mm, 5 mm bevel 120 km/h",0.0806,2.69,-71.999275,0.95474831,4526.4781,1.2003143,103.85478
"bar 28x5 mm, 5 mm bevel 120 km/h",0.0808,2.6966667,-70.849131,0.94239699,4531.8647,0.86339759,103.85492
"bar 28x5 mm, 5 mm bevel 120 km/h",0.081,2.7033333,-70.222455,0.92352049,4538.6007,0.5833784,103.85502
"bar 28x5 mm, 5 mm bevel 120 km/h",0.0812,2.71,-69.690218,0.90136797,4544.8171,0.37203939,103.85509
"bar 28x5 mm, 5 mm bevel 120 km/h",0.0814,2.7166667,-69.596085,0.87883351,4550.383,0.1229551,103.85513
"bar 28x5 mm, 5 mm bevel 120 km/h",0.0816,2.7233333,-70.165951,0.84724251,4556.5278,-0.14219043,103.85513
"bar 28x5 mm, 5 mm bevel 120 km/h",0.0818,2.73,-70.917953,0.80509814,4562.83,-0.29997313,103.85511
"bar 28x5 mm, 5 mm bevel 120 km/h",0.082,2.7366667,-71.462254,0.76067322,4567.5468,-0.37337364,103.85507
"bar 28x5 mm, 5 mm bevel 120 km/h",0.0822,2.7433333,-72.232958,0.71639751,4571.7111,-0.48562577,103.85502
"bar 28x5 mm, 5 mm bevel 120 km/h",0.0824,2.75,-73.361523,0.66422803,4577.038,-0.58646905,103.85495
"bar 28x5 mm, 5 mm bevel 120 km/h",0.0826,2.7566667,-74.252445,0.61199968,4582.4889,-0.58122239,103.85488
"bar 28x5 mm, 5 mm bevel 120 km/h",0.0828,2.7633333,-74.768783,0.55876247,4586.7036,-0.54723503,103.85481
"bar 28x5 mm, 5 mm bevel 120 km/h",0.083,2.77,-75.49405,0.50781866,4591.3062,-0.59780154,103.85474
"bar 28x5 mm, 5 mm bevel 120 km/h",0.0832,2.7766667,-76.368647,0.45521323,4596.8051,-0.64651235,103.85466
"bar 28x5 mm, 5 mm bevel 120 km/h",0.0834,2.7833333,-76.950613,0.40744489,4601.8763,-0.63051745,103.85458
"bar 28x5 mm, 5 mm bevel 120 km/h",0.0836,2.79,-77.43643,0.36535712,4605.3826,-0.63718132,103.8545
"bar 28x5 mm, 5 mm bevel 120 km/h",0.0838,2.7966667,-78.4098,0.32102494,4608.8353,-0.73566246,103.85442
"bar 28x5 mm, 5 mm bevel 120 km/h",0.084,2.8033333,-79.711136,0.2692659,4612.384,-0.80091281,103.85432
"bar 28x5 mm, 5 mm bevel 120 km/h",0.0842,2.81,-80.882367,0.2196151,4614.0386,-0.78840762,103.85422
"bar 28x5 mm, 5 mm bevel 120 km/h",0.0844,2.8166667,-82.25921,0.17430689,4613.8015,-0.80260269,103.85413
"bar 28x5 mm, 5 mm bevel 120 km/h",0.0846,2.8233333,-84.243076,0.12928785,4613.6375,-0.86028737,103.85402
"bar 28x5 mm, 5 mm bevel 120 km/h",0.0848,2.83,-86.32496,0.085930743,4613.0987,-0.82833211,103.85392
"bar 28x5 mm, 5 mm bevel 120 km/h",0.085,2.8366667,-88.047589,0.051604976,4610.7175,-0.71436932,103.85381
"bar 28x5 mm, 5 mm bevel 120 km/h",0.0852,2.8433333,-89.734066,0.029738132,4607.0064,-0.63673786,103.85373
"bar 28x5 mm, 5 mm bevel 120 km/h",0.0854,2.85,-91.478949,0.0090017383,4603.5766,-0.56937686,103.85365
"bar 28x5 mm, 5 mm bevel 120 km/h",0.0856,2.8566667,-92.6667,-0.0074093719,4599.549,-0.39307247,103.85358
"bar 28x5 mm, 5 mm bevel 120 km/h",0.0858,2.8633333,-93.027522,-0.017736903,4593.762,-0.17094959,103.85354
"bar 28x5 mm, 5 mm bevel 120 km/h",0.086,2.87,-93.128428,-0.025451637,4587.8906,-0.023773059,103.85353
"bar 28x5 mm, 5 mm bevel 120 km/h",0.0862,2.8766667,-92.996984,-0.03312806,4583.0435,0.11872898,103.85353
"bar 28x5 mm, 5 mm bevel 120 km/h",0.0864,2.8833333,-92.14077,-0.034515112,4578.1642,0.32550771,103.85355
"bar 28x5 mm, 5 mm bevel 120 km/h",0.0866,2.89,-90.661943,-0.030186425,4572.3032,0.49495654,103.85359
"bar 28x5 mm, 5 mm bevel 120 km/h",0.0868,2.8966667,-89.213435,-0.019731856,4567.0609,0.53593816,103.85366
"bar 28x5 mm, 5 mm bevel 120 km/h",0.087,2.9033333,-87.75496,-0.012685148,4562.7988,0.55983296,103.85373
"bar 28x5 mm, 5 mm bevel 120 km/h",0.0872,2.91,-85.906764,-0.00060847193,4558.2095,0.62029848,103.8538
"bar 28x5 mm, 5 mm bevel 120 km/h",0.0874,2.9166667,-83.931688,0.019693073,4552.6891,0.62207432,103.85388
"bar 28x5 mm, 5 mm bevel 120 km/h",0.0876,2.9233333,-82.422323,0.043432511,4548.363,0.52319622,103.85395
"bar 28x5 mm, 5 mm bevel 120 km/h",0.0878,2.93,-81.125527,0.068632819,4545.3625,0.46766759,103.85402
"bar 28x5 mm, 5 mm bevel 120 km/h",0.088,2.9366667,-79.623412,0.097755936,4542.1137,0.47427831,103.85407
"bar 28x5 mm, 5 mm bevel 120 km/h",0.0882,2.9433333,-78.285248,0.13264884,4538.6629,0.44177273,103.85413
"bar 28x5 mm, 5 mm bevel 120 km/h",0.0884,2.95,-77.401721,0.1658077,4536.5431,0.38120045,103.85419
"bar 28x5 mm, 5 mm bevel 120 km/h",0.0886,2.9566667,-76.562927,0.19766041,4535.4343,0.41858854,103.85423
"bar 28x5 mm, 5 mm bevel 120 km/h",0.0888,2.9633333,-75.458603,0.23584781,4533.7281,0.5284525,103.85429
"bar 28x5 mm, 5 mm bevel 120 km/h",0.089,2.97,-74.579275,0.27755078,4532.1798,0.58653118,103.85436
"bar 28x5 mm, 5 mm bevel 120 km/h",0.0892,2.9766667,-74.137198,0.31393105,4532.5514,0.62866628,103.85443
"bar 28x5 mm, 5 mm bevel 120 km/h",0.0894,2.9833333,-73.626107,0.34977937,4533.8927,0.75529137,103.85451
"bar 28x5 mm, 5 mm bevel 120 km/h",0.0896,2.99,-72.908453,0.38375269,4534.7411,0.89397988,103.85461
"bar 28x5 mm, 5 mm bevel 120 km/h",0.0898,2.9966667,-72.585288,0.4164957,4536.8578,0.92500283,103.85473
"bar 28x5 mm, 5 mm bevel 120 km/h",0.09,3.0033333,-72.556865,0.44283548,4540.7546,0.92914994,103.85484
"bar 28x5 mm, 5 mm bevel 120 km/h",0.0902,3.01,-72.286244,0.4709444,4545.1674,0.96625073,103.85496
"bar 28x5 mm, 5 mm bevel 120 km/h",0.0904,3.0166667,-71.842265,0.5050355,4548.9537,0.94223392,103.85508
"bar 28x5 mm, 5 mm bevel 120 km/h",0.0906,3.0233333,-71.720222,0.53866214,4553.6141,0.78345098,103.8552
"bar 28x5 mm, 5 mm bevel 120 km/h",0.0908,3.03,-71.704118,0.56658686,4559.3456,0.6101498,103.85529
"bar 28x5 mm, 5 mm bevel 120 km/h",0.091,3.0366667,-71.305079,0.59466739,4564.2919,0.47294175,103.85536
"bar 28x5 mm, 5 mm bevel 120 km/h",0.0912,3.0433333,-70.866865,0.62308538,4568.3627,0.26732523,103.85541
"bar 28x5 mm, 5 mm bevel 120 km/h",0.0914,3.05,-70.887656,0.6453594,4573.3336,-0.014734143,103.85544
"bar 28x5 mm, 5 mm bevel 120 km/h",0.0916,3.0566667,-71.017516,0.66265317,4578.701,-0.22977039,103.85543
"bar 28x5 mm, 5 mm bevel 120 km/h",0.0918,3.0633333,-70.949142,0.6787688,4582.9388,-0.38407731,103.8554
"bar 28x5 mm, 5 mm bevel 120 km/h",0.092,3.07,-71.160332,0.6985798,4586.1906,-0.58415509,103.85534
"bar 28x5 mm, 5 mm bevel 120 km/h",0.0922,3.0766667,-71.94319,0.71674108,4589.8673,-0.79733337,103.85526
"bar 28x5 mm, 5 mm bevel 120 km/h",0.0924,3.0833333,-72.879685,0.73472861,4593.3103,-0.89524579,103.85516
"bar 28x5 mm, 5 mm bevel 120 km/h",0.0926,3.09,-73.724013,0.75373062,4594.9329,-0.91611184,103.85504
"bar 28x5 mm, 5 mm bevel 120 km/h",0.0928,3.0966667,-75.029052,0.77367589,4596.0424,-0.97154002,103.85493
"bar 28x5 mm, 5 mm bevel 120 km/h",0.093,3.1033333,-76.900023,0.78778296,4598.1527,-0.99066817,103.8548
"bar 28x5 mm, 5 mm bevel 120 km/h",0.0932,3.11,-78.732161,0.80411177,4600.1415,-0.89233068,103.85468
"bar 28x5 mm, 5 mm bevel 120 km/h",0.0934,3.1166667,-80.404853,0.82133491,4600.6499,-0.76709292,103.85457
"bar 28x5 mm, 5 mm bevel 120 km/h",0.0936,3.1233333,-82.374287,0.84185349,4600.9752,-0.71263131,103.85448
"bar 28x5 mm, 5 mm bevel 120 km/h",0.0938,3.13,-84.46106,0.85179408,4601.6704,-0.63850626,103.85439
"bar 28x5 mm, 5 mm bevel 120 km/h",0.094,3.1366667,-86.110842,0.86094614,4601.3126,-0.49554553,103.85432
"bar 28x5 mm, 5 mm bevel 120 km/h",0.0942,3.1433333,-87.395337,0.87134103,4598.9497,-0.38522877,103.85426
"bar 28x5 mm, 5 mm bevel 120 km/h",0.0944,3.15,-88.81867,0.87720857,4596.7629,-0.38175875,103.85421
"bar 28x5 mm, 5 mm bevel 120 km/h",0.0946,3.1566667,-90.072212,0.87774771,4594.8993,-0.35530576,103.85417
"bar 28x5 mm, 5 mm bevel 120 km/h",0.0948,3.1633333,-90.650351,0.87814188,4591.6958,-0.28892642,103.85412
"bar 28x5 mm, 5 mm bevel 120 km/h",0.095,3.17,-90.896269,0.87924861,4587.4171,-0.29984969,103.85409
"bar 28x5 mm, 5 mm bevel 120 km/h",0.0952,3.1766667,-91.105785,0.87811844,4583.5533,-0.38314177,103.85405
"bar 28x5 mm, 5 mm bevel 120 km/h",0.0954,3.1833333,-90.835117,0.87533778,4579.8273,-0.41608425,103.854
"bar 28x5 mm, 5 mm bevel 120 km/h",0.0956,3.19,-89.825893,0.87509406,4574.9132,-0.40795045,103.85395
"bar 28x5 mm, 5 mm bevel 120 km/h",0.0958,3.1966667,-88.598999,0.87813422,4569.5935,-0.46769685,103.8539
"bar 28x5 mm, 5 mm bevel 120 km/h",0.096,3.2033333,-87.413309,0.86974536,4565.5691,-0.54670149,103.85383
"bar 28x5 mm, 5 mm bevel 120 km/h",0.0962,3.21,-85.837469,0.85746982,4561.9092,-0.52474506,103.85376
"bar 28x5 mm, 5 mm bevel 120 km/h",0.0964,3.2166667,-83.830147,0.84421458,4557.3296,-0.45679239,103.8537
"bar 28x5 mm, 5 mm bevel 120 km/h",0.0966,3.2233333,-82.097199,0.82972642,4553.5677,-0.44459518,103.85365
"bar 28x5 mm, 5 mm bevel 120 km/h",0.0968,3.23,-80.684256,0.81129974,4551.2486,-0.40147003,103.85359
"bar 28x5 mm, 5 mm bevel 120 km/h",0.097,3.2366667,-79.181168,0.79304645,4549.3736,-0.26323146,103.85354
"bar 28x5 mm, 5 mm bevel 120 km/h",0.0972,3.2433333,-77.746123,0.78053724,4547.0295,-0.12491824,103.85352
"bar 28x5 mm, 5 mm bevel 120 km/h",0.0974,3.25,-76.928716,0.76914779,4545.7016,-0.066475045,103.8535
"bar 28x5 mm, 5 mm bevel 120 km/h",0.0976,3.2566667,-76.510358,0.75182297,4545.5048,0.024535879,103.8535
"bar 28x5 mm, 5 mm bevel 120 km/h",0.0978,3.2633333,-75.96753,0.73377775,4544.8091,0.18789627,103.8535
"bar 28x5 mm, 5 mm bevel 120 km/h",0.098,3.27,-75.535629,0.71563387,4543.5821,0.30309131,103.85353
"bar 28x5 mm, 5 mm bevel 120 km/h",0.0982,3.2766667,-75.579486,0.69086795,4543.6335,0.33999982,103.85357
"bar 28x5 mm, 5 mm bevel 120 km/h",0.0984,3.2833333,-75.626567,0.66102667,4544.7776,0.42205062,103.85362
"bar 28x5 mm, 5 mm bevel 120 km/h",0.0986,3.29,-75.204437,0.63019477,4545.4887,0.53657921,103.85367
"bar 28x5 mm, 5 mm bevel 120 km/h",0.0988,3.2966667,-74.684148,0.60302468,4546.1205,0.55600871,103.85374
"bar 28x5 mm, 5 mm bevel 120 km/h",0.099,3.3033333,-74.314069,0.57107934,4548.0232,0.50339778,103.85381
"bar 28x5 mm, 5 mm bevel 120 km/h",0.0992,3.31,-73.681764,0.53654804,4550.6466,0.50157723,103.85387
"bar 28x5 mm, 5 mm bevel 120 km/h",0.0994,3.3166667,-72.578843,0.50337589,4552.413,0.51771026,103.85393
"bar 28x5 mm, 5 mm bevel 120 km/h",0.0996,3.3233333,-71.625749,0.47684199,4554.4296,0.4397619,103.854
"bar 28x5 mm, 5 mm bevel 120 km/h",0.0998,3.33,-71.076125,0.44872794,4558.1034,0.33800045,103.85405
"bar 28x5 mm, 5 mm bevel 120 km/h",0.1,3.3366667,-70.509669,0.42778012,4562.3772,0.31061505,103.85409
"cleat 20x20 mm 40 km/h",-0.045,-0.49888889,-38.548032,0.42503017,4031.9306,3.2051249,34.701054
"cleat 20x20 mm 40 km/h",-0.0448,-0.49666667,-38.190049,0.43837501,4029.6099,3.1350524,34.701455
"cleat 20x20 mm 40 km/h",-0.0446,-0.49444444,-37.961272,0.44786979,4026.7109,3.030915,34.701847
"cleat 20x20 mm 40 km/h",-0.0444,-0.49222222,-37.861212,0.45662334,4024.0197,2.8952551,34.702226
"cleat 20x20 mm 40 km/h",-0.0442,-0.49,-37.850215,0.45780648,4022.1834,2.7433678,34.702588
"cleat 20x20 mm 40 km/h",-0.044,-0.48777778,-37.874515,0.45494594,4021.6034,2.594793,34.70293
"cleat 20x20 mm 40 km/h",-0.0438,-0.48555556,-37.948522,0.45781219,4022.6152,2.467295,34.703255
"cleat 20x20 mm 40 km/h",-0.0436,-0.48333333,-38.023953,0.46490823,4025.1723,2.3632782,34.703563
"cleat 20x20 mm 40 km/h",-0.0434,-0.48111111,-37.937908,0.47010553,4028.3939,2.2697449,34.703859
"cleat 20x20 mm 40 km/h",-0.0432,-0.47888889,-37.605498,0.47562323,4031.0611,2.1788858,34.704142
"cleat 20x20 mm 40 km/h",-0.043,-0.47666667,-37.101981,0.4810795,4032.2848,2.1076166,34.704415
"cleat 20x20 mm 40 km/h",-0.0428,-0.47444444,-36.488672,0.48626884,4031.7372,2.0390359,34.704678
"cleat 20x20 mm 40 km/h",-0.0426,-0.47222222,-35.844372,0.49105826,4029.7272,1.9384342,34.704933
"cleat 20x20 mm 40 km/h",-0.0424,-0.47,-35.27781,0.49574352,4026.9784,1.8037948,34.705175
"cleat 20x20 mm 40 km/h",-0.0422,-0.46777778,-34.803813,0.49883818,4024.1864,1.6389499,34.705401
"cleat 20x20 mm 40 km/h",-0.042,-0.46555556,-34.408507,0.49888795,4022.0882,1.4573998,34.705606
"cleat 20x20 mm 40 km/h",-0.0418,-0.46333333,-34.06077,0.49550506,4021.2461,1.2743115,34.705788
"cleat 20x20 mm 40 km/h",-0.0416,-0.46111111,-33.758371,0.49055979,4022.0269,1.1051767,34.705947
"cleat 20x20 mm 40 km/h",-0.0414,-0.45888889,-33.46097,0.49145579,4024.3603,0.96362336,34.706085
"cleat 20x20 mm 40 km/h",-0.0412,-0.45666667,-33.021419,0.49029893,4027.4457,0.84884812,34.706206
"cleat 20x20 mm 40 km/h",-0.041,-0.45444444,-32.330096,0.48759956,4030.3018,0.73985437,34.706312
"cleat 20x20 mm 40 km/h",-0.0408,-0.45222222,-31.456681,0.48707008,4031.9775,0.65613018,34.706404
"cleat 20x20 mm 40 km/h",-0.0406,-0.45,-30.476755,0.48864473,4032.0966,0.58637683,34.706486
"cleat 20x20 mm 40 km/h",-0.0404,-0.44777778,-29.465649,0.49608472,4030.7282,0.49808056,34.70656
"cleat 20x20 mm 40 km/h",-0.0402,-0.44555556,-28.520616,0.50467706,4028.3747,0.37866568,34.706622
"cleat 20x20 mm 40 km/h",-0.04,-0.44333333,-27.694701,0.51451634,4025.724,0.23001449,34.706669
"cleat 20x20 mm 40 km/h",-0.0398,-0.44111111,-27.011787,0.51485605,4023.516,0.067459563,34.706698
"cleat 20x20 mm 40 km/h",-0.0396,-0.43888889,-26.439555,0.50864461,4022.4446,-0.10224006,34.706706
"cleat 20x20 mm 40 km/h",-0.0394,-0.43666667,-25.981094,0.49698738,4022.9251,-0.25786462,34.706694
"cleat 20x20 mm 40 km/h",-0.0392,-0.43444444,-25.606767,0.48990337,4024.7719,-0.37183165,34.706661
"cleat 20x20 mm 40 km/h",-0.039,-0.43222222,-25.225139,0.48453382,4027.6754,-0.45172252,34.706615
"cleat 20x20 mm 40 km/h",-0.0388,-0.43,-24.725876,0.47933804,4030.7307,-0.51378573,34.706559
"cleat 20x20 mm 40 km/h",-0.0386,-0.42777778,-24.101319,0.47604883,4032.8364,-0.55423519,34.706494
"cleat 20x20 mm 40 km/h",-0.0384,-0.42555556,-23.424398,0.47649955,4033.4334,-0.57399456,34.706425
"cleat 20x20 mm 40 km/h",-0.0382,-0.42333333,-22.751726,0.48087359,4032.4216,-0.60224723,34.706353
"cleat 20x20 mm 40 km/h",-0.038,-0.42111111,-22.162708,0.48408194,4030.1446,-0.65750816,34.706278
"cleat 20x20 mm 40 km/h",-0.0378,-0.41888889,-21.704463,0.48449544,4027.2956,-0.74328356,34.706196
"cleat 20x20 mm 40 km/h",-0.0376,-0.41666667,-21.376984,0.48246383,4024.6201,-0.85360238,34.706103
"cleat 20x20 mm 40 km/h",-0.0374,-0.41444444,-21.148349,0.47327229,4022.9111,-0.98021389,34.705996
"cleat 20x20 mm 40 km/h",-0.0372,-0.41222222,-20.968977,0.46069762,4022.4508,-1.0967891,34.705874
"cleat 20x20 mm 40 km/h",-0.037,-0.41,-20.856545,0.45284724,4023.5298,-1.1840122,34.705737
"cleat 20x20 mm 40 km/h",-0.0368,-0.40777778,-20.774266,0.45076769,4026.1012,-1.2407656,34.705589
"cleat 20x20 mm 40 km/h",-0.0366,-0.40555556,-20.566213,0.44789711,4029.272,-1.2837998,34.705433
"cleat 20x20 mm 40 km/h",-0.0364,-0.40333333,-20.171008,0.44802771,4031.8315,-1.3184785,34.705273
"cleat 20x20 mm 40 km/h",-0.0362,-0.40111111,-19.670011,0.44961159,4032.9089,-1.3306047,34.705108
"cleat 20x20 mm 40 km/h",-0.036,-0.39888889,-19.128119,0.45394443,4032.2122,-1.339664,34.704942
"cleat 20x20 mm 40 km/h",-0.0358,-0.39666667,-18.629159,0.460033,4030.1006,-1.3790559,34.704774
"cleat 20x20 mm 40 km/h",-0.0356,-0.39444444,-18.281121,0.46594143,4027.289,-1.4501007,34.704602
"cleat 20x20 mm 40 km/h",-0.0354,-0.39222222,-18.085582,0.47184366,4024.4416,-1.5487697,34.704421
"cleat 20x20 mm 40 km/h",-0.0352,-0.39,-18.02437,0.47655526,4022.3045,-1.661481,34.704227
"cleat 20x20 mm 40 km/h",-0.035,-0.38777778,-18.056544,0.4797498,4021.4222,-1.773498,34.704019
"cleat 20x20 mm 40 km/h",-0.0348,-0.38555556,-18.171577,0.48346604,4022.1508,-1.8687206,34.703798
"cleat 20x20 mm 40 km/h",-0.0346,-0.38333333,-18.311939,0.49263954,4024.4025,-1.9372066,34.703564
"cleat 20x20 mm 40 km/h",-0.0344,-0.38111111,-18.321853,0.4993472,4027.3937,-1.9833114,34.703322
"cleat 20x20 mm 40 km/h",-0.0342,-0.37888889,-18.083081,0.50383917,4030.1061,-2.0265397,34.703074
"cleat 20x20 mm 40 km/h",-0.034,-0.37666667,-17.662615,0.51076562,4031.6023,-2.0477007,34.702821
"cleat 20x20 mm 40 km/h",-0.0338,-0.37444444,-17.125504,0.52025518,4031.4868,-2.0583611,34.702565
"cleat 20x20 mm 40 km/h",-0.0336,-0.37222222,-16.548854,0.53510004,4029.9169,-2.0939133,34.702308
"cleat 20x20 mm 40 km/h",-0.0334,-0.37,-16.042335,0.54958437,4027.4687,-2.1632753,34.702046
"cleat 20x20 mm 40 km/h",-0.0332,-0.36777778,-15.647706,0.56282476,4024.797,-2.2616307,34.701775
"cleat 20x20 mm 40 km/h",-0.033,-0.36555556,-15.386061,0.56776913,4022.6136,-2.3728584,34.701493
"cleat 20x20 mm 40 km/h",-0.0328,-0.36333333,-15.240788,0.56383265,4021.5819,-2.4877293,34.701196
"cleat 20x20 mm 40 km/h",-0.0326,-0.36111111,-15.229774,0.55499616,4022.1839,-2.5878229,34.700885
"cleat 20x20 mm 40 km/h",-0.0324,-0.35888889,-15.326994,0.55108285,4024.2576,-2.6468236,34.700562
"cleat 20x20 mm 40 km/h",-0.0322,-0.35666667,-15.417459,0.54890621,4027.2808,-2.6692725,34.700231
"cleat 20x20 mm 40 km/h",-0.032,-0.35444444,-15.394668,0.5461003,4030.3262,-2.6714729,34.699897
"cleat 20x20 mm 40 km/h",-0.0318,-0.35222222,-15.264547,0.54599624,4032.3547,-2.6476801,34.699563
"cleat 20x20 mm 40 km/h",-0.0316,-0.35,-15.101063,0.54932,4032.8643,-2.5992291,34.699232
"cleat 20x20 mm 40 km/h",-0.0314,-0.34777778,-14.956657,0.55625143,4031.8055,-2.5565702,34.698907
"cleat 20x20 mm 40 km/h",-0.0312,-0.34555556,-14.908145,0.56239514,4029.5851,-2.5363928,34.698588
"cleat 20x20 mm 40 km/h",-0.031,-0.34333333,-14.994195,0.56720186,4026.8367,-2.5396997,34.698271
"cleat 20x20 mm 40 km/h",-0.0308,-0.34111111,-15.215754,0.56598597,4024.2862,-2.5576364,34.697953
"cleat 20x20 mm 40 km/h",-0.0306,-0.33888889,-15.537181,0.55814239,4022.7279,-2.5830937,34.697634
"cleat 20x20 mm 40 km/h",-0.0304,-0.33666667,-15.923167,0.54528261,4022.5501,-2.5940806,34.697311
"cleat 20x20 mm 40 km/h",-0.0302,-0.33444444,-16.375877,0.53565383,4023.8495,-2.5672303,34.696986
"cleat 20x20 mm 40 km/h",-0.03,-0.33222222,-16.849122,0.53246864,4026.5401,-2.5043108,34.696665
"cleat 20x20 mm 40 km/h",-0.0298,-0.33,-17.191996,0.52864266,4029.7443,-2.4246967,34.696352
"cleat 20x20 mm 40 km/h",-0.0296,-0.32777778,-17.358375,0.52858708,4032.263,-2.331694,34.696049
"cleat 20x20 mm 40 km/h",-0.0294,-0.32555556,-17.42157,0.52937822,4033.2618,-2.2136941,34.695758
"cleat 20x20 mm 40 km/h",-0.0292,-0.32333333,-17.439394,0.53318875,4032.4702,-2.0925721,34.695481
"cleat 20x20 mm 40 km/h",-0.029,-0.32111111,-17.493396,0.53791098,4030.2857,-2.0002775,34.69522
"cleat 20x20 mm 40 km/h",-0.0288,-0.31888889,-17.683687,0.54046499,4027.504,-1.9400005,34.69497
"cleat 20x20 mm 40 km/h",-0.0286,-0.31666667,-18.002788,0.54516219,4024.7349,-1.9039718,34.694727
"cleat 20x20 mm 40 km/h",-0.0284,-0.31444444,-18.42246,0.54964651,4022.6672,-1.8774671,34.694489
"cleat 20x20 mm 40 km/h",-0.0282,-0.31222222,-18.901991,0.55308567,4021.8353,-1.8457064,34.694254
"cleat 20x20 mm 40 km/h",-0.028,-0.31,-19.443172,0.55929836,4022.5968,-1.792452,34.694024
"cleat 20x20 mm 40 km/h",-0.0278,-0.30777778,-19.993627,0.56978993,4024.8667,-1.710693,34.6938
"cleat 20x20 mm 40 km/h",-0.0276,-0.30555556,-20.404106,0.57963587,4027.8668,-1.6098997,34.693586
"cleat 20x20 mm 40 km/h",-0.0274,-0.30333333,-20.573489,0.5865433,4030.5201,-1.5055947,34.693385
"cleat 20x20 mm 40 km/h",-0.0272,-0.30111111,-20.581017,0.59374676,4031.8793,-1.3778119,34.693196
"cleat 20x20 mm 40 km/h",-0.027,-0.29888889,-20.49435,0.60174246,4031.5759,-1.2412273,34.693024
"cleat 20x20 mm 40 km/h",-0.0268,-0.29666667,-20.392983,0.61378749,4029.8188,-1.1323322,34.692869
"cleat 20x20 mm 40 km/h",-0.0266,-0.29444444,-20.386991,0.62421538,4027.2453,-1.0613973,34.692727
"cleat 20x20 mm 40 km/h",-0.0264,-0.29222222,-20.501047,0.63129748,4024.4701,-1.0228202,34.692595
"cleat 20x20 mm 40 km/h",-0.0262,-0.29,-20.74884,0.63039744,4022.3124,-1.0043794,34.692467
"cleat 20x20 mm 40 km/h",-0.026,-0.28777778,-21.093285,0.62092309,4021.3099,-0.99234636,34.692341
"cleat 20x20 mm 40 km/h",-0.0258,-0.28555556,-21.538184,0.60793464,4021.9965,-0.97376444,34.692217
"cleat 20x20 mm 40 km/h",-0.0256,-0.28333333,-22.048672,0.60031879,4024.1862,-0.92198797,34.692096
"cleat 20x20 mm 40 km/h",-0.0254,-0.28111111,-22.4877,0.59438844,4027.2723,-0.8429544,34.69198
"cleat 20x20 mm 40 km/h",-0.0252,-0.27888889,-22.746821,0.58792399,4030.277,-0.75332649,34.691875
"cleat 20x20 mm 40 km/h",-0.025,-0.27666667,-22.842521,0.5851349,4032.1884,-0.64710912,34.691781
"cleat 20x20 mm 40 km/h",-0.0248,-0.27444444,-22.862028,0.58655466,4032.5527,-0.52706002,34.6917
"cleat 20x20 mm 40 km/h",-0.0246,-0.27222222,-22.876346,0.59319301,4031.3925,-0.42545828,34.691634
"cleat 20x20 mm 40 km/h",-0.0244,-0.27,-22.973259,0.60124101,4029.1284,-0.35694035,34.691581
"cleat 20x20 mm 40 km/h",-0.0242,-0.26777778,-23.204119,0.61041898,4026.4787,-0.32382177,34.691536
"cleat 20x20 mm 40 km/h",-0.024,-0.26555556,-23.568084,0.61223263,4024.0508,-0.31050677,34.691496
"cleat 20x20 mm 40 km/h",-0.0238,-0.26333333,-24.022467,0.60908741,4022.5873,-0.31095546,34.691457
"cleat 20x20 mm 40 km/h",-0.0236,-0.26111111,-24.551078,0.60110704,4022.5631,-0.30407543,34.691418
"cleat 20x20 mm 40 km/h",-0.0234,-0.25888889,-25.157869,0.59662507,4024.0304,-0.26181879,34.69138
"cleat 20x20 mm 40 km/h",-0.0232,-0.25666667,-25.787254,0.59761699,4026.8363,-0.18537762,34.691347
"cleat 20x20 mm 40 km/h",-0.023,-0.25444444,-26.287813,0.59668177,4030.0883,-0.094439867,34.691324
"cleat 20x20 mm 40 km/h",-0.0228,-0.25222222,-26.618248,0.59833275,4032.6031,0.0086651263,34.691312
"cleat 20x20 mm 40 km/h",-0.0226,-0.25,-26.85902,0.60066854,4033.5858,0.13448592,34.691313
"cleat 20x20 mm 40 km/h",-0.0224,-0.24777778,-27.068597,0.60528848,4032.7429,0.2612515,34.69133
"cleat 20x20 mm 40 km/h",-0.0222,-0.24555556,-27.330469,0.61075239,4030.5037,0.35765708,34.691363
"cleat 20x20 mm 40 km/h",-0.022,-0.24333333,-27.745382,0.61226586,4027.6976,0.42131137,34.691408
"cleat 20x20 mm 40 km/h",-0.0218,-0.24111111,-28.301633,0.61451003,4024.9323,0.45972413,34.69146
"cleat 20x20 mm 40 km/h",-0.0216,-0.23888889,-28.967179,0.61487426,4022.8881,0.4877679,34.691518
"cleat 20x20 mm 40 km/h",-0.0214,-0.23666667,-29.692698,0.61302676,4022.0972,0.51918811,34.691579
"cleat 20x20 mm 40 km/h",-0.0212,-0.23444444,-30.478988,0.61416069,4022.9141,0.57183559,34.691644
"cleat 20x20 mm 40 km/h",-0.021,-0.23222222,-31.266122,0.6190985,4025.282,0.65044686,34.691715
"cleat 20x20 mm 40 km/h",-0.0208,-0.23,-31.888567,0.62306644,4028.3481,0.74656346,34.691796
"cleat 20x20 mm 40 km/h",-0.0206,-0.22777778,-32.237216,0.62510852,4030.9973,0.84501451,34.69189
"cleat 20x20 mm 40 km/h",-0.0204,-0.22555556,-32.387033,0.62792458,4032.2864,0.96558305,34.691995
"cleat 20x20 mm 40 km/h",-0.0202,-0.22333333,-32.401687,0.6318377,4031.8612,1.0923173,34.692116
"cleat 20x20 mm 40 km/h",-0.02,-0.22111111,-32.36019,0.63995894,4029.9611,1.1884796,34.692253
"cleat 20x20 mm 40 km/h",-0.0198,-0.21888889,-32.369933,0.64683683,4027.2531,1.2434197,34.692401
"cleat 20x20 mm 40 km/h",-0.0196,-0.21666667,-32.453162,0.64927264,4024.3634,1.2630606,34.692557
"cleat 20x20 mm 40 km/h",-0.0194,-0.21444444,-32.621501,0.64347957,4022.1224,1.2594918,34.692714
"cleat 20x20 mm 40 km/h",-0.0192,-0.21222222,-32.846409,0.62929028,4021.0919,1.2472769,34.692872
"cleat 20x20 mm 40 km/h",-0.019,-0.21,-33.130394,0.61218519,4021.7552,1.2406963,34.693028
"cleat 20x20 mm 40 km/h",-0.0188,-0.20777778,-33.436801,0.59974416,4023.9123,1.2654863,34.693183
"cleat 20x20 mm 40 km/h",-0.0186,-0.20555556,-33.631017,0.58817658,4026.9587,1.3149922,34.693341
"cleat 20x20 mm 40 km/h",-0.0184,-0.20333333,-33.611845,0.57551508,4029.9172,1.3732835,34.693505
"cleat 20x20 mm 40 km/h",-0.0182,-0.20111111,-33.401894,0.56625944,4031.7755,1.4472082,34.693677
"cleat 20x20 mm 40 km/h",-0.018,-0.19888889,-33.094538,0.56062082,4032.0802,1.5343228,34.693858
"cleat 20x20 mm 40 km/h",-0.0178,-0.19666667,-32.764647,0.55925179,4030.8604,1.6013606,34.69405
"cleat 20x20 mm 40 km/h",-0.0176,-0.19444444,-32.504892,0.55919064,4028.5866,1.6321056,34.69425
"cleat 20x20 mm 40 km/h",-0.0174,-0.19222222,-32.367527,0.5609512,4025.9432,1.6257422,34.694454
"cleat 20x20 mm 40 km/h",-0.0172,-0.19,-32.354337,0.55314247,4023.523,1.5995875,34.694657
"cleat 20x20 mm 40 km/h",-0.017,-0.18777778,-32.425826,0.53936363,4022.0672,1.5588759,34.694857
"cleat 20x20 mm 40 km/h",-0.0168,-0.18555556,-32.573142,0.52030035,4022.0585,1.5252698,34.695052
"cleat 20x20 mm 40 km/h",-0.0166,-0.18333333,-32.799543,0.50521517,4023.5487,1.5255732,34.695243
"cleat 20x20 mm 40 km/h",-0.0164,-0.18111111,-33.047749,0.49495507,4026.3887,1.5575725,34.695433
"cleat 20x20 mm 40 km/h",-0.0162,-0.17888889,-33.17371,0.48427104,4029.6702,1.6022529,34.695628
"cleat 20x20 mm 40 km/h",-0.016,-0.17666667,-33.141937,0.47813629,4032.2032,1.6590335,34.695828
"cleat 20x20 mm 40 km/h",-0.0158,-0.17444444,-33.034007,0.47522113,4033.2447,1.734962,34.696036
"cleat 20x20 mm 40 km/h",-0.0156,-0.17222222,-32.904501,0.47680294,4032.465,1.8083018,34.696253
"cleat 20x20 mm 40 km/h",-0.0154,-0.17,-32.832887,0.48010236,4030.2611,1.8492751,34.696479
"cleat 20x20 mm 40 km/h",-0.0152,-0.16777778,-32.91436,0.4807009,4027.4719,1.8540624,34.69671
"cleat 20x20 mm 40 km/h",-0.015,-0.16555556,-33.137501,0.48350933,4024.7303,1.8297695,34.696942
"cleat 20x20 mm 40 km/h",-0.0148,-0.16333333,-33.468562,0.48390031,4022.7399,1.7900793,34.69717
"cleat 20x20 mm 40 km/h",-0.0146,-0.16111111,-33.858985,0.48266736,4022.0383,1.7488084,34.697394
"cleat 20x20 mm 40 km/h",-0.0144,-0.15888889,-34.311665,0.48693764,4022.9735,1.7252283,34.697613
"cleat 20x20 mm 40 km/h",-0.0142,-0.15666667,-34.765036,0.49658476,4025.4663,1.7240293,34.697828
"cleat 20x20 mm 40 km/h",-0.014,-0.15444444,-35.050471,0.5061365,4028.6285,1.7361653,34.698044
"cleat 20x20 mm 40 km/h",-0.0138,-0.15222222,-35.063217,0.5163301,4031.3309,1.7479284,34.698261
"cleat 20x20 mm 40 km/h",-0.0136,-0.15,-34.882844,0.52841879,4032.6781,1.7778826,34.698479
"cleat 20x20 mm 40 km/h",-0.0134,-0.14777778,-34.723408,0.54231198,4032.8855,1.7706117,34.698702
"cleat 20x20 mm 40 km/h",-0.0132,-0.14555556,-35.392231,0.55987935,4034.9977,1.5228214,34.698923
"cleat 20x20 mm 40 km/h",-0.013,-0.14333333,-38.133504,0.57640856,4044.0284,0.81449472,34.699113
"cleat 20x20 mm 40 km/h",-0.0128,-0.14111111,-43.714476,0.58918158,4064.5199,-0.5302554,34.699215
"cleat 20x20 mm 40 km/h",-0.0126,-0.13888889,-52.461145,0.59929253,4101.73,-2.7915387,34.699149
"cleat 20x20 mm 40 km/h",-0.0124,-0.13666667,-64.176279,0.60965265,4160.7659,-6.2849786,34.6988
"cleat 20x20 mm 40 km/h",-0.0122,-0.13444444,-77.488532,0.62344193,4243.9303,-11.235551,34.698014
"cleat 20x20 mm 40 km/h",-0.012,-0.13222222,-89.657044,0.65069957,4349.5897,-17.759117,34.69661
"cleat 20x20 mm 40 km/h",-0.0118,-0.13,-97.168101,0.69417493,4473.5262,-25.956929,34.69439
"cleat 20x20 mm 40 km/h",-0.0116,-0.12777778,-96.642932,0.76109515,4610.2124,-35.920636,34.691145
"cleat 20x20 mm 40 km/h",-0.0114,-0.12555556,-85.497783,0.86355657,4754.1503,-47.71259,34.686655
"cleat 20x20 mm 40 km/h",-0.0112,-0.12333333,-62.175255,1.0024936,4900.7183,-61.372815,34.680691
"cleat 20x20 mm 40 km/h",-0.011,-0.12111111,-26.359888,1.1768033,5046.8285,-76.898101,34.673019
"cleat 20x20 mm 40 km/h",-0.0108,-0.11888889,20.993364,1.3783689,5191.1672,-94.187459,34.663407
"cleat 20x20 mm 40 km/h",-0.0106,-0.11666667,77.866917,1.5958724,5334.1049,-113.03277,34.651634
"cleat 20x20 mm 40 km/h",-0.0104,-0.11444444,141.29183,1.8217599,5477.5086,-133.11847,34.637505
"cleat 20x20 mm 40 km/h",-0.0102,-0.11222222,207.64722,2.0459503,5624.2816,-154.05318,34.620865
"cleat 20x20 mm 40 km/h",-0.01,-0.11,272.88528,2.2680682,5777.3928,-175.35231,34.601608
"cleat 20x20 mm 40 km/h",-0.0098,-0.10777778,332.92635,2.4956872,5938.8539,-196.47228,34.579689
"cleat 20x20 mm 40 km/h",-0.0096,-0.10555556,384.12851,2.7199518,6109.0838,-216.89442,34.55513
"cleat 20x20 mm 40 km/h",-0.0094,-0.10333333,423.43166,2.9330902,6286.3434,-236.13713,34.528018
"cleat 20x20 mm 40 km/h",-0.0092,-0.10111111,448.40672,3.135744,6466.7023,-253.73475,34.498501
"cleat 20x20 mm 40 km/h",-0.009,-0.098888889,457.40532,3.3231884,6644.5333,-269.28386,34.466784
"cleat 20x20 mm 40 km/h",-0.0088,-0.096666667,449.5545,3.4896962,6813.4243,-282.48835,34.433124
"cleat 20x20 mm 40 km/h",-0.0086,-0.094444444,424.57698,3.6279126,6967.3134,-293.10627,34.397813
"cleat 20x20 mm 40 km/h",-0.0084,-0.092222222,382.7249,3.7341004,7101.4594,-300.95364,34.361175
"cleat 20x20 mm 40 km/h",-0.0082,-0.09,324.79992,3.8038189,7212.9156,-305.92149,34.323555
"cleat 20x20 mm 40 km/h",-0.008,-0.087777778,252.0534,3.8381782,7300.8496,-307.95896,34.285315
"cleat 20x20 mm 40 km/h",-0.0078,-0.085555556,166.15558,3.8432048,7366.4142,-307.08138,34.24682
"cleat 20x20 mm 40 km/h",-0.0076,-0.083333333,69.11814,3.8266652,7412.2646,-303.35285,34.208435
"cleat 20x20 mm 40 km/h",-0.0074,-0.081111111,-36.708441,3.8032536,7441.9009,-296.8966,34.170516
"cleat 20x20 mm 40 km/h",-0.0072,-0.078888889,-148.76702,3.7634417,7458.9526,-287.87921,34.133404
"cleat 20x20 mm 40 km/h",-0.007,-0.076666667,-264.44498,3.7058746,7466.3939,-276.50186,34.097419
"cleat 20x20 mm 40 km/h",-0.0068,-0.074444444,-381.27997,3.6313068,7466.1832,-262.96144,34.062856
"cleat 20x20 mm 40 km/h",-0.0066,-0.072222222,-497.0307,3.539917,7459.0642,-247.45344,34.029986
"cleat 20x20 mm 40 km/h",-0.0064,-0.07,-609.68035,3.4344799,7444.4004,-230.20427,33.999054
"cleat 20x20 mm 40 km/h",-0.0062,-0.067777778,-717.66863,3.3175834,7420.5252,-211.39939,33.970279
"cleat 20x20 mm 40 km/h",-0.006,-0.065555556,-819.83851,3.1942529,7385.1643,-191.19089,33.943854
"cleat 20x20 mm 40 km/h",-0.0058,-0.063333333,-915.33541,3.0615336,7335.9588,-169.71731,33.919955
"cleat 20x20 mm 40 km/h",-0.0056,-0.061111111,-1003.6224,2.9251707,7271.0841,-147.07764,33.89874
"cleat 20x20 mm 40 km/h",-0.0054,-0.058888889,-1084.3229,2.7878113,7189.7023,-123.35941,33.880356
"cleat 20x20 mm 40 km/h",-0.0052,-0.056666667,-1157.0429,2.6614256,7092.3194,-98.671372,33.864936
"cleat 20x20 mm 40 km/h",-0.005,-0.054444444,-1221.3536,2.5385881,6980.9489,-73.129931,33.852602
"cleat 20x20 mm 40 km/h",-0.0048,-0.052222222,-1276.714,2.4164245,6858.8212,-46.885983,33.843461
"cleat 20x20 mm 40 km/h",-0.0046,-0.05,-1322.5007,2.2933592,6730.0126,-20.125616,33.8376
"cleat 20x20 mm 40 km/h",-0.0044,-0.047777778,-1358.098,2.1673835,6599.0546,6.9434218,33.835084
"cleat 20x20 mm 40 km/h",-0.0042,-0.045555556,-1382.9834,2.0406802,6470.3633,34.083374,33.835952
"cleat 20x20 mm 40 km/h",-0.004,-0.043333333,-1396.7099,1.9114618,6347.8342,60.987677,33.840213
"cleat 20x20 mm 40 km/h",-0.0038,-0.041111111,-1399.1923,1.7811258,6234.1025,87.385375,33.847836
"cleat 20x20 mm 40 km/h",-0.0036,-0.038888889,-1390.5707,1.6551153,6131.1794,112.94769,33.858759
"cleat 20x20 mm 40 km/h",-0.0034,-0.036666667,-1371.3367,1.5472912,6040.4158,137.33714,33.872878
"cleat 20x20 mm 40 km/h",-0.0032,-0.034444444,-1342.2865,1.4700439,5962.085,160.23742,33.890045
"cleat 20x20 mm 40 km/h",-0.003,-0.032222222,-1304.4513,1.4177042,5895.9203,181.34863,33.910074
"cleat 20x20 mm 40 km/h",-0.0028,-0.03,-1258.9172,1.3748725,5842.2986,200.36422,33.932743
"cleat 20x20 mm 40 km/h",-0.0026,-0.027777778,-1206.6373,1.3296045,5799.9941,217.03497,33.957789
"cleat 20x20 mm 40 km/h",-0.0024,-0.025555556,-1148.2852,1.2683323,5769.0452,231.12872,33.984918
"cleat 20x20 mm 40 km/h",-0.0022,-0.023333333,-1084.3759,1.1800922,5748.4527,242.53995,34.013809
"cleat 20x20 mm 40 km/h",-0.002,-0.021111111,-1015.3247,1.0565516,5737.5311,251.26294,34.044127
"cleat 20x20 mm 40 km/h",-0.0018,-0.018888889,-941.65818,0.89883334,5735.545,257.41582,34.075534
"cleat 20x20 mm 40 km/h",-0.0016,-0.016666667,-864.01759,0.7180633,5740.9396,261.1819,34.107711
"cleat 20x20 mm 40 km/h",-0.0014,-0.014444444,-783.46504,0.54554225,5753.3294,262.82172,34.140359
"cleat 20x20 mm 40 km/h",-0.0012,-0.012222222,-701.46264,0.4268703,5772.6937,262.61312,34.173212
"cleat 20x20 mm 40 km/h",-0.001,-0.01,-619.68808,0.37907949,5798.8805,260.77609,34.206038
"cleat 20x20 mm 40 km/h",-0.0008,-0.0077777778,-540.29244,0.38040867,5832.9998,257.49642,34.238636
"cleat 20x20 mm 40 km/h",-0.0006,-0.0055555556,-465.83432,0.39457205,5874.5955,252.95952,34.270823
"cleat 20x20 mm 40 km/h",-0.0004,-0.0033333333,-399.57005,0.4096154,5924.1144,247.43605,34.302442
"cleat 20x20 mm 40 km/h",-0.0002,-0.0011111111,-345.29188,0.42401172,5982.3529,241.34353,34.333372
"cleat 20x20 mm 40 km/h",-1.0832101e-14,0.0011111111,-306.41348,0.4373634,6047.912,235.08523,34.36354
"cleat 20x20 mm 40 km/h",0.0002,0.0033333333,-285.52216,0.45493296,6118.7377,228.97286,34.392926
"cleat 20x20 mm 40 km/h",0.0004,0.0055555556,-284.15231,0.4923292,6194.3743,223.24759,34.421547
"cleat 20x20 mm 40 km/h",0.0006,0.0077777778,-302.68598,0.57030018,6273.0107,218.06749,34.449453
"cleat 20x20 mm 40 km/h",0.0008,0.01,-340.58378,0.69932136,6351.1742,213.5608,34.476712
"cleat 20x20 mm 40 km/h",0.001,0.012222222,-396.89676,0.87498743,6426.1224,209.96663,34.503407
"cleat 20x20 mm 40 km/h",0.0012,0.014444444,-470.26526,1.0861957,6495.2945,207.59943,34.529653
"cleat 20x20 mm 40 km/h",0.0014,0.016666667,-558.70618,1.339369,6555.3715,206.69971,34.555602
"cleat 20x20 mm 40 km/h",0.0016,0.018888889,-659.96647,1.6201847,6605.6871,207.52286,34.58144
"cleat 20x20 mm 40 km/h",0.0018,0.021111111,-771.46892,1.8656967,6647.0746,210.25807,34.60738
"cleat 20x20 mm 40 km/h",0.002,0.023333333,-890.48816,2.0239061,6681.7963,214.93543,34.633663
"cleat 20x20 mm 40 km/h",0.0022,0.025555556,-1014.6336,2.0772934,6714.3932,221.59719,34.660529
"cleat 20x20 mm 40 km/h",0.0024,0.027777778,-1141.8476,2.0267332,6748.0459,230.3049,34.688229
"cleat 20x20 mm 40 km/h",0.0026,0.03,-1270.3266,1.8741274,6783.5258,241.09526,34.717017
"cleat 20x20 mm 40 km/h",0.0028,0.032222222,-1398.5708,1.6237648,6819.9997,253.96346,34.747154
"cleat 20x20 mm 40 km/h",0.003,0.034444444,-1525.312,1.2820918,6854.8752,268.84236,34.7789
"cleat 20x20 mm 40 km/h",0.0032,0.036666667,-1649.2971,0.84926379,6884.3836,285.57914,34.812505
"cleat 20x20 mm 40 km/h",0.0034,0.038888889,-1769.0792,0.32179796,6904.5825,303.91872,34.848202
"cleat 20x20 mm 40 km/h",0.0036,0.041111111,-1882.8681,-0.29338552,6912.4319,323.5049,34.886192
"cleat 20x20 mm 40 km/h",0.0038,0.043333333,-1988.4026,-0.96465219,6905.606,343.94431,34.92663
"cleat 20x20 mm 40 km/h",0.004,0.045555556,-2082.9245,-1.6425594,6883.4896,364.8052,34.969623
"cleat 20x20 mm 40 km/h",0.0042,0.047777778,-2163.3223,-2.2757023,6847.7371,385.65153,35.015224
"cleat 20x20 mm 40 km/h",0.0044,0.05,-2226.2521,-2.8215468,6801.3322,406.09595,35.06343
"cleat 20x20 mm 40 km/h",0.0046,0.052222222,-2268.3758,-3.2616934,6747.218,425.80544,35.114192
"cleat 20x20 mm 40 km/h",0.0048,0.054444444,-2286.8351,-3.5916706,6688.6512,444.52115,35.167418
"cleat 20x20 mm 40 km/h",0.005,0.056666667,-2279.7166,-3.8103834,6629.0953,462.04362,35.222983
"cleat 20x20 mm 40 km/h",0.0052,0.058888889,-2246.2807,-3.9345955,6571.4985,478.18115,35.280739
"cleat 20x20 mm 40 km/h",0.0054,0.061111111,-2187.0806,-4.004007,6517.4726,492.72266,35.340511
"cleat 20x20 mm 40 km/h",0.0056,0.063333333,-2104.088,-4.0506322,6467.8772,505.52863,35.402102
"cleat 20x20 mm 40 km/h",0.0058,0.065555556,-2000.5893,-4.0869784,6422.9329,516.568,35.465293
"cleat 20x20 mm 40 km/h",0.006,0.067777778,-1880.6857,-4.1142888,6381.6765,525.85052,35.529864
"cleat 20x20 mm 40 km/h",0.0062,0.07,-1748.825,-4.1291617,6343.1993,533.3698,35.595595
"cleat 20x20 mm 40 km/h",0.0064,0.072222222,-1609.3296,-4.1185371,6306.821,539.10069,35.662266
"cleat 20x20 mm 40 km/h",0.0066,0.074444444,-1466.0201,-4.0629245,6272.1434,543.01948,35.729654
"cleat 20x20 mm 40 km/h",0.0068,0.076666667,-1322.0162,-3.9530845,6239.6896,545.11388,35.797531
"cleat 20x20 mm 40 km/h",0.007,0.078888889,-1179.6231,-3.8000506,6210.9872,545.39569,35.86567
"cleat 20x20 mm 40 km/h",0.0072,0.081111111,-1040.3177,-3.6374887,6188.1168,543.90175,35.933845
"cleat 20x20 mm 40 km/h",0.0074,0.083333333,-904.92082,-3.5105915,6173.1905,540.68061,36.001833
"cleat 20x20 mm 40 km/h",0.0076,0.085555556,-773.87727,-3.4577214,6167.8155,535.76397,36.069418
"cleat 20x20 mm 40 km/h",0.0078,0.087777778,-647.56069,-3.5039548,6172.5866,529.13777,36.136388
"cleat 20x20 mm 40 km/h",0.008,0.09,-526.53749,-3.6520456,6186.9886,520.72324,36.20253
"cleat 20x20 mm 40 km/h",0.0082,0.092222222,-411.68062,-3.880157,6209.2304,510.35984,36.267621
"cleat 20x20 mm 40 km/h",0.0084,0.094444444,-304.10593,-4.1498678,6236.6942,497.85211,36.331416
"cleat 20x20 mm 40 km/h",0.0086,0.096666667,-205.01655,-4.4171455,6266.4505,483.01185,36.393647
"cleat 20x20 mm 40 km/h",0.0088,0.098888889,-115.43256,-4.6359785,6294.8119,465.68915,36.454024
"cleat 20x20 mm 40 km/h",0.009,0.10111111,-35.865007,-4.7669119,6318.0449,445.74013,36.512235
"cleat 20x20 mm 40 km/h",0.0092,0.10333333,33.827352,-4.7934305,6333.1937,423.03163,36.567952
"cleat 20x20 mm 40 km/h",0.0094,0.10555556,94.646945,-4.7204728,6338.1124,397.44215,36.620831
"cleat 20x20 mm 40 km/h",0.0096,0.10777778,148.56601,-4.5719477,6331.4559,368.85768,36.670512
"cleat 20x20 mm 40 km/h",0.0098,0.11,198.16462,-4.3856707,6312.5944,337.26793,36.716619
"cleat 20x20 mm 40 km/h",0.01,0.11222222,246.38931,-4.2097215,6281.1798,302.74414,36.758777
"cleat 20x20 mm 40 km/h",0.0102,0.11444444,296.54591,-4.0913635,6238.1035,265.42071,36.79662
"cleat 20x20 mm 40 km/h",0.0104,0.11666667,352.35918,-4.0600853,6185.1284,225.30497,36.829798
"cleat 20x20 mm 40 km/h",0.0106,0.11888889,417.16801,-4.1108335,6121.7001,182.18819,36.857961
"cleat 20x20 mm 40 km/h",0.0108,0.12111111,492.56822,-4.2362656,6043.0868,135.84933,36.880735
"cleat 20x20 mm 40 km/h",0.011,0.12333333,578.99549,-4.4518412,5949.0078,86.731968,36.897716
"cleat 20x20 mm 40 km/h",0.0112,0.12555556,676.29402,-4.7294419,5837.8224,35.067071,36.908557
"cleat 20x20 mm 40 km/h",0.0114,0.12777778,783.3861,-5.0097241,5707.6086,-18.9287,36.912941
"cleat 20x20 mm 40 km/h",0.0116,0.13,898.62073,-5.2395329,5557.2315,-74.990653,36.910575
"cleat 20x20 mm 40 km/h",0.0118,0.13222222,1020.072,-5.3871214,5387.7052,-132.62989,36.901201
"cleat 20x20 mm 40 km/h",0.012,0.13444444,1145.5754,-5.4336387,5200.2841,-191.34184,36.884622
"cleat 20x20 mm 40 km/h",0.0122,0.13666667,1273.3557,-5.3629177,4997.2801,-250.62001,36.860704
"cleat 20x20 mm 40 km/h",0.0124,0.13888889,1402.185,-5.1758192,4780.6058,-310.13622,36.829377
"cleat 20x20 mm 40 km/h",0.0126,0.14111111,1531.2039,-4.8935468,4554.1216,-369.31932,36.79061
"cleat 20x20 mm 40 km/h",0.0128,0.14333333,1659.8432,-4.5387899,4321.6685,-427.49027,36.744445
"cleat 20x20 mm 40 km/h",0.013,0.14555556,1787.3111,-4.1382824,4087.2801,-483.81697,36.691009
"cleat 20x20 mm 40 km/h",0.0132,0.14777778,1912.7406,-3.7288655,3855.5673,-537.51663,36.630531
"cleat 20x20 mm 40 km/h",0.0134,0.15,2034.7779,-3.306643,3631.4674,-587.86027,36.563342
"cleat 20x20 mm 40 km/h",0.0136,0.15222222,2151.2827,-2.8562446,3419.4365,-634.19335,36.489859
"cleat 20x20 mm 40 km/h",0.0138,0.15444444,2259.2131,-2.3680843,3223.1652,-675.93702,36.410585
"cleat 20x20 mm 40 km/h",0.014,0.15666667,2354.879,-1.8405384,3045.5517,-712.58423,36.326093
"cleat 20x20 mm 40 km/h",0.0142,0.15888889,2434.3696,-1.2721369,2889.3271,-743.73527,36.23702
"cleat 20x20 mm 40 km/h",0.0144,0.16111111,2493.9809,-0.66628234,2757.0657,-769.06835,36.144053
"cleat 20x20 mm 40 km/h",0.0146,0.16333333,2530.8792,-0.023546552,2650.9317,-788.3649,36.04792
"cleat 20x20 mm 40 km/h",0.0148,0.16555556,2543.6119,0.6601771,2572.7771,-801.54633,35.949374
"cleat 20x20 mm 40 km/h",0.015,0.16777778,2532.3475,1.3826027,2523.8338,-808.65689,35.849181
"cleat 20x20 mm 40 km/h",0.0152,0.17,2498.9069,2.1326317,2504.9002,-809.85545,35.748099
"cleat 20x20 mm 40 km/h",0.0154,0.17222222,2446.3064,2.9000779,2516.3954,-805.35122,35.646867
"cleat 20x20 mm 40 km/h",0.0156,0.17444444,2378.8845,3.6681037,2558.4794,-795.52946,35.546198
"cleat 20x20 mm 40 km/h",0.0158,0.17666667,2301.4206,4.4147506,2630.5299,-780.78697,35.446757
"cleat 20x20 mm 40 km/h",0.016,0.17888889,2218.8183,5.1143235,2731.1599,-761.57785,35.349158
"cleat 20x20 mm 40 km/h",0.0162,0.18111111,2135.6182,5.7499059,2858.1795,-738.40514,35.253961
"cleat 20x20 mm 40 km/h",0.0164,0.18333333,2055.7326,6.3141767,3008.3687,-711.85711,35.16166
"cleat 20x20 mm 40 km/h",0.0166,0.18555556,1982.1975,6.8043093,3177.7367,-682.61059,35.072678
"cleat 20x20 mm 40 km/h",0.0168,0.18777778,1916.9334,7.2132334,3361.5966,-651.32472,34.987352
"cleat 20x20 mm 40 km/h",0.017,0.19,1861.0363,7.5376551,3555.025,-618.66992,34.905936
"cleat 20x20 mm 40 km/h",0.0172,0.19222222,1814.9058,7.7789138,3752.8092,-585.23092,34.828602
"cleat 20x20 mm 40 km/h",0.0174,0.19444444,1778.5978,7.9372482,3950.0676,-551.51951,34.755449
"cleat 20x20 mm 40 km/h",0.0176,0.19666667,1752.0636,8.0088135,4142.6746,-517.99501,34.686509
"cleat 20x20 mm 40 km/h",0.0178,0.19888889,1735.5427,7.9880947,4327.5143,-485.12073,34.621759
"cleat 20x20 mm 40 km/h",0.018,0.20111111,1729.6025,7.8695214,4502.4196,-453.34967,34.561119
"cleat 20x20 mm 40 km/h",0.0182,0.20333333,1735.0312,7.6583753,4665.6029,-423.07646,34.504451
"cleat 20x20 mm 40 km/h",0.0184,0.20555556,1752.7104,7.3674667,4815.1883,-394.64173,34.451566
"cleat 20x20 mm 40 km/h",0.0186,0.20777778,1783.2193,7.0168348,4949.5039,-368.32364,34.402236
"cleat 20x20 mm 40 km/h",0.0188,0.21,1826.5743,6.6312795,5066.7861,-344.33195,34.356195
"cleat 20x20 mm 40 km/h",0.019,0.21222222,1882.0912,6.2405088,5165.4061,-322.85452,34.313154
"cleat 20x20 mm 40 km/h",0.0192,0.21444444,1948.1959,5.8754033,5243.4631,-304.01861,34.272797
"cleat 20x20 mm 40 km/h",0.0194,0.21666667,2022.3528,5.5609822,5298.3145,-287.848,34.234795
"cleat 20x20 mm 40 km/h",0.0196,0.21888889,2101.1344,5.3131666,5327.2458,-274.28856,34.198814
"cleat 20x20 mm 40 km/h",0.0198,0.22111111,2180.4357,5.1469165,5328.4325,-263.25065,34.164528
"cleat 20x20 mm 40 km/h",0.02,0.22333333,2255.5617,5.0673331,5301.2193,-254.54733,34.131621
"cleat 20x20 mm 40 km/h",0.0202,0.22555556,2321.8017,5.0729663,5246.3615,-247.95747,34.099803
"cleat 20x20 mm 40 km/h",0.0204,0.22777778,2374.8427,5.1593577,5165.8039,-243.2243,34.068808
"cleat 20x20 mm 40 km/h",0.0206,0.23,2411.0995,5.3122531,5062.1888,-240.05668,34.038405
"cleat 20x20 mm 40 km/h",0.0208,0.23222222,2427.9711,5.5106484,4938.9105,-238.17734,34.008398
"cleat 20x20 mm 40 km/h",0.021,0.23444444,2423.8451,5.7323613,4799.794,-237.30638,33.978626
"cleat 20x20 mm 40 km/h",0.0212,0.23666667,2398.107,5.9506165,4648.7503,-237.18264,33.948963
"cleat 20x20 mm 40 km/h",0.0214,0.23888889,2351.0529,6.1324863,4489.6233,-237.59011,33.919315
"cleat 20x20 mm 40 km/h",0.0216,0.24111111,2283.6413,6.2431873,4326.0837,-238.34287,33.889616
"cleat 20x20 mm 40 km/h",0.0218,0.24333333,2197.3029,6.2563488,4160.9441,-239.26872,33.859823
"cleat 20x20 mm 40 km/h",0.022,0.24555556,2093.7692,6.1511656,3996.4003,-240.25276,33.829915
"cleat 20x20 mm 40 km/h",0.0222,0.24777778,1974.8375,5.9123058,3834.5156,-241.22279,33.799883
"cleat 20x20 mm 40 km/h",0.0224,0.25,1842.0987,5.5401677,3677.6268,-242.09018,33.76973
"cleat 20x20 mm 40 km/h",0.0226,0.25222222,1696.9755,5.0374825,3528.1964,-242.74845,33.739469
"cleat 20x20 mm 40 km/h",0.0228,0.25444444,1540.8905,4.4148061,3388.8362,-243.08557,33.709125
"cleat 20x20 mm 40 km/h",0.023,0.25666667,1375.3846,3.6907347,3262.2257,-242.98282,33.67874
"cleat 20x20 mm 40 km/h",0.0232,0.25888889,1202.0428,2.8894847,3150.8343,-242.261,33.648367
"cleat 20x20 mm 40 km/h",0.0234,0.26111111,1022.7029,2.0461692,3057.2729,-240.7577,33.618084
"cleat 20x20 mm 40 km/h",0.0236,0.26333333,839.43448,1.2018504,2983.8392,-238.30221,33.587989
"cleat 20x20 mm 40 km/h",0.0238,0.26555556,654.62335,0.39720628,2932.2495,-234.75176,33.558202
"cleat 20x20 mm 40 km/h",0.024,0.26777778,470.91129,-0.33144763,2903.5748,-229.9923,33.528858
"cleat 20x20 mm 40 km/h",0.0242,0.27,290.96902,-0.95105971,2897.7529,-223.88136,33.500109
"cleat 20x20 mm 40 km/h",0.0244,0.27222222,117.32659,-1.4338171,2913.8153,-216.27896,33.472123
"cleat 20x20 mm 40 km/h",0.0246,0.27444444,-47.600648,-1.762721,2950.4372,-207.12094,33.445089
"cleat 20x20 mm 40 km/h",0.0248,0.27666667,-201.84754,-1.9302101,3006.3868,-196.36031,33.419198
"cleat 20x20 mm 40 km/h",0.025,0.27888889,-344.07981,-1.9456806,3080.4265,-183.93106,33.394653
"cleat 20x20 mm 40 km/h",0.0252,0.28111111,-473.31729,-1.8325303,3171.0729,-169.8128,33.371662
"cleat 20x20 mm 40 km/h",0.0254,0.28333333,-589.00604,-1.6206229,3276.6518,-154.00268,33.350435
"cleat 20x20 mm 40 km/h",0.0256,0.28555556,-690.99457,-1.3502418,3395.0687,-136.50535,33.331185
"cleat 20x20 mm 40 km/h",0.0258,0.28777778,-779.44064,-1.0593773,3524.178,-117.35764,33.314122
"cleat 20x20 mm 40 km/h",0.026,0.29,-854.74021,-0.77952522,3661.6813,-96.621715,33.299452
"cleat 20x20 mm 40 km/h",0.0262,0.29222222,-917.4275,-0.53645801,3805.3494,-74.401183,33.287374
"cleat 20x20 mm 40 km/h",0.0264,0.29444444,-967.96305,-0.35322802,3952.5947,-50.844063,33.278074
"cleat 20x20 mm 40 km/h",0.0266,0.29666667,-1006.5518,-0.24839723,4100.1764,-26.160434,33.271719
"cleat 20x20 mm 40 km/h",0.0268,0.29888889,-1033.6199,-0.22656081,4244.5107,-0.49974819,33.268449
"cleat 20x20 mm 40 km/h",0.027,0.30111111,-1049.6987,-0.27976471,4382.0851,25.998919,33.268386
"cleat 20x20 mm 40 km/h",0.0272,0.30333333,-1055.203,-0.40098176,4509.9448,53.113768,33.271636
"cleat 20x20 mm 40 km/h",0.0274,0.30555556,-1050.723,-0.57554856,4625.6485,80.616078,33.278275
"cleat 20x20 mm 40 km/h",0.0276,0.30777778,-1037.1816,-0.79031385,4727.4467,108.30586,33.288352
"cleat 20x20 mm 40 km/h",0.0278,0.31,-1015.6564,-1.0298022,4813.9685,135.97274,33.301891
"cleat 20x20 mm 40 km/h",0.028,0.31222222,-987.47985,-1.2765221,4883.8504,163.42588,33.318887
"cleat 20x20 mm 40 km/h",0.0282,0.31444444,-954.20207,-1.5199629,4936.0594,190.46304,33.339315
"cleat 20x20 mm 40 km/h",0.0284,0.31666667,-917.68761,-1.7469926,4970.2028,216.88808,33.363123
"cleat 20x20 mm 40 km/h",0.0286,0.31888889,-879.9621,-1.9438824,4986.1591,242.50949,33.390234
"cleat 20x20 mm 40 km/h",0.0288,0.32111111,-843.00452,-2.1046134,4983.8703,267.12956,33.420548
"cleat 20x20 mm 40 km/h",0.029,0.32333333,-808.72622,-2.232609,4963.6072,290.55733,33.453939
"cleat 20x20 mm 40 km/h",0.0292,0.32555556,-778.81556,-2.3258285,4925.4167,312.61509,33.490259
"cleat 20x20 mm 40 km/h",0.0294,0.32777778,-754.69646,-2.3794316,4869.5787,333.14558,33.529336
"cleat 20x20 mm 40 km/h",0.0296,0.33,-737.51387,-2.3888241,4796.9944,352.01507,33.570979
"cleat 20x20 mm 40 km/h",0.0298,0.33222222,-728.01852,-2.3511301,4709.2277,369.07171,33.614981
"cleat 20x20 mm 40 km/h",0.03,0.33444444,-726.69092,-2.2691413,4608.6199,384.19509,33.661115
"cleat 20x20 mm 40 km/h",0.0302,0.33666667,-733.76031,-2.1443684,4497.8358,397.3174,33.709139
"cleat 20x20 mm 40 km/h",0.0304,0.33888889,-749.13328,-1.9857651,4379.372,408.38391,33.758804
"cleat 20x20 mm 40 km/h",0.0306,0.34111111,-772.71654,-1.8012612,4255.8954,417.3967,33.809852
"cleat 20x20 mm 40 km/h",0.0308,0.34333333,-804.3152,-1.5982296,4130.0354,424.35466,33.862026
"cleat 20x20 mm 40 km/h",0.031,0.34555556,-843.73533,-1.3844492,4004.4004,429.26547,33.915071
"cleat 20x20 mm 40 km/h",0.0312,0.34777778,-890.78675,-1.1777995,3881.1946,432.1756,33.968729
"cleat 20x20 mm 40 km/h",0.0314,0.35,-945.28873,-0.99495525,3762.0471,433.18776,34.022751
"cleat 20x20 mm 40 km/h",0.0316,0.35222222,-1006.8438,-0.84211899,3648.3595,432.36379,34.076899
"cleat 20x20 mm 40 km/h",0.0318,0.35444444,-1074.9443,-0.72591109,3541.5715,429.78522,34.130945
"cleat 20x20 mm 40 km/h",0.032,0.35666667,-1148.9847,-0.64909149,3443.6055,425.5669,34.184668
"cleat 20x20 mm 40 km/h",0.0322,0.35888889,-1227.9431,-0.61119589,3356.6787,419.7775,34.237864
"cleat 20x20 mm 40 km/h",0.0324,0.36111111,-1310.4936,-0.60891209,3283.1505,412.50409,34.290336
"cleat 20x20 mm 40 km/h",0.0326,0.36333333,-1395.0111,-0.63664365,3225.0671,403.87572,34.341899
"cleat 20x20 mm 40 km/h",0.0328,0.36555556,-1479.5765,-0.68809215,3184.0944,394.0214,34.392384
"cleat 20x20 mm 40 km/h",0.033,0.36777778,-1562.1923,-0.75133052,3161.4699,383.09431,34.441636
"cleat 20x20 mm 40 km/h",0.0332,0.37,-1640.8388,-0.80749447,3157.8939,371.23832,34.489523
"cleat 20x20 mm 40 km/h",0.0334,0.37222222,-1713.5337,-0.84056827,3172.8666,358.6035,34.535928
"cleat 20x20 mm 40 km/h",0.0336,0.37444444,-1778.5767,-0.8453154,3205.1543,345.36303,34.580753
"cleat 20x20 mm 40 km/h",0.0338,0.37666667,-1834.6521,-0.81679819,3252.9035,331.7107,34.623924
"cleat 20x20 mm 40 km/h",0.034,0.37888889,-1880.6419,-0.75081179,3313.7939,317.77263,34.665387
"cleat 20x20 mm 40 km/h",0.0342,0.38111111,-1915.9505,-0.64349571,3385.9076,303.69531,34.705109
"cleat 20x20 mm 40 km/h",0.0344,0.38333333,-1940.321,-0.49411781,3467.7469,289.62597,34.743071
"cleat 20x20 mm 40 km/h",0.0346,0.38555556,-1953.5573,-0.3067641,3558.0202,275.65666,34.779274
"cleat 20x20 mm 40 km/h",0.0348,0.38777778,-1955.6758,-0.08615304,3655.7108,261.92091,34.813731
"cleat 20x20 mm 40 km/h",0.035,0.39,-1946.7886,0.16216232,3759.8132,248.58186,34.846471
"cleat 20x20 mm 40 km/h",0.0352,0.39222222,-1927.0247,0.43306068,3869.0997,235.80635,34.877544
"cleat 20x20 mm 40 km/h",0.0354,0.39444444,-1896.5304,0.72677725,3981.9911,223.74362,34.90702
"cleat 20x20 mm 40 km/h",0.0356,0.39666667,-1855.5072,1.0448336,4096.6624,212.50681,34.934988
"cleat 20x20 mm 40 km/h",0.0358,0.39888889,-1804.3703,1.3807199,4210.7056,202.23154,34.961551
"cleat 20x20 mm 40 km/h",0.036,0.40111111,-1743.6928,1.728753,4320.8318,193.05383,34.98683
"cleat 20x20 mm 40 km/h",0.0362,0.40333333,-1674.0666,2.0867354,4423.5182,184.99816,35.010962
"cleat 20x20 mm 40 km/h",0.0364,0.40555556,-1596.5365,2.4502598,4515.6454,178.11045,35.034087
"cleat 20x20 mm 40 km/h",0.0366,0.40777778,-1512.3478,2.8147756,4594.9818,172.38008,35.05635
"cleat 20x20 mm 40 km/h",0.0368,0.41,-1422.8397,3.1726208,4660.2419,167.72702,35.077898
"cleat 20x20 mm 40 km/h",0.037,0.41222222,-1329.5177,3.5157227,4710.9079,164.09511,35.098864
"cleat 20x20 mm 40 km/h",0.0372,0.41444444,-1233.9042,3.8356854,4747.0283,161.43336,35.119376
"cleat 20x20 mm 40 km/h",0.0374,0.41666667,-1137.4895,4.1262696,4768.936,159.69985,35.139555
"cleat 20x20 mm 40 km/h",0.0376,0.41888889,-1041.6209,4.3881413,4777.1654,158.82282,35.159517
"cleat 20x20 mm 40 km/h",0.0378,0.42111111,-947.41762,4.6226336,4772.27,158.68417,35.17937
"cleat 20x20 mm 40 km/h",0.038,0.42333333,-855.95626,4.8228947,4754.5037,159.20506,35.199206
"cleat 20x20 mm 40 km/h",0.0382,0.42555556,-768.14316,4.9880241,4724.0332,160.28746,35.219106
"cleat 20x20 mm 40 km/h",0.0384,0.42777778,-684.53524,5.1185626,4680.5626,161.76613,35.239142
"cleat 20x20 mm 40 km/h",0.0386,0.43,-605.75098,5.2139726,4623.939,163.52575,35.259363
"cleat 20x20 mm 40 km/h",0.0388,0.43222222,-532.22297,5.2752247,4554.7298,165.39311,35.279804
"cleat 20x20 mm 40 km/h",0.039,0.43444444,-464.29666,5.2995285,4474.2452,167.18125,35.300478
"cleat 20x20 mm 40 km/h",0.0392,0.43666667,-402.27759,5.2855009,4384.5375,168.72698,35.321376
"cleat 20x20 mm 40 km/h",0.0394,0.43888889,-346.34244,5.2320749,4288.1003,169.86873,35.342466
"cleat 20x20 mm 40 km/h",0.0396,0.44111111,-296.6233,5.1399396,4187.7578,170.46873,35.3637
"cleat 20x20 mm 40 km/h",0.0398,0.44333333,-253.09063,5.0163753,4086.2193,170.38548,35.385009
"cleat 20x20 mm 40 km/h",0.04,0.44555556,-215.48374,4.8704462,3986.0408,169.44367,35.406307
"cleat 20x20 mm 40 km/h",0.0402,0.44777778,-183.43722,4.6995586,3889.4423,167.50323,35.427487
"cleat 20x20 mm 40 km/h",0.0404,0.45,-156.37077,4.5047187,3797.7303,164.44858,35.448425
"cleat 20x20 mm 40 km/h",0.0406,0.45222222,-133.43714,4.2918364,3711.6291,160.14532,35.468981
"cleat 20x20 mm 40 km/h",0.0408,0.45444444,-113.85377,4.0621829,3632.2565,154.50341,35.488999
"cleat 20x20 mm 40 km/h",0.041,0.45666667,-96.730395,3.8175198,3560.9479,147.4254,35.508312
"cleat 20x20 mm 40 km/h",0.0412,0.45888889,-81.074375,3.5559645,3499.2394,138.81347,35.526741
"cleat 20x20 mm 40 km/h",0.0414,0.46111111,-65.9963,3.2791382,3448.7124,128.64255,35.544092
"cleat 20x20 mm 40 km/h",0.0416,0.46333333,-50.554492,2.9848983,3410.7366,116.89847,35.560173
"cleat 20x20 mm 40 km/h",0.0418,0.46555556,-33.967401,2.6732082,3386.4598,103.62101,35.574785
"cleat 20x20 mm 40 km/h",0.042,0.46777778,-15.562178,2.3444243,3376.5638,88.87334,35.587737
"cleat 20x20 mm 40 km/h",0.0422,0.47,5.1865937,2.0111606,3381.0084,72.754263,35.598847
"cleat 20x20 mm 40 km/h",0.0424,0.47222222,28.739914,1.6775457,3398.8266,55.387714,35.607941
"cleat 20x20 mm 40 km/h",0.0426,0.47444444,55.338221,1.3397461,3428.6598,36.92333,35.614864
"cleat 20x20 mm 40 km/h",0.0428,0.47666667,85.030654,1.0095138,3469.0622,17.515225,35.61948
"cleat 20x20 mm 40 km/h",0.043,0.47888889,117.64111,0.6927937,3518.9422,-2.6552852,35.621669
"cleat 20x20 mm 40 km/h",0.0432,0.48111111,152.89479,0.39860685,3577.5527,-23.41155,35.621337
"cleat 20x20 mm 40 km/h",0.0434,0.48333333,190.51639,0.13027393,3644.1907,-44.574018,35.618411
"cleat 20x20 mm 40 km/h",0.0436,0.48555556,230.19841,-0.1074042,3717.9411,-65.927001,35.612839
"cleat 20x20 mm 40 km/h",0.0438,0.48777778,271.663,-0.31871302,3797.8234,-87.2571,35.604598
"cleat 20x20 mm 40 km/h",0.044,0.49,314.61417,-0.50006235,3882.5956,-108.34003,35.593691
"cleat 20x20 mm 40 km/h",0.0442,0.49222222,358.69837,-0.65629863,3970.6774,-128.94535,35.580149
"cleat 20x20 mm 40 km/h",0.0444,0.49444444,403.53227,-0.77807321,4059.8428,-148.83478,35.56403
"cleat 20x20 mm 40 km/h",0.0446,0.49666667,448.74734,-0.86895501,4147.5692,-167.80159,35.545426
"cleat 20x20 mm 40 km/h",0.0448,0.49888889,493.90694,-0.93397086,4231.1344,-185.66776,35.524451
"cleat 20x20 mm 40 km/h",0.045,0.50111111,538.37917,-0.97420491,4307.9712,-202.24265,35.501242
"cleat 20x20 mm 40 km/h",0.0452,0.50333333,581.49469,-0.99010909,4376.1744,-217.3754,35.475962
"cleat 20x20 mm 40 km/h",0.0454,0.50555556,622.51101,-0.98137521,4434.5886,-230.94311,35.44879
"cleat 20x20 mm 40 km/h",0.0456,0.50777778,660.65953,-0.9609486,4482.9477,-242.83191,35.419922
"cleat 20x20 mm 40 km/h",0.0458,0.51,695.28452,-0.92882948,4521.3636,-252.93973,35.389568
"cleat 20x20 mm 40 km/h",0.046,0.51222222,725.86457,-0.89562384,4549.8267,-261.16222,35.357951
"cleat 20x20 mm 40 km/h",0.0462,0.51444444,751.98969,-0.86752618,4568.6403,-267.43,35.325306
"cleat 20x20 mm 40 km/h",0.0464,0.51666667,773.32814,-0.83713486,4578.0436,-271.68864,35.291877
"cleat 20x20 mm 40 km/h",0.0466,0.51888889,789.68151,-0.80128247,4578.4429,-273.9337,35.257916
"cleat 20x20 mm 40 km/h",0.0468,0.52111111,801.22161,-0.76618962,4569.867,-274.24886,35.223674
"cleat 20x20 mm 40 km/h",0.047,0.52333333,808.25861,-0.72628444,4551.4933,-272.71437,35.189393
"cleat 20x20 mm 40 km/h",0.0472,0.52555556,811.24883,-0.68011038,4522.5105,-269.44128,35.155304
"cleat 20x20 mm 40 km/h",0.0474,0.52777778,810.89857,-0.62930175,4482.7478,-264.63077,35.121623
"cleat 20x20 mm 40 km/h",0.0476,0.53,807.78617,-0.57181262,4432.629,-258.44857,35.088545
"cleat 20x20 mm 40 km/h",0.0478,0.53222222,802.67009,-0.50947025,4373.4964,-251.10762,35.056239
"cleat 20x20 mm 40 km/h",0.048,0.53444444,796.39893,-0.44169059,4307.3567,-242.83276,35.02485
"cleat 20x20 mm 40 km/h",0.0482,0.53666667,789.85915,-0.37273335,4236.7075,-233.85677,34.994496
"cleat 20x20 mm 40 km/h",0.0484,0.53888889,783.93084,-0.3053114,4163.8369,-224.38988,34.965264
"cleat 20x20 mm 40 km/h",0.0486,0.54111111,779.40951,-0.23514344,4091.0803,-214.64349,34.937215
"cleat 20x20 mm 40 km/h",0.0488,0.54333333,777.09761,-0.16174106,4020.1445,-204.83261,34.910385
"cleat 20x20 mm 40 km/h",0.049,0.54555556,777.87416,-0.092868113,3951.941,-195.20107,34.884781
"cleat 20x20 mm 40 km/h",0.0492,0.54777778,782.2007,-0.031770925,3887.0361,-185.91926,34.86038
"cleat 20x20 mm 40 km/h",0.0494,0.55,790.28585,0.021809549,3825.8704,-177.1374,34.837141
"cleat 20x20 mm 40 km/h",0.0496,0.55222222,802.25874,0.065466329,3769.1542,-169.04598,34.814998
"cleat 20x20 mm 40 km/h",0.0498,0.55444444,817.74232,0.098860052,3717.8618,-161.73963,34.793868
"cleat 20x20 mm 40 km/h",0.05,0.55666667,836.21994,0.11622201,3673.0076,-155.28684,34.77365
"cleat 20x20 mm 40 km/h",0.0502,0.55888889,857.07434,0.1161674,3635.5633,-149.73086,34.754239
"cleat 20x20 mm 40 km/h",0.0504,0.56111111,879.55578,0.09501585,3606.4138,-145.07755,34.735523
"cleat 20x20 mm 40 km/h",0.0506,0.56333333,902.81508,0.052577588,3586.402,-141.30557,34.717388
"cleat 20x20 mm 40 km/h",0.0508,0.56555556,925.92117,-0.0055035595,3576.0548,-138.3649,34.699725
"cleat 20x20 mm 40 km/h",0.051,0.56777778,948.00363,-0.07128224,3575.1911,-136.19319,34.682429
"cleat 20x20 mm 40 km/h",0.0512,0.57,968.38242,-0.14446933,3583.4347,-134.77777,34.665405
"cleat 20x20 mm 40 km/h",0.0514,0.57222222,986.3574,-0.22279216,3600.0389,-134.07681,34.648558
"cleat 20x20 mm 40 km/h",0.0516,0.57444444,1001.09,-0.29902536,3623.9382,-133.98363,34.631799
"cleat 20x20 mm 40 km/h",0.0518,0.57666667,1012.0252,-0.37106487,3654.2874,-134.4651,34.615051
"cleat 20x20 mm 40 km/h",0.052,0.57888889,1018.63,-0.43282241,3690.6038,-135.48068,34.598242
"cleat 20x20 mm 40 km/h",0.0522,0.58111111,1020.2639,-0.4844998,3732.6235,-136.92936,34.581307
"cleat 20x20 mm 40 km/h",0.0524,0.58333333,1016.5857,-0.52701037,3780.053,-138.74201,34.564191
"cleat 20x20 mm 40 km/h",0.0526,0.58555556,1007.3294,-0.56033098,3832.1406,-140.80765,34.546848
"cleat 20x20 mm 40 km/h",0.0528,0.58777778,992.33656,-0.58404916,3888.0589,-143.02044,34.529247
"cleat 20x20 mm 40 km/h",0.053,0.59,971.42931,-0.59328191,3946.7315,-145.24643,34.51137
"cleat 20x20 mm 40 km/h",0.0532,0.59222222,944.51143,-0.57976309,4006.7933,-147.35934,34.493214
"cleat 20x20 mm 40 km/h",0.0534,0.59444444,911.62762,-0.54201674,4066.5743,-149.253,34.474794
"cleat 20x20 mm 40 km/h",0.0536,0.59666667,873.03616,-0.48259935,4124.4871,-150.88035,34.456138
"cleat 20x20 mm 40 km/h",0.0538,0.59888889,828.8904,-0.40036502,4178.5996,-152.12741,34.437278
"cleat 20x20 mm 40 km/h",0.054,0.60111111,779.50262,-0.29734546,4227.1321,-152.89768,34.418262
"cleat 20x20 mm 40 km/h",0.0542,0.60333333,725.44858,-0.17542122,4268.931,-153.15731,34.399149
"cleat 20x20 mm 40 km/h",0.0544,0.60555556,667.18134,-0.035717887,4303.532,-152.82094,34.380005
"cleat 20x20 mm 40 km/h",0.0546,0.60777778,605.3196,0.11374145,4331.3131,-151.8247,34.360902
"cleat 20x20 mm 40 km/h",0.0548,0.61,540.65906,0.27055657,4352.9368,-150.11519,34.341924
"cleat 20x20 mm 40 km/h",0.055,0.61222222,474.10149,0.4264863,4368.8984,-147.63605,34.32316
"cleat 20x20 mm 40 km/h",0.0552,0.61444444,406.59489,0.57879696,4379.6307,-144.34867,34.304705
"cleat 20x20 mm 40 km/h",0.0554,0.61666667,339.01889,0.72972722,4385.3731,-140.22109,34.286662
"cleat 20x20 mm 40 km/h",0.0556,0.61888889,272.18119,0.88295691,4386.2779,-135.25276,34.269134
"cleat 20x20 mm 40 km/h",0.0558,0.62111111,207.01255,1.0340594,4382.1643,-129.5109,34.252227
"cleat 20x20 mm 40 km/h",0.056,0.62333333,144.49098,1.1783134,4372.0437,-123.07789,34.236038
"cleat 20x20 mm 40 km/h",0.0562,0.62555556,85.335954,1.3156055,4354.7092,-115.9864,34.220654
"cleat 20x20 mm 40 km/h",0.0564,0.62777778,30.29371,1.4443433,4329.5757,-108.32326,34.206155
"cleat 20x20 mm 40 km/h",0.0566,0.63,-19.930944,1.563799,4296.769,-100.19335,34.192615
"cleat 20x20 mm 40 km/h",0.0568,0.63222222,-64.870813,1.6740875,4257.2994,-91.659597,34.180091
"cleat 20x20 mm 40 km/h",0.057,0.63444444,-103.99534,1.7753273,4212.8493,-82.804368,34.168633
"cleat 20x20 mm 40 km/h",0.0572,0.63666667,-136.82635,1.8681042,4165.1157,-73.677739,34.158283
"cleat 20x20 mm 40 km/h",0.0574,0.63888889,-163.0094,1.9486707,4115.8948,-64.317434,34.149073
"cleat 20x20 mm 40 km/h",0.0576,0.64111111,-182.38204,2.0161219,4066.8297,-54.749815,34.141033
"cleat 20x20 mm 40 km/h",0.0578,0.64333333,-195.07203,2.0766993,4019.2996,-44.989285,34.13419
"cleat 20x20 mm 40 km/h",0.058,0.64555556,-201.44536,2.1350808,3974.0225,-35.044285,34.128566
"cleat 20x20 mm 40 km/h",0.0582,0.64777778,-202.01145,2.1870568,3931.458,-24.976164,34.124186
"cleat 20x20 mm 40 km/h",0.0584,0.65,-197.55787,2.2313138,3891.5688,-14.846314,34.121063
"cleat 20x20 mm 40 km/h",0.0586,0.65222222,-189.27767,2.2682664,3854.0816,-4.6574695,34.119208
"cleat 20x20 mm 40 km/h",0.0588,0.65444444,-178.4201,2.2985639,3818.9558,5.559431,34.118626
"cleat 20x20 mm 40 km/h",0.059,0.65666667,-166.22647,2.3233023,3786.5791,15.743383,34.11932
"cleat 20x20 mm 40 km/h",0.0592,0.65888889,-153.98984,2.3397765,3757.8492,25.861789,34.121288
"cleat 20x20 mm 40 km/h",0.0594,0.66111111,-142.80459,2.341107,3733.8127,35.888582,34.124521
"cleat 20x20 mm 40 km/h",0.0596,0.66333333,-133.50902,2.3278772,3715.2389,45.807286,34.129007
"cleat 20x20 mm 40 km/h",0.0598,0.66555556,-126.75689,2.2972942,3703.0369,55.600238,34.134733
"cleat 20x20 mm 40 km/h",0.06,0.66777778,-123.02498,2.2508665,3697.9737,65.240242,34.141683
"cleat 20x20 mm 40 km/h",0.0602,0.67,-122.68036,2.192969,3700.4939,74.699269,34.149838
"cleat 20x20 mm 40 km/h",0.0604,0.67222222,-125.89645,2.1327728,3710.4169,83.930618,34.159176
"cleat 20x20 mm 40 km/h",0.0606,0.67444444,-132.67608,2.0617411,3726.9711,92.857094,34.169667
"cleat 20x20 mm 40 km/h",0.0608,0.67666667,-142.99525,1.9817757,3748.9462,101.38454,34.181274
"cleat 20x20 mm 40 km/h",0.061,0.67888889,-156.91989,1.8956721,3775.0016,109.44398,34.193947
"cleat 20x20 mm 40 km/h",0.0612,0.68111111,-174.51655,1.8038979,3804.2747,116.95618,34.207628
"cleat 20x20 mm 40 km/h",0.0614,0.68333333,-195.72651,1.7066584,3836.3014,123.8068,34.222247
"cleat 20x20 mm 40 km/h",0.0616,0.68555556,-220.41345,1.602252,3870.9041,129.90627,34.237723
"cleat 20x20 mm 40 km/h",0.0618,0.68777778,-248.31764,1.4924835,3907.9877,135.20286,34.253961
"cleat 20x20 mm 40 km/h",0.062,0.69,-278.96851,1.3717309,3947.347,139.65594,34.270862
"cleat 20x20 mm 40 km/h",0.0622,0.69222222,-311.76936,1.2448617,3988.7685,143.2437,34.288319
"cleat 20x20 mm 40 km/h",0.0624,0.69444444,-346.06645,1.1137947,4031.7636,145.97411,34.306224
"cleat 20x20 mm 40 km/h",0.0626,0.69666667,-381.13301,0.98673543,4075.4205,147.86412,34.324471
"cleat 20x20 mm 40 km/h",0.0628,0.69888889,-416.18288,0.86861615,4118.5915,148.92202,34.342954
"cleat 20x20 mm 40 km/h",0.063,0.70111111,-450.481,0.75174398,4159.5923,149.17694,34.361569
"cleat 20x20 mm 40 km/h",0.0632,0.70333333,-483.43899,0.64187089,4196.6056,148.66822,34.380216
"cleat 20x20 mm 40 km/h",0.0634,0.70555556,-514.68918,0.53879774,4228.308,147.45479,34.3988
"cleat 20x20 mm 40 km/h",0.0636,0.70777778,-544.02858,0.44356486,4254.0819,145.58996,34.417232
"cleat 20x20 mm 40 km/h",0.0638,0.71,-571.34205,0.35566775,4274.0205,143.10715,34.43543
"cleat 20x20 mm 40 km/h",0.064,0.71222222,-596.67851,0.27494255,4288.5784,140.09284,34.453319
"cleat 20x20 mm 40 km/h",0.0642,0.71444444,-620.05333,0.20195412,4298.1456,136.64447,34.47083
"cleat 20x20 mm 40 km/h",0.0644,0.71666667,-641.50142,0.13449242,4303.1974,132.87103,34.487911
"cleat 20x20 mm 40 km/h",0.0646,0.71888889,-661.08824,0.075711708,4304.0734,128.89411,34.50452
"cleat 20x20 mm 40 km/h",0.0648,0.72111111,-678.8778,0.027926446,4301.0068,124.82989,34.520632
"cleat 20x20 mm 40 km/h",0.065,0.72333333,-694.79891,-0.0039101902,4293.7534,120.7765,34.536235
"cleat 20x20 mm 40 km/h",0.0652,0.72555556,-708.78422,-0.026234011,4281.9101,116.83204,34.551332
"cleat 20x20 mm 40 km/h",0.0654,0.72777778,-720.75574,-0.041219185,4264.8112,113.08128,34.565936
"cleat 20x20 mm 40 km/h",0.0656,0.73,-730.64893,-0.047209057,4241.8671,109.60513,34.580071
"cleat 20x20 mm 40 km/h",0.0658,0.73222222,-738.45889,-0.045087947,4213.1902,106.4668,34.593772
"cleat 20x20 mm 40 km/h",0.066,0.73444444,-744.11503,-0.035665553,4179.4287,103.67725,34.60708
"cleat 20x20 mm 40 km/h",0.0662,0.73666667,-747.59022,-0.023973299,4141.8014,101.25915,34.62004
"cleat 20x20 mm 40 km/h",0.0664,0.73888889,-748.85478,-0.0089554167,4101.8324,99.241844,34.632698
"cleat 20x20 mm 40 km/h",0.0666,0.74111111,-747.81158,0.0029391259,4061.0841,97.635093,34.645103
"cleat 20x20 mm 40 km/h",0.0668,0.74333333,-744.43672,0.011759292,4021.1252,96.455525,34.657307
"cleat 20x20 mm 40 km/h",0.067,0.74555556,-738.70976,0.021439622,3983.1699,95.705586,34.669364
"cleat 20x20 mm 40 km/h",0.0672,0.74777778,-730.5775,0.039577365,3947.9887,95.357732,34.681327
"cleat 20x20 mm 40 km/h",0.0674,0.75,-720.02536,0.062736799,3916.1664,95.371127,34.693247
"cleat 20x20 mm 40 km/h",0.0676,0.75222222,-707.05603,0.087750017,3887.4135,95.716336,34.705168
"cleat 20x20 mm 40 km/h",0.0678,0.75444444,-691.65814,0.11627973,3861.0526,96.339163,34.717133
"cleat 20x20 mm 40 km/h",0.068,0.75666667,-673.95798,0.14757747,3836.9025,97.188978,34.729175
"cleat 20x20 mm 40 km/h",0.0682,0.75888889,-654.12158,0.18319428,3815.1909,98.201528,34.741324
"cleat 20x20 mm 40 km/h",0.0684,0.76111111,-632.24473,0.21907351,3796.504,99.285625,34.753599
"cleat 20x20 mm 40 km/h",0.0686,0.76333333,-608.53314,0.25434996,3781.8532,100.39285,34.76601
"cleat 20x20 mm 40 km/h",0.0688,0.76555556,-583.11788,0.28531218,3772.2167,101.46756,34.778559
"cleat 20x20 mm 40 km/h",0.069,0.76777778,-556.1994,0.31196064,3768.5247,102.47613,34.791242
"cleat 20x20 mm 40 km/h",0.0692,0.77,-528.00233,0.33330802,3771.2846,103.392,34.804052
"cleat 20x20 mm 40 km/h",0.0694,0.77222222,-498.77552,0.35612044,3780.4709,104.18327,34.816976
"cleat 20x20 mm 40 km/h",0.0696,0.77444444,-468.76323,0.38294292,3795.8153,104.79011,34.829999
"cleat 20x20 mm 40 km/h",0.0698,0.77666667,-438.2961,0.40566561,3816.2034,105.18872,34.843098
"cleat 20x20 mm 40 km/h",0.07,0.77888889,-407.72914,0.42941056,3840.0807,105.34252,34.856246
"cleat 20x20 mm 40 km/h",0.0702,0.78111111,-377.49168,0.45391521,3866.2205,105.20793,34.869414
"cleat 20x20 mm 40 km/h",0.0704,0.78333333,-348.08447,0.47880634,3893.7605,104.75329,34.882565
"cleat 20x20 mm 40 km/h",0.0706,0.78555556,-319.87039,0.50017873,3922.3805,103.90142,34.895659
"cleat 20x20 mm 40 km/h",0.0708,0.78777778,-293.23697,0.5171168,3952.119,102.63047,34.908647
"cleat 20x20 mm 40 km/h",0.071,0.79,-268.38799,0.52641977,3983.0198,100.91894,34.921476
"cleat 20x20 mm 40 km/h",0.0712,0.79222222,-245.40339,0.52608543,4014.9779,98.761496,34.93409
"cleat 20x20 mm 40 km/h",0.0714,0.79444444,-224.32078,0.51688558,4047.8308,96.164561,34.946436
"cleat 20x20 mm 40 km/h",0.0716,0.79666667,-205.12217,0.50518792,4081.2886,93.127955,34.958456
"cleat 20x20 mm 40 km/h",0.0718,0.79888889,-187.67368,0.49549805,4114.6696,89.642157,34.970097
"cleat 20x20 mm 40 km/h",0.072,0.80111111,-171.77501,0.47992883,4146.5478,85.714469,34.981303
"cleat 20x20 mm 40 km/h",0.0722,0.80333333,-157.23985,0.4640066,4175.2821,81.344959,34.992017
"cleat 20x20 mm 40 km/h",0.0724,0.80555556,-143.96824,0.44806046,4199.5089,76.548758,35.002185
"cleat 20x20 mm 40 km/h",0.0726,0.80777778,-131.92644,0.43408834,4218.4987,71.335672,35.011754
"cleat 20x20 mm 40 km/h",0.0728,0.81,-121.04161,0.42131629,4232.2496,65.684775,35.02067
"cleat 20x20 mm 40 km/h",0.073,0.81222222,-111.29951,0.40669993,4241.1459,59.624235,35.028881
"cleat 20x20 mm 40 km/h",0.0732,0.81444444,-102.59244,0.38706553,4245.7066,53.188603,35.036334
"cleat 20x20 mm 40 km/h",0.0734,0.81666667,-94.793576,0.35948741,4246.5189,46.435781,35.042983
"cleat 20x20 mm 40 km/h",0.0736,0.81888889,-87.755881,0.32569494,4244.1731,39.426988,35.048787
"cleat 20x20 mm 40 km/h",0.0738,0.82111111,-81.324824,0.29128713,4239.1229,32.225403,35.053716
"cleat 20x20 mm 40 km/h",0.074,0.82333333,-75.261591,0.25928079,4231.4521,24.88793,35.057744
"cleat 20x20 mm 40 km/h",0.0742,0.82555556,-69.251517,0.2246793,4220.6118,17.474051,35.060855
"cleat 20x20 mm 40 km/h",0.0744,0.82777778,-62.994884,0.19212912,4205.8499,10.030556,35.063039
"cleat 20x20 mm 40 km/h",0.0746,0.83,-56.310502,0.16557525,4186.641,2.6222119,35.064293
"cleat 20x20 mm 40 km/h",0.0748,0.83222222,-49.090817,0.14709328,4163.0461,-4.6987178,35.064621
"cleat 20x20 mm 40 km/h",0.075,0.83444444,-41.226544,0.13793115,4135.7572,-11.914898,35.064033
"cleat 20x20 mm 40 km/h",0.0752,0.83666667,-32.681402,0.13453272,4105.9512,-18.984495,35.062544
"cleat 20x20 mm 40 km/h",0.0754,0.83888889,-23.409815,0.13486296,4074.8864,-25.854786,35.060171
"cleat 20x20 mm 40 km/h",0.0756,0.84111111,-13.362683,0.13721674,4043.8457,-32.466898,35.056939
"cleat 20x20 mm 40 km/h",0.0758,0.84333333,-2.5056657,0.14143506,4014.0516,-38.770754,35.052881
"cleat 20x20 mm 40 km/h",0.076,0.84555556,9.1496361,0.15175188,3986.5012,-44.716467,35.048034
"cleat 20x20 mm 40 km/h",0.0762,0.84777778,21.610673,0.17818896,3961.7034,-50.255204,35.042445
"cleat 20x20 mm 40 km/h",0.0764,0.85,34.995938,0.21159181,3939.4154,-55.358152,35.036163
"cleat 20x20 mm 40 km/h",0.0766,0.85222222,49.397515,0.25002742,3919.0379,-60.015918,35.029243
"cleat 20x20 mm 40 km/h",0.0768,0.85444444,64.747196,0.29769301,3900.0362,-64.1937,35.021741
"cleat 20x20 mm 40 km/h",0.077,0.85666667,80.969073,0.3542056,3882.3375,-67.890066,35.013717
"cleat 20x20 mm 40 km/h",0.0772,0.85888889,97.965489,0.42087789,3866.3445,-71.131843,35.005231
"cleat 20x20 mm 40 km/h",0.0774,0.86111111,115.61168,0.49011561,3852.8225,-73.934826,34.996339
"cleat 20x20 mm 40 km/h",0.0776,0.86333333,133.82657,0.56282238,3842.5309,-76.303626,34.987097
"cleat 20x20 mm 40 km/h",0.0778,0.86555556,152.51037,0.63129946,3836.314,-78.238097,34.977559
"cleat 20x20 mm 40 km/h",0.078,0.86777778,171.57986,0.69483444,3834.8399,-79.743571,34.96778
"cleat 20x20 mm 40 km/h",0.0782,0.87,190.89054,0.75705806,3838.6574,-80.830666,34.957812
"cleat 20x20 mm 40 km/h",0.0784,0.87222222,210.3014,0.82332289,3847.584,-81.498256,34.947708
"cleat 20x20 mm 40 km/h",0.0786,0.87444444,229.78008,0.88817372,3860.8316,-81.779617,34.93752
"cleat 20x20 mm 40 km/h",0.0788,0.87666667,249.2575,0.94716862,3877.2307,-81.725315,34.927298
"cleat 20x20 mm 40 km/h",0.079,0.87888889,268.49009,1.0040468,3895.5569,-81.353695,34.917082
"cleat 20x20 mm 40 km/h",0.0792,0.88111111,287.24879,1.0584149,3915.0018,-80.715526,34.906913
"cleat 20x20 mm 40 km/h",0.0794,0.88333333,305.27068,1.1130459,3935.1678,-79.874845,34.896824
"cleat 20x20 mm 40 km/h",0.0796,0.88555556,322.29295,1.1625037,3956.0005,-78.878668,34.886839
"cleat 20x20 mm 40 km/h",0.0798,0.88777778,338.12936,1.2061372,3977.6407,-77.767681,34.876979
"cleat 20x20 mm 40 km/h",0.08,0.89,352.61906,1.2356147,4000.1723,-76.557474,34.867259
"cleat 20x20 mm 40 km/h",0.0802,0.89222222,365.65855,1.2552289,4023.8569,-75.278522,34.857689
"cleat 20x20 mm 40 km/h",0.0804,0.89444444,377.12551,1.2655623,4048.635,-73.939705,34.848279
"cleat 20x20 mm 40 km/h",0.0806,0.89666667,386.92632,1.2737733,4074.0385,-72.545556,34.839037
"cleat 20x20 mm 40 km/h",0.0808,0.89888889,395.09968,1.2755005,4099.3582,-71.141217,34.829968
"cleat 20x20 mm 40 km/h",0.081,0.90111111,401.74221,1.2688503,4123.272,-69.779758,34.821076
"cleat 20x20 mm 40 km/h",0.0812,0.90333333,406.81854,1.2552567,4144.2927,-68.475945,34.812353
"cleat 20x20 mm 40 km/h",0.0814,0.90555556,410.33165,1.2373789,4161.5136,-67.27738,34.803794
"cleat 20x20 mm 40 km/h",0.0816,0.90777778,412.25599,1.217544,4174.5289,-66.235401,34.795384
"cleat 20x20 mm 40 km/h",0.0818,0.91,412.53895,1.1920226,4183.4018,-65.374078,34.787105
"cleat 20x20 mm 40 km/h",0.082,0.91222222,411.2379,1.1578805,4188.6138,-64.72219,34.778933
"cleat 20x20 mm 40 km/h",0.0822,0.91444444,408.41352,1.1136351,4190.8243,-64.278708,34.770843
"cleat 20x20 mm 40 km/h",0.0824,0.91666667,404.23424,1.0592233,4190.6228,-64.045665,34.762808
"cleat 20x20 mm 40 km/h",0.0826,0.91888889,398.82444,0.99881492,4188.3426,-63.993992,34.754802
"cleat 20x20 mm 40 km/h",0.0828,0.92111111,392.2529,0.94088332,4184.3643,-64.096802,34.746803
"cleat 20x20 mm 40 km/h",0.083,0.92333333,384.70054,0.8821449,4178.8009,-64.356892,34.738791
"cleat 20x20 mm 40 km/h",0.0832,0.92555556,376.4812,0.82174687,4170.9774,-64.7951,34.730746
"cleat 20x20 mm 40 km/h",0.0834,0.92777778,367.70664,0.76248517,4159.967,-65.377723,34.722647
"cleat 20x20 mm 40 km/h",0.0836,0.93,358.49147,0.70374944,4145.2101,-66.091629,34.714475
"cleat 20x20 mm 40 km/h",0.0838,0.93222222,348.92342,0.64870027,4126.7213,-66.943402,34.706213
"cleat 20x20 mm 40 km/h",0.084,0.93444444,338.93949,0.59840139,4105.2068,-67.905275,34.697845
"cleat 20x20 mm 40 km/h",0.0842,0.93666667,328.58112,0.54823673,4081.7768,-68.959776,34.689357
"cleat 20x20 mm 40 km/h",0.0844,0.93888889,317.9043,0.49904727,4057.4868,-70.062492,34.680737
"cleat 20x20 mm 40 km/h",0.0846,0.94111111,307.0134,0.44954544,4033.4601,-71.171077,34.671979
"cleat 20x20 mm 40 km/h",0.0848,0.94333333,295.96349,0.40079638,4010.651,-72.223523,34.663083
"cleat 20x20 mm 40 km/h",0.085,0.94555556,284.76256,0.35831017,3989.8246,-73.157072,34.654055
"cleat 20x20 mm 40 km/h",0.0852,0.94777778,273.46937,0.32278211,3971.3187,-73.92312,34.64491
"cleat 20x20 mm 40 km/h",0.0854,0.95,262.31356,0.28974452,3954.7992,-74.515393,34.63567
"cleat 20x20 mm 40 km/h",0.0856,0.95222222,251.37614,0.26287173,3939.6762,-74.909389,34.626355
"cleat 20x20 mm 40 km/h",0.0858,0.95444444,240.59909,0.24441519,3925.338,-75.054977,34.616992
"cleat 20x20 mm 40 km/h",0.086,0.95666667,229.9889,0.2356941,3911.7466,-74.958637,34.60761
"cleat 20x20 mm 40 km/h",0.0862,0.95888889,219.45126,0.23976555,3899.2466,-74.617167,34.59824
"cleat 20x20 mm 40 km/h",0.0864,0.96111111,208.88647,0.24856802,3888.5396,-74.011344,34.588913
"cleat 20x20 mm 40 km/h",0.0866,0.96333333,198.29144,0.26440996,3880.4418,-73.128211,34.579661
"cleat 20x20 mm 40 km/h",0.0868,0.96555556,187.66097,0.2770305,3875.6532,-71.934359,34.57052
"cleat 20x20 mm 40 km/h",0.087,0.96777778,177.04309,0.28953054,3874.8374,-70.412054,34.561529
"cleat 20x20 mm 40 km/h",0.0872,0.97,166.42214,0.30383072,3878.3628,-68.528835,34.552727
"cleat 20x20 mm 40 km/h",0.0874,0.97222222,155.78067,0.32749943,3886.0341,-66.252704,34.544161
"cleat 20x20 mm 40 km/h",0.0876,0.97444444,145.19759,0.35740814,3897.3963,-63.599815,34.535879
"cleat 20x20 mm 40 km/h",0.0878,0.97666667,134.80927,0.39119699,3911.3754,-60.61017,34.527929
"cleat 20x20 mm 40 km/h",0.088,0.97888889,124.57164,0.43007735,3926.5916,-57.28604,34.520353
"cleat 20x20 mm 40 km/h",0.0882,0.98111111,114.41547,0.4724549,3942.1421,-53.652021,34.513192
"cleat 20x20 mm 40 km/h",0.0884,0.98333333,104.31365,0.5179615,3957.5757,-49.767129,34.506486
"cleat 20x20 mm 40 km/h",0.0886,0.98555556,94.155777,0.56371853,3973.0268,-45.670641,34.500265
"cleat 20x20 mm 40 km/h",0.0888,0.98777778,83.937991,0.60272111,3988.9009,-41.403337,34.494556
"cleat 20x20 mm 40 km/h",0.089,0.99,73.727767,0.63683019,4005.4207,-36.987942,34.489381
"cleat 20x20 mm 40 km/h",0.0892,0.99222222,63.633763,0.66324755,4022.893,-32.451393,34.484757
"cleat 20x20 mm 40 km/h",0.0894,0.99444444,53.739075,0.68209971,4041.4372,-27.809759,34.480701
"cleat 20x20 mm 40 km/h",0.0896,0.99666667,44.068918,0.70107195,4060.9765,-23.077753,34.477225
"cleat 20x20 mm 40 km/h",0.0898,0.99888889,34.692189,0.72170525,4081.0346,-18.287964,34.47434
"cleat 20x20 mm 40 km/h",0.09,1.0011111,25.80331,0.7383604,4100.4022,-13.50226,34.472054
"cleat 20x20 mm 40 km/h",0.0902,1.0033333,17.457609,0.75136033,4117.6611,-8.7689317,34.470366
"cleat 20x20 mm 40 km/h",0.0904,1.0055556,9.5208962,0.76091002,4131.5834,-4.0998387,34.46927
"cleat 20x20 mm 40 km/h",0.0906,1.0077778,1.8959826,0.76491149,4141.6595,0.44478616,34.468758
"cleat 20x20 mm 40 km/h",0.0908,1.01,-5.5740619,0.76627092,4147.9726,4.8049504,34.468813
"cleat 20x20 mm 40 km/h",0.091,1.0122222,-13.055558,0.76191771,4150.973,8.9535916,34.469414
"cleat 20x20 mm 40 km/h",0.0912,1.0144444,-20.620062,0.75512288,4151.3477,12.868506,34.470533
"cleat 20x20 mm 40 km/h",0.0914,1.0166667,-28.3118,0.74030598,4149.8088,16.548664,34.472142
"cleat 20x20 mm 40 km/h",0.0916,1.0188889,-36.128328,0.71606679,4146.9889,19.989856,34.47421
"cleat 20x20 mm 40 km/h",0.0918,1.0211111,-44.09446,0.68647956,4143.3164,23.202239,34.476709
"cleat 20x20 mm 40 km/h",0.092,1.0233333,-52.198109,0.65778386,4138.6914,26.201176,34.479609
"cleat 20x20 mm 40 km/h",0.0922,1.0255556,-60.364572,0.62762857,4132.9227,28.965885,34.482884
"cleat 20x20 mm 40 km/h",0.0924,1.0277778,-68.52569,0.59446069,4125.2705,31.475652,34.486505
"cleat 20x20 mm 40 km/h",0.0926,1.03,-76.743213,0.5611976,4114.8598,33.741281,34.490439
"cleat 20x20 mm 40 km/h",0.0928,1.0322222,-85.128876,0.52957149,4101.3849,35.761963,34.494657
"cleat 20x20 mm 40 km/h",0.093,1.0344444,-93.767765,0.50043872,4085.0109,37.51085,34.499127
"cleat 20x20 mm 40 km/h",0.0932,1.0366667,-102.78015,0.47010901,4066.4792,38.975705,34.503816
"cleat 20x20 mm 40 km/h",0.0934,1.0388889,-112.23065,0.43634374,4046.8079,40.16634,34.508688
"cleat 20x20 mm 40 km/h",0.0936,1.0411111,-122.1157,0.40068518,4027.1408,41.100001,34.513709
"cleat 20x20 mm 40 km/h",0.0938,1.0433333,-132.38226,0.35734659,4008.41,41.815155,34.518847
"cleat 20x20 mm 40 km/h",0.094,1.0455556,-142.9385,0.31298241,3991.4497,42.342051,34.524073
"cleat 20x20 mm 40 km/h",0.0942,1.0477778,-153.75451,0.27619899,3976.9193,42.719743,34.529366
"cleat 20x20 mm 40 km/h",0.0944,1.05,-164.72776,0.24510291,3965.0196,42.973433,34.534706
"cleat 20x20 mm 40 km/h",0.0946,1.0522222,-175.65101,0.21703473,3955.1239,43.115147,34.540078
"cleat 20x20 mm 40 km/h",0.0948,1.0544444,-186.37337,0.19430699,3946.2566,43.15407,34.545467
"cleat 20x20 mm 40 km/h",0.095,1.0566667,-196.92662,0.17812866,3937.7124,43.12951,34.550861
"cleat 20x20 mm 40 km/h",0.0952,1.0588889,-207.33348,0.17018348,3929.3194,43.049683,34.556253
"cleat 20x20 mm 40 km/h",0.0954,1.0611111,-217.60472,0.17124479,3921.4895,42.895808,34.561634
"cleat 20x20 mm 40 km/h",0.0956,1.0633333,-227.77297,0.17723645,3914.9752,42.679955,34.566996
"cleat 20x20 mm 40 km/h",0.0958,1.0655556,-237.78732,0.18586755,3910.5894,42.423559,34.572331
"cleat 20x20 mm 40 km/h",0.096,1.0677778,-247.53993,0.19370562,3909.0644,42.157947,34.577634
"cleat 20x20 mm 40 km/h",0.0962,1.07,-256.87814,0.19898347,3910.9941,41.905461,34.582904
"cleat 20x20 mm 40 km/h",0.0964,1.0722222,-265.68713,0.20784442,3916.6909,41.698513,34.588142
"cleat 20x20 mm 40 km/h",0.0966,1.0744444,-273.79448,0.22755753,3925.8714,41.563913,34.593354
"cleat 20x20 mm 40 km/h",0.0968,1.0766667,-280.97268,0.25257223,3937.7115,41.510992,34.59855
"cleat 20x20 mm 40 km/h",0.097,1.0788889,-287.03212,0.28267071,3951.0533,41.529693,34.603738
"cleat 20x20 mm 40 km/h",0.0972,1.0811111,-291.93284,0.31911249,3964.6872,41.630351,34.60893
"cleat 20x20 mm 40 km/h",0.0974,1.0833333,-295.7453,0.3617102,3977.9422,41.819645,34.614133
"cleat 20x20 mm 40 km/h",0.0976,1.0855556,-298.51368,0.40943203,3990.6062,42.063486,34.619361
"cleat 20x20 mm 40 km/h",0.0978,1.0877778,-300.31573,0.46000028,4002.8615,42.341258,34.624619
"cleat 20x20 mm 40 km/h",0.098,1.09,-301.23384,0.51443391,4015.0774,42.65556,34.629911
"cleat 20x20 mm 40 km/h",0.0982,1.0922222,-301.27498,0.5622425,4027.5631,43.011555,34.635243
"cleat 20x20 mm 40 km/h",0.0984,1.0944444,-300.44323,0.60617977,4040.706,43.417818,34.64062
"cleat 20x20 mm 40 km/h",0.0986,1.0966667,-298.77682,0.64445311,4054.6853,43.892793,34.646047
"cleat 20x20 mm 40 km/h",0.0988,1.0988889,-296.30357,0.68326654,4069.2703,44.448925,34.651534
"cleat 20x20 mm 40 km/h",0.099,1.1011111,-293.01533,0.72580932,4084.0868,45.072685,34.65709
"cleat 20x20 mm 40 km/h",0.0992,1.1033333,-288.86649,0.76525444,4098.0208,45.749545,34.662724
"cleat 20x20 mm 40 km/h",0.0994,1.1055556,-283.87354,0.80610848,4109.6992,46.464679,34.668443
"cleat 20x20 mm 40 km/h",0.0996,1.1077778,-278.17456,0.8457156,4118.1647,47.213836,34.674251
"cleat 20x20 mm 40 km/h",0.0998,1.11,-271.92773,0.88571063,4123.062,47.966124,34.680152
"cleat 20x20 mm 40 km/h",0.1,1.1122222,-265.28556,0.92300509,4124.7723,48.671118,34.686148
"cleat 20x20 mm 80 km/h",-0.0225,-0.49777778,-57.81799,0.23704817,4256.9515,0.49141681,69.349225
"cleat 20x20 mm 80 km/h",-0.0223,-0.49333333,-58.08921,0.24995274,4258.5207,0.49009365,69.349286
"cleat 20x20 mm 80 km/h",-0.0221,-0.48888889,-58.261225,0.26135898,4258.8768,0.52383133,69.349347
"cleat 20x20 mm 80 km/h",-0.0219,-0.48444444,-58.297262,0.27768667,4257.5314,0.55045473,69.349413
"cleat 20x20 mm 80 km/h",-0.0217,-0.48,-58.278487,0.30365803,4255.9343,0.52460636,69.349482
"cleat 20x20 mm 80 km/h",-0.0215,-0.47555556,-58.321525,0.31883068,4255.9147,0.45179349,69.349547
"cleat 20x20 mm 80 km/h",-0.0213,-0.47111111,-58.499461,0.33852886,4257.6368,0.39805441,69.349604
"cleat 20x20 mm 80 km/h",-0.0211,-0.46666667,-58.611959,0.35238779,4259.3731,0.36763358,69.349653
"cleat 20x20 mm 80 km/h",-0.0209,-0.46222222,-58.593876,0.36785238,4259.5907,0.35828122,69.349699
"cleat 20x20 mm 80 km/h",-0.0207,-0.45777778,-58.449724,0.38560689,4258.1532,0.32952366,69.349744
"cleat 20x20 mm 80 km/h",-0.0205,-0.45333333,-58.346894,0.39634506,4257.1085,0.25050447,69.349785
"cleat 20x20 mm 80 km/h",-0.0203,-0.44888889,-58.44825,0.40945563,4257.7935,0.15468998,69.349817
"cleat 20x20 mm 80 km/h",-0.0201,-0.44444444,-58.673738,0.43109334,4259.5454,0.098269999,69.349836
"cleat 20x20 mm 80 km/h",-0.0199,-0.44,-58.821759,0.45839205,4260.427,0.088667683,69.349848
"cleat 20x20 mm 80 km/h",-0.0197,-0.43555556,-58.880876,0.49126452,4259.4284,0.10449824,69.349859
"cleat 20x20 mm 80 km/h",-0.0195,-0.43111111,-58.916092,0.51814149,4257.4979,0.10176491,69.349872
"cleat 20x20 mm 80 km/h",-0.0193,-0.42666667,-59.054242,0.54030516,4256.4784,0.068709913,69.349885
"cleat 20x20 mm 80 km/h",-0.0191,-0.42222222,-59.356735,0.55915032,4257.3688,0.034244845,69.349894
"cleat 20x20 mm 80 km/h",-0.0189,-0.41777778,-59.697525,0.57987451,4258.9218,0.042425465,69.349898
"cleat 20x20 mm 80 km/h",-0.0187,-0.41333333,-59.904956,0.59800084,4259.2268,0.092325983,69.349903
"cleat 20x20 mm 80 km/h",-0.0185,-0.40888889,-59.938693,0.61842471,4257.8183,0.14157079,69.349915
"cleat 20x20 mm 80 km/h",-0.0183,-0.40444444,-59.875731,0.64429524,4256.185,0.14520978,69.349933
"cleat 20x20 mm 80 km/h",-0.0181,-0.4,-59.832658,0.65719707,4256.1336,0.10710319,69.349951
"cleat 20x20 mm 80 km/h",-0.0179,-0.39555556,-59.904095,0.67227201,4257.9204,0.089183948,69.349964
"cleat 20x20 mm 80 km/h",-0.0177,-0.39111111,-59.886063,0.67863521,4259.7057,0.099144347,69.349975
"cleat 20x20 mm 80 km/h",-0.0175,-0.38666667,-59.703187,0.68385192,4259.8503,0.13380129,69.349988
"cleat 20x20 mm 80 km/h",-0.0173,-0.38222222,-59.379935,0.6920073,4258.3214,0.15130985,69.350004
"cleat 20x20 mm 80 km/h",-0.0171,-0.37777778,-59.080913,0.6921767,4257.0894,0.12130826,69.350023
"cleat 20x20 mm 80 km/h",-0.0169,-0.37333333,-58.980663,0.6947631,4257.5532,0.074450802,69.350038
"cleat 20x20 mm 80 km/h",-0.0167,-0.36888889,-59.011705,0.70982309,4259.1249,0.066414059,69.350048
"cleat 20x20 mm 80 km/h",-0.0165,-0.36444444,-58.972118,0.73032055,4259.8906,0.10398328,69.350056
"cleat 20x20 mm 80 km/h",-0.0163,-0.36,-58.846328,0.75745987,4258.8434,0.16543188,69.350069
"cleat 20x20 mm 80 km/h",-0.0161,-0.35555556,-58.694367,0.77868643,4256.9335,0.20642236,69.35009
"cleat 20x20 mm 80 km/h",-0.0159,-0.35111111,-58.654914,0.79544826,4256.121,0.21027649,69.350116
"cleat 20x20 mm 80 km/h",-0.0157,-0.34666667,-58.776807,0.81020059,4257.2219,0.2134191,69.350142
"cleat 20x20 mm 80 km/h",-0.0155,-0.34222222,-58.917302,0.82634866,4258.8923,0.25610587,69.350169
"cleat 20x20 mm 80 km/h",-0.0153,-0.33777778,-58.917261,0.83777057,4259.2437,0.33699818,69.350201
"cleat 20x20 mm 80 km/h",-0.0151,-0.33333333,-58.751655,0.84962502,4257.8299,0.41146234,69.350243
"cleat 20x20 mm 80 km/h",-0.0149,-0.32888889,-58.514045,0.86562112,4256.1736,0.43468782,69.350294
"cleat 20x20 mm 80 km/h",-0.0147,-0.32444444,-58.329877,0.86800921,4256.0935,0.41071772,69.350348
"cleat 20x20 mm 80 km/h",-0.0145,-0.32,-58.29888,0.87131017,4257.8367,0.40208304,69.3504
"cleat 20x20 mm 80 km/h",-0.0143,-0.31555556,-58.225582,0.86487173,4259.6578,0.41381514,69.35045
"cleat 20x20 mm 80 km/h",-0.0141,-0.31111111,-58.018032,0.85646021,4259.7968,0.44586833,69.350502
"cleat 20x20 mm 80 km/h",-0.0139,-0.30666667,-57.686464,0.8504136,4258.2167,0.45536354,69.350557
"cleat 20x20 mm 80 km/h",-0.0137,-0.30222222,-57.397071,0.83451519,4256.9727,0.41190074,69.350614
"cleat 20x20 mm 80 km/h",-0.0135,-0.29777778,-57.319147,0.82049094,4257.4705,0.34779662,69.350666
"cleat 20x20 mm 80 km/h",-0.0133,-0.29333333,-57.372074,0.81647322,4259.1658,0.31470581,69.350709
"cleat 20x20 mm 80 km/h",-0.0131,-0.28888889,-57.344926,0.81510359,4260.0113,0.32201525,69.350749
"cleat 20x20 mm 80 km/h",-0.0129,-0.28444444,-57.224997,0.82024809,4258.9889,0.3480871,69.350789
"cleat 20x20 mm 80 km/h",-0.0127,-0.28,-57.086414,0.82202701,4257.0953,0.35010583,69.350832
"cleat 20x20 mm 80 km/h",-0.0125,-0.27555556,-57.06342,0.82025307,4256.2637,0.31081645,69.350876
"cleat 20x20 mm 80 km/h",-0.0123,-0.27111111,-57.207091,0.81824379,4257.2875,0.26596304,69.350915
"cleat 20x20 mm 80 km/h",-0.0121,-0.26666667,-57.386989,0.81823887,4258.8902,0.25455788,69.350948
"cleat 20x20 mm 80 km/h",-0.0119,-0.26222222,-57.452281,0.81775259,4259.2629,0.27419437,69.35098
"cleat 20x20 mm 80 km/h",-0.0117,-0.25777778,-57.376399,0.8211827,4257.8612,0.28750587,69.351014
"cleat 20x20 mm 80 km/h",-0.0115,-0.25333333,-57.251289,0.83094902,4256.1896,0.25325495,69.35105
"cleat 20x20 mm 80 km/h",-0.0113,-0.24888889,-57.198316,0.82983737,4256.0813,0.17653801,69.351082
"cleat 20x20 mm 80 km/h",-0.0111,-0.24444444,-57.313025,0.83102556,4257.7853,0.12107767,69.351104
"cleat 20x20 mm 80 km/h",-0.0109,-0.24,-57.391809,0.82403451,4259.5766,0.093556074,69.351119
"cleat 20x20 mm 80 km/h",-0.0107,-0.23555556,-57.335896,0.81655099,4259.6937,0.09305713,69.351131
"cleat 20x20 mm 80 km/h",-0.0105,-0.23111111,-57.158318,0.81290977,4258.0771,0.075183577,69.351143
"cleat 20x20 mm 80 km/h",-0.0103,-0.22666667,-57.035166,0.7978194,4256.861,0.0070266802,69.351152
"cleat 20x20 mm 80 km/h",-0.0101,-0.22222222,-57.12365,0.78307193,4257.3399,-0.074630341,69.351153
"cleat 20x20 mm 80 km/h",-0.0099,-0.21777778,-57.335167,0.77725179,4258.9564,-0.1229557,69.351144
"cleat 20x20 mm 80 km/h",-0.0097,-0.21333333,-57.463411,0.77378953,4259.7018,-0.12972051,69.351128
"cleat 20x20 mm 80 km/h",-0.0095,-0.20888889,-57.491703,0.77680523,4258.5925,-0.11651813,69.351112
"cleat 20x20 mm 80 km/h",-0.0093,-0.20444444,-57.482842,0.77707162,4256.6527,-0.12593679,69.351097
"cleat 20x20 mm 80 km/h",-0.0091,-0.2,-57.57297,0.77489284,4255.9474,-0.17908243,69.351082
"cleat 20x20 mm 80 km/h",-0.0089,-0.19555556,-57.787241,0.77463378,4257.0965,-0.23201906,69.351059
"cleat 20x20 mm 80 km/h",-0.0087,-0.19111111,-57.968329,0.77638425,4258.7599,-0.24908914,69.35103
"cleat 20x20 mm 80 km/h",-0.0085,-0.18666667,-57.966896,0.77718215,4259.1128,-0.23219992,69.350999
"cleat 20x20 mm 80 km/h",-0.0083,-0.18222222,-57.762815,0.77975621,4257.6428,-0.21934305,69.35097
"cleat 20x20 mm 80 km/h",-0.0081,-0.17777778,-57.458429,0.78644816,4255.9065,-0.25196958,69.350943
"cleat 20x20 mm 80 km/h",-0.0079,-0.17333333,-57.195857,0.78566503,4255.7738,-0.32117751,69.350911
"cleat 20x20 mm 80 km/h",-0.0077,-0.16888889,-57.082143,0.78715508,4257.4601,-0.36496335,69.350871
"cleat 20x20 mm 80 km/h",-0.0075,-0.16444444,-56.930364,0.78144091,4259.2201,-0.37667669,69.350825
"cleat 20x20 mm 80 km/h",-0.0073,-0.16,-56.656464,0.77641192,4259.3054,-0.35666858,69.350778
"cleat 20x20 mm 80 km/h",-0.0071,-0.15555556,-56.280793,0.7767024,4257.6667,-0.35085582,69.350734
"cleat 20x20 mm 80 km/h",-0.0069,-0.15111111,-56.482605,0.76700125,4258.397,-0.51505556,69.35069
"cleat 20x20 mm 80 km/h",-0.0067,-0.14666667,-59.186992,0.75273964,4269.4522,-1.177647,69.350625
"cleat 20x20 mm 80 km/h",-0.0065,-0.14222222,-66.815261,0.72854982,4300.5847,-2.7799872,69.350478
"cleat 20x20 mm 80 km/h",-0.0063,-0.13777778,-82.119505,0.70680532,4365.9148,-6.1654671,69.350131
"cleat 20x20 mm 80 km/h",-0.0061,-0.13333333,-105.91859,0.71486812,4475.1203,-11.733188,69.34936
"cleat 20x20 mm 80 km/h",-0.0059,-0.12888889,-134.79932,0.73328207,4629.0028,-19.562285,69.347893
"cleat 20x20 mm 80 km/h",-0.0057,-0.12444444,-162.91242,0.7272672,4820.5158,-29.446939,69.345448
"cleat 20x20 mm 80 km/h",-0.0055,-0.12,-184.78133,0.6629689,5041.4125,-41.267902,69.341767
"cleat 20x20 mm 80 km/h",-0.0053,-0.11555556,-194.86228,0.5391419,5278.6515,-54.88176,69.336609
"cleat 20x20 mm 80 km/h",-0.0051,-0.11111111,-187.55148,0.37017431,5516.6934,-70.359456,69.329749
"cleat 20x20 mm 80 km/h",-0.0049,-0.10666667,-159.31993,0.18919134,5740.6284,-87.689018,69.320954
"cleat 20x20 mm 80 km/h",-0.0047,-0.10222222,-110.29361,0.032386711,5941.8554,-106.758,69.309993
"cleat 20x20 mm 80 km/h",-0.0045,-0.097777778,-44.292349,-0.10016132,6121.9704,-127.48624,69.296648
"cleat 20x20 mm 80 km/h",-0.0043,-0.093333333,32.770209,-0.19804648,6286.1917,-149.47407,69.280712
"cleat 20x20 mm 80 km/h",-0.0041,-0.088888889,114.57131,-0.28822867,6440.9583,-172.2062,69.262028
"cleat 20x20 mm 80 km/h",-0.0039,-0.084444444,194.84173,-0.37994698,6596.2957,-195.23212,69.240502
"cleat 20x20 mm 80 km/h",-0.0037,-0.08,268.47575,-0.45551749,6760.9798,-217.96347,69.216098
"cleat 20x20 mm 80 km/h",-0.0035,-0.075555556,331.81651,-0.52921723,6942.75,-239.82871,69.188853
"cleat 20x20 mm 80 km/h",-0.0033,-0.071111111,382.4983,-0.60846275,7142.7154,-260.14728,69.158874
"cleat 20x20 mm 80 km/h",-0.0031,-0.066666667,418.87327,-0.67932624,7357.5263,-278.29819,69.126356
"cleat 20x20 mm 80 km/h",-0.0029,-0.062222222,439.57147,-0.73205158,7578.0994,-293.63194,69.091568
"cleat 20x20 mm 80 km/h",-0.0027,-0.057777778,443.22248,-0.74939263,7793.5452,-305.62163,69.054864
"cleat 20x20 mm 80 km/h",-0.0025,-0.053333333,428.57901,-0.73451586,7991.1466,-313.80382,69.016662
"cleat 20x20 mm 80 km/h",-0.0023,-0.048888889,394.56422,-0.69480419,8158.1508,-317.79964,68.977436
"cleat 20x20 mm 80 km/h",-0.0021,-0.044444444,340.63994,-0.63177617,8285.3434,-317.51949,68.937711
"cleat 20x20 mm 80 km/h",-0.0019,-0.04,267.02543,-0.57286521,8366.4564,-312.9788,68.898021
"cleat 20x20 mm 80 km/h",-0.0017,-0.035555556,175.05332,-0.54082274,8399.4909,-304.261,68.858899
"cleat 20x20 mm 80 km/h",-0.0015,-0.031111111,67.921396,-0.5444278,8388.2533,-291.71876,68.820866
"cleat 20x20 mm 80 km/h",-0.0013,-0.026666667,-49.708488,-0.58263227,8341.9873,-275.7561,68.784401
"cleat 20x20 mm 80 km/h",-0.0011,-0.022222222,-172.26713,-0.6749775,8272.0977,-256.64754,68.749932
"cleat 20x20 mm 80 km/h",-0.0009,-0.017777778,-294.10436,-0.82962652,8190.9397,-234.3697,68.717851
"cleat 20x20 mm 80 km/h",-0.0007,-0.013333333,-409.84337,-1.0317757,8110.0507,-208.83539,68.688555
"cleat 20x20 mm 80 km/h",-0.0005,-0.0088888889,-515.44555,-1.2393895,8033.7282,-179.95548,68.66245
"cleat 20x20 mm 80 km/h",-0.0003,-0.0044444444,-609.41604,-1.4097102,7959.2736,-147.61061,68.639956
"cleat 20x20 mm 80 km/h",-0.0001,-5.0433616e-14,-693.36388,-1.5225227,7877.4516,-111.66729,68.621504
"cleat 20x20 mm 80 km/h",0.0001,0.0044444444,-771.9564,-1.5574375,7775.2815,-72.063241,68.607546
"cleat 20x20 mm 80 km/h",0.0003,0.0088888889,-852.22637,-1.5054029,7640.1739,-28.821144,68.598538
"cleat 20x20 mm 80 km/h",0.0005,0.013333333,-942.11647,-1.3714682,7461.6967,17.920958,68.594936
"cleat 20x20 mm 80 km/h",0.0007,0.017777778,-1048.7459,-1.1717854,7235.4276,67.929551,68.597176
"cleat 20x20 mm 80 km/h",0.0009,0.022222222,-1176.6155,-0.95496464,6963.6892,120.87368,68.605667
"cleat 20x20 mm 80 km/h",0.0011,0.026666667,-1327.3954,-0.77063557,6666.3754,176.10559,68.620776
"cleat 20x20 mm 80 km/h",0.0013,0.031111111,-1498.9466,-0.63098147,6368.3559,233.28817,68.642789
"cleat 20x20 mm 80 km/h",0.0015,0.035555556,-1684.1676,-0.49488471,6086.5325,292.21842,68.67195
"cleat 20x20 mm 80 km/h",0.0017,0.04,-1872.9766,-0.31985671,5837.2922,352.32818,68.708478
"cleat 20x20 mm 80 km/h",0.0019,0.044444444,-2054.647,-0.069628607,5635.9944,412.97224,68.752519
"cleat 20x20 mm 80 km/h",0.0021,0.048888889,-2219.1701,0.2710579,5490.9231,473.61793,68.80414
"cleat 20x20 mm 80 km/h",0.0023,0.053333333,-2358.4411,0.69397781,5400.194,533.64783,68.863342
"cleat 20x20 mm 80 km/h",0.0025,0.057777778,-2467.4058,1.203589,5353.1721,591.97368,68.930048
"cleat 20x20 mm 80 km/h",0.0027,0.062222222,-2545.8861,1.8168893,5341.6963,647.69761,69.004045
"cleat 20x20 mm 80 km/h",0.0029,0.066666667,-2597.5232,2.5410233,5357.9708,699.9142,69.085007
"cleat 20x20 mm 80 km/h",0.0031,0.071111111,-2627.8164,3.3862602,5394.7826,747.65333,69.172497
"cleat 20x20 mm 80 km/h",0.0033,0.075555556,-2642.3131,4.3089882,5446.3768,789.97488,69.265953
"cleat 20x20 mm 80 km/h",0.0035,0.08,-2645.1056,5.2773066,5508.9131,826.05766,69.3647
"cleat 20x20 mm 80 km/h",0.0037,0.084444444,-2637.6088,6.2895977,5580.5418,855.22188,69.467957
"cleat 20x20 mm 80 km/h",0.0039,0.088888889,-2618.0394,7.342414,5660.8525,876.96388,69.57486
"cleat 20x20 mm 80 km/h",0.0041,0.093333333,-2581.5509,8.4095898,5750.1084,890.92402,69.68448
"cleat 20x20 mm 80 km/h",0.0043,0.097777778,-2521.2875,9.4497088,5848.2333,896.89956,69.795846
"cleat 20x20 mm 80 km/h",0.0045,0.10222222,-2429.6894,10.392409,5953.356,894.77357,69.907958
"cleat 20x20 mm 80 km/h",0.0047,0.10666667,-2299.5713,11.153057,6060.6736,884.21123,70.019805
"cleat 20x20 mm 80 km/h",0.0049,0.11111111,-2126.0451,11.676319,6163.3287,865.01991,70.130332
"cleat 20x20 mm 80 km/h",0.0051,0.11555556,-1907.7727,11.974283,6253.7185,837.30037,70.238459
"cleat 20x20 mm 80 km/h",0.0053,0.12,-1646.3829,12.102489,6324.4598,801.14122,70.343122
"cleat 20x20 mm 80 km/h",0.0055,0.12444444,-1347.2633,12.120398,6366.5579,756.40202,70.443264
"cleat 20x20 mm 80 km/h",0.0057,0.12888889,-1019.6105,12.081862,6374.1963,703.23519,70.537814
"cleat 20x20 mm 80 km/h",0.0059,0.13333333,-673.52004,12.047319,6345.0041,641.65714,70.625719
"cleat 20x20 mm 80 km/h",0.0061,0.13777778,-319.28362,12.003718,6278.6585,572.0953,70.705926
"cleat 20x20 mm 80 km/h",0.0063,0.14222222,34.109246,11.89958,6174.882,495.24571,70.777438
"cleat 20x20 mm 80 km/h",0.0065,0.14666667,379.94617,11.648495,6036.5763,412.03266,70.839344
"cleat 20x20 mm 80 km/h",0.0067,0.15111111,711.44397,11.205419,5869.9237,324.23729,70.890848
"cleat 20x20 mm 80 km/h",0.0069,0.15555556,1022.7941,10.574172,5679.5747,233.79448,70.931377
"cleat 20x20 mm 80 km/h",0.0071,0.16,1308.6323,9.8008486,5466.9518,142.7112,70.960602
"cleat 20x20 mm 80 km/h",0.0073,0.16444444,1563.1501,8.9768908,5230.6805,52.97018,70.978441
"cleat 20x20 mm 80 km/h",0.0075,0.16888889,1779.3409,8.2077897,4970.5888,-33.595337,70.985062
"cleat 20x20 mm 80 km/h",0.0077,0.17333333,1949.1424,7.5746912,4690.2111,-115.42288,70.980862
"cleat 20x20 mm 80 km/h",0.0079,0.17777778,2064.4748,7.1177594,4395.4481,-191.2107,70.966435
"cleat 20x20 mm 80 km/h",0.0081,0.18222222,2118.1701,6.8269697,4093.5833,-259.90742,70.942533
"cleat 20x20 mm 80 km/h",0.0083,0.18666667,2104.6844,6.6604556,3793.1289,-320.66386,70.910045
"cleat 20x20 mm 80 km/h",0.0085,0.19111111,2020.9132,6.5635103,3504.5143,-372.91874,70.869962
"cleat 20x20 mm 80 km/h",0.0087,0.19555556,1867.0374,6.4635829,3239.1639,-416.40126,70.823347
"cleat 20x20 mm 80 km/h",0.0089,0.2,1647.2092,6.3283263,3007.7566,-451.09388,70.771297
"cleat 20x20 mm 80 km/h",0.0091,0.20444444,1369.9448,6.1360369,2817.9951,-477.22658,70.71491
"cleat 20x20 mm 80 km/h",0.0093,0.20888889,1047.2203,5.8773608,2674.2882,-495.12002,70.655257
"cleat 20x20 mm 80 km/h",0.0095,0.21333333,693.14372,5.5684933,2577.4385,-505.18119,70.593367
"cleat 20x20 mm 80 km/h",0.0097,0.21777778,322.80353,5.2463248,2525.2337,-508.01181,70.530219
"cleat 20x20 mm 80 km/h",0.0099,0.22222222,-48.948056,4.9401711,2513.1801,-504.34764,70.466718
"cleat 20x20 mm 80 km/h",0.0101,0.22666667,-408.25996,4.6714547,2535.9686,-495.01583,70.403674
"cleat 20x20 mm 80 km/h",0.0103,0.23111111,-742.97036,4.4372793,2588.3957,-480.78429,70.341797
"cleat 20x20 mm 80 km/h",0.0105,0.23555556,-1043.0962,4.2326421,2664.9006,-462.39572,70.281699
"cleat 20x20 mm 80 km/h",0.0107,0.24,-1301.0443,4.0469091,2760.3549,-440.66297,70.2239
"cleat 20x20 mm 80 km/h",0.0109,0.24444444,-1511.3041,3.8582428,2872.0858,-416.42272,70.168817
"cleat 20x20 mm 80 km/h",0.0111,0.24888889,-1669.9788,3.6285044,3002.4585,-390.49402,70.116764
"cleat 20x20 mm 80 km/h",0.0113,0.25333333,-1774.2933,3.3132159,3154.9587,-363.50055,70.067952
"cleat 20x20 mm 80 km/h",0.0115,0.25777778,-1822.1752,2.8767015,3331.0308,-335.92717,70.022515
"cleat 20x20 mm 80 km/h",0.0117,0.26222222,-1812.2248,2.2836675,3528.3034,-308.15968,69.980524
"cleat 20x20 mm 80 km/h",0.0119,0.26666667,-1743.7191,1.5426177,3743.841,-280.61208,69.942004
"cleat 20x20 mm 80 km/h",0.0121,0.27111111,-1617.05,0.67689644,3975.818,-253.65624,69.906927
"cleat 20x20 mm 80 km/h",0.0123,0.27555556,-1434.168,-0.23661513,4221.3539,-227.65338,69.87522
"cleat 20x20 mm 80 km/h",0.0125,0.28,-1198.5056,-1.1129669,4473.0374,-202.94864,69.846764
"cleat 20x20 mm 80 km/h",0.0127,0.28444444,-915.45414,-1.8674403,4720.0013,-179.7445,69.821395
"cleat 20x20 mm 80 km/h",0.0129,0.28888889,-592.22325,-2.4420552,4951.8161,-158.22042,69.798927
"cleat 20x20 mm 80 km/h",0.0131,0.29333333,-237.66677,-2.8264864,5160.7366,-138.53172,69.779149
"cleat 20x20 mm 80 km/h",0.0133,0.29777778,137.82403,-3.0448745,5341.7712,-120.77947,69.761833
"cleat 20x20 mm 80 km/h",0.0135,0.30222222,523.6728,-3.148132,5491.2058,-105.07041,69.746736
"cleat 20x20 mm 80 km/h",0.0137,0.30666667,909.7421,-3.2074636,5605.3281,-91.344403,69.733602
"cleat 20x20 mm 80 km/h",0.0139,0.31111111,1287.1067,-3.2816392,5682.5104,-79.561075,69.722184
"cleat 20x20 mm 80 km/h",0.0141,0.31555556,1647.8206,-3.4099086,5723.8059,-69.597917,69.712239
"cleat 20x20 mm 80 km/h",0.0143,0.32,1985.3353,-3.5990146,5732.7678,-61.380218,69.703539
"cleat 20x20 mm 80 km/h",0.0145,0.32444444,2294.5074,-3.8222326,5714.1642,-54.848341,69.695866
"cleat 20x20 mm 80 km/h",0.0147,0.32888889,2571.7879,-4.0308178,5672.0816,-50.008407,69.68901
"cleat 20x20 mm 80 km/h",0.0149,0.33333333,2814.5224,-4.1730831,5608.672,-46.84669,69.682759
"cleat 20x20 mm 80 km/h",0.0151,0.33777778,3020.4997,-4.2097225,5524.3806,-45.379182,69.676903
"cleat 20x20 mm 80 km/h",0.0153,0.34222222,3187.1966,-4.124926,5419.3854,-45.570894,69.671231
"cleat 20x20 mm 80 km/h",0.0155,0.34666667,3311.8704,-3.9367595,5294.397,-47.376189,69.665535
"cleat 20x20 mm 80 km/h",0.0157,0.35111111,3391.5897,-3.6863992,5151.7962,-50.797026,69.659613
"cleat 20x20 mm 80 km/h",0.0159,0.35555556,3423.6716,-3.4191201,4993.81,-55.830075,69.653263
"cleat 20x20 mm 80 km/h",0.0161,0.36,3406.2705,-3.1873248,4821.9077,-62.515875,69.646284
"cleat 20x20 mm 80 km/h",0.0163,0.36444444,3338.0977,-3.0277486,4637.3768,-70.743192,69.63847
"cleat 20x20 mm 80 km/h",0.0165,0.36888889,3219.2915,-2.9579763,4442.9949,-80.41054,69.629627
"cleat 20x20 mm 80 km/h",0.0167,0.37333333,3051.251,-2.9894746,4245.8512,-91.38197,69.619575
"cleat 20x20 mm 80 km/h",0.0169,0.37777778,2837.2838,-3.1106876,4053.3555,-103.42384,69.608153
"cleat 20x20 mm 80 km/h",0.0171,0.38222222,2582.6914,-3.2956314,3870.779,-116.22242,69.595225
"cleat 20x20 mm 80 km/h",0.0173,0.38666667,2294.3187,-3.526563,3701.0579,-129.49468,69.580697
"cleat 20x20 mm 80 km/h",0.0175,0.39111111,1979.6442,-3.7723356,3546.342,-142.9425,69.56451
"cleat 20x20 mm 80 km/h",0.0177,0.39555556,1646.2047,-4.0100675,3410.9306,-156.37022,69.546642
"cleat 20x20 mm 80 km/h",0.0179,0.4,1301.6491,-4.2224149,3298.7061,-169.59461,69.527096
"cleat 20x20 mm 80 km/h",0.0181,0.40444444,953.28768,-4.3851931,3210.771,-182.41386,69.505897
"cleat 20x20 mm 80 km/h",0.0183,0.40888889,607.92615,-4.4884792,3145.7132,-194.71276,69.483095
"cleat 20x20 mm 80 km/h",0.0185,0.41333333,271.24174,-4.5337325,3101.5554,-206.38218,69.458756
"cleat 20x20 mm 80 km/h",0.0187,0.41777778,-51.720316,-4.527249,3077.8877,-217.42477,69.432958
"cleat 20x20 mm 80 km/h",0.0189,0.42222222,-356.51956,-4.4942445,3076.2426,-227.82416,69.40578
"cleat 20x20 mm 80 km/h",0.0191,0.42666667,-638.71188,-4.4687336,3097.9554,-237.53513,69.377302
"cleat 20x20 mm 80 km/h",0.0193,0.43111111,-893.57308,-4.4675474,3141.846,-246.46834,69.34761
"cleat 20x20 mm 80 km/h",0.0195,0.43555556,-1116.2258,-4.5135039,3205.6042,-254.5702,69.316802
"cleat 20x20 mm 80 km/h",0.0197,0.44,-1301.9459,-4.6123129,3287.4415,-261.80378,69.28498
"cleat 20x20 mm 80 km/h",0.0199,0.44444444,-1446.5466,-4.7548161,3386.9267,-268.11166,69.252255
"cleat 20x20 mm 80 km/h",0.0201,0.44888889,-1546.4271,-4.9295141,3504.2947,-273.44258,69.218741
"cleat 20x20 mm 80 km/h",0.0203,0.45333333,-1598.9997,-5.1082838,3637.9711,-277.6577,69.184561
"cleat 20x20 mm 80 km/h",0.0205,0.45777778,-1602.6603,-5.2574927,3784.2176,-280.65956,69.149853
"cleat 20x20 mm 80 km/h",0.0207,0.46222222,-1557.632,-5.3490863,3937.5408,-282.29342,69.114771
"cleat 20x20 mm 80 km/h",0.0209,0.46666667,-1465.9787,-5.3577249,4093.1442,-282.47567,69.079484
"cleat 20x20 mm 80 km/h",0.0211,0.47111111,-1331.8226,-5.2750842,4247.8735,-281.06131,69.044175
"cleat 20x20 mm 80 km/h",0.0213,0.47555556,-1160.8128,-5.1065257,4399.9693,-277.91252,69.009042
"cleat 20x20 mm 80 km/h",0.0215,0.48,-959.68473,-4.8723083,4547.2238,-272.82607,68.974303
"cleat 20x20 mm 80 km/h",0.0217,0.48444444,-735.32875,-4.592216,4685.8547,-265.67902,68.9402
"cleat 20x20 mm 80 km/h",0.0219,0.48888889,-495.11282,-4.2907239,4811.5627,-256.28926,68.90699
"cleat 20x20 mm 80 km/h",0.0221,0.49333333,-246.11177,-3.9834166,4921.4241,-244.57236,68.874954
"cleat 20x20 mm 80 km/h",0.0223,0.49777778,4.915585,-3.68618,5014.8098,-230.45209,68.844382
"cleat 20x20 mm 80 km/h",0.0225,0.50222222,251.87049,-3.4047132,5092.4398,-213.88201,68.815576
"cleat 20x20 mm 80 km/h",0.0227,0.50666667,489.42699,-3.1243349,5154.2664,-194.81094,68.78884
"cleat 20x20 mm 80 km/h",0.0229,0.51111111,713.29382,-2.8311393,5198.5325,-173.33565,68.764489
"cleat 20x20 mm 80 km/h",0.0231,0.51555556,919.58248,-2.5141065,5222.8556,-149.59257,68.742822
"cleat 20x20 mm 80 km/h",0.0233,0.52,1104.7926,-2.1465192,5225.8685,-123.83772,68.724123
"cleat 20x20 mm 80 km/h",0.0235,0.52444444,1265.521,-1.7274835,5207.7347,-96.361714,68.708643
"cleat 20x20 mm 80 km/h",0.0237,0.52888889,1398.3213,-1.2674571,5170.7893,-67.515366,68.696598
"cleat 20x20 mm 80 km/h",0.0239,0.53333333,1499.8921,-0.75976594,5116.8505,-37.616675,68.688159
"cleat 20x20 mm 80 km/h",0.0241,0.53777778,1567.6978,-0.23325909,5046.6381,-7.1064955,68.683457
"cleat 20x20 mm 80 km/h",0.0243,0.54222222,1599.7811,0.28593355,4960.183,23.605597,68.682568
"cleat 20x20 mm 80 km/h",0.0245,0.54666667,1594.9801,0.77826979,4858.9468,54.066796,68.685519
"cleat 20x20 mm 80 km/h",0.0247,0.55111111,1552.9681,1.2212084,4746.5533,83.857753,68.692277
"cleat 20x20 mm 80 km/h",0.0249,0.55555556,1474.4903,1.6062288,4627.7577,112.60434,68.70276
"cleat 20x20 mm 80 km/h",0.0251,0.56,1361.632,1.9426073,4505.872,140.00303,68.716835
"cleat 20x20 mm 80 km/h",0.0253,0.56444444,1218.1305,2.2297527,4381.9435,165.69107,68.734335
"cleat 20x20 mm 80 km/h",0.0255,0.56888889,1048.5536,2.4814127,4256.7431,189.33647,68.755047
"cleat 20x20 mm 80 km/h",0.0257,0.57333333,858.06401,2.7103876,4133.0054,210.54835,68.778714
"cleat 20x20 mm 80 km/h",0.0259,0.57777778,651.9327,2.9193016,4015.0089,229.01377,68.805032
"cleat 20x20 mm 80 km/h",0.0261,0.58222222,435.62869,3.1145964,3905.8047,244.48791,68.833659
"cleat 20x20 mm 80 km/h",0.0263,0.58666667,214.59338,3.3109816,3806.0359,256.77029,68.86422
"cleat 20x20 mm 80 km/h",0.0265,0.59111111,-6.1714559,3.5056289,3715.5499,265.6248,68.896316
"cleat 20x20 mm 80 km/h",0.0267,0.59555556,-222.45891,3.7028954,3635.8105,270.81487,68.92952
"cleat 20x20 mm 80 km/h",0.0269,0.6,-430.7361,3.8955355,3570.5618,272.13108,68.963371
"cleat 20x20 mm 80 km/h",0.0271,0.60444444,-627.78248,4.064585,3522.8411,269.52667,68.997388
"cleat 20x20 mm 80 km/h",0.0273,0.60888889,-810.52621,4.2104599,3493.15,263.11183,69.031079
"cleat 20x20 mm 80 km/h",0.0275,0.61333333,-976.02624,4.3284975,3480.2973,253.03181,69.063968
"cleat 20x20 mm 80 km/h",0.0277,0.61777778,-1121.6409,4.4062209,3483.522,239.46489,69.095597
"cleat 20x20 mm 80 km/h",0.0279,0.62222222,-1244.9551,4.440159,3503.8774,222.5934,69.12553
"cleat 20x20 mm 80 km/h",0.0281,0.62666667,-1343.5702,4.4099162,3541.9043,202.73131,69.153354
"cleat 20x20 mm 80 km/h",0.0283,0.63111111,-1415.407,4.3173123,3596.5321,180.30213,69.178695
"cleat 20x20 mm 80 km/h",0.0285,0.63555556,-1459.1079,4.1738175,3664.3839,155.82474,69.201233
"cleat 20x20 mm 80 km/h",0.0287,0.64,-1474.1462,3.9862279,3741.1365,129.76148,69.220711
"cleat 20x20 mm 80 km/h",0.0289,0.64444444,-1461.2528,3.7682508,3823.7376,102.56544,69.236931
"cleat 20x20 mm 80 km/h",0.0291,0.64888889,-1422.1308,3.5391675,3910.568,74.676592,69.249752
"cleat 20x20 mm 80 km/h",0.0293,0.65333333,-1359.3665,3.3019992,4001.0348,46.602108,69.259087
"cleat 20x20 mm 80 km/h",0.0295,0.65777778,-1276.1567,3.0694846,4093.6242,18.9104,69.264912
"cleat 20x20 mm 80 km/h",0.0297,0.66222222,-1176.0061,2.8502116,4185.779,-7.8117181,69.267276
"cleat 20x20 mm 80 km/h",0.0299,0.66666667,-1062.487,2.6465991,4274.7473,-33.065616,69.266299
"cleat 20x20 mm 80 km/h",0.0301,0.67111111,-939.32118,2.4656052,4358.7558,-56.374768,69.262166
"cleat 20x20 mm 80 km/h",0.0303,0.67555556,-810.02539,2.2932318,4437.272,-77.306184,69.255119
"cleat 20x20 mm 80 km/h",0.0305,0.68,-678.13794,2.1288532,4510.6806,-95.420695,69.245456
"cleat 20x20 mm 80 km/h",0.0307,0.68444444,-547.14945,1.9704007,4579.034,-110.29481,69.233528
"cleat 20x20 mm 80 km/h",0.0309,0.68888889,-420.35732,1.8224138,4640.9106,-121.59757,69.219741
"cleat 20x20 mm 80 km/h",0.0311,0.69333333,-300.92388,1.6779124,4693.5132,-129.10449,69.204542
"cleat 20x20 mm 80 km/h",0.0313,0.69777778,-192.00148,1.5433951,4734.2464,-132.67231,69.188404
"cleat 20x20 mm 80 km/h",0.0315,0.70222222,-96.747638,1.4174535,4762.03,-132.21286,69.17182
"cleat 20x20 mm 80 km/h",0.0317,0.70666667,-18.267106,1.294549,4777.6089,-127.67352,69.155293
"cleat 20x20 mm 80 km/h",0.0319,0.71111111,40.722692,1.1896456,4782.5087,-119.06762,69.139334
"cleat 20x20 mm 80 km/h",0.0321,0.71555556,78.564879,1.09726,4776.8273,-106.54585,69.12445
"cleat 20x20 mm 80 km/h",0.0323,0.72,94.712812,1.0286186,4759.5253,-90.341583,69.111132
"cleat 20x20 mm 80 km/h",0.0325,0.72444444,89.707732,0.9923217,4730.4049,-70.816576,69.099839
"cleat 20x20 mm 80 km/h",0.0327,0.72888889,64.799193,0.98824621,4691.9577,-48.389248,69.090987
"cleat 20x20 mm 80 km/h",0.0329,0.73333333,21.905235,1.0159674,4647.9751,-23.507963,69.084939
"cleat 20x20 mm 80 km/h",0.0331,0.73777778,-36.085976,1.0765129,4600.1512,3.3293748,69.082
"cleat 20x20 mm 80 km/h",0.0333,0.74222222,-105.52833,1.1560184,4547.6325,31.548686,69.082416
"cleat 20x20 mm 80 km/h",0.0335,0.74666667,-182.71469,1.2513786,4490.1762,60.497318,69.08636
"cleat 20x20 mm 80 km/h",0.0337,0.75111111,-263.98878,1.3496909,4429.7757,89.425475,69.093922
"cleat 20x20 mm 80 km/h",0.0339,0.75555556,-346.05515,1.4398079,4369.2867,117.69963,69.1051
"cleat 20x20 mm 80 km/h",0.0341,0.76,-425.7364,1.5150065,4310.3554,144.73708,69.119813
"cleat 20x20 mm 80 km/h",0.0343,0.76444444,-500.19906,1.5707487,4252.6446,170.04008,69.137905
"cleat 20x20 mm 80 km/h",0.0345,0.76888889,-567.03173,1.5937098,4196.1546,193.05093,69.15916
"cleat 20x20 mm 80 km/h",0.0347,0.77333333,-624.47952,1.5881628,4142.5136,213.2755,69.183291
"cleat 20x20 mm 80 km/h",0.0349,0.77777778,-671.14456,1.5492576,4095.5062,230.26492,69.209951
"cleat 20x20 mm 80 km/h",0.0351,0.78222222,-705.98376,1.4657135,4058.1607,243.80344,69.238734
"cleat 20x20 mm 80 km/h",0.0353,0.78666667,-728.01173,1.3583555,4030.3981,253.83248,69.269209
"cleat 20x20 mm 80 km/h",0.0355,0.79111111,-736.46499,1.2220144,4010.9643,260.29287,69.300938
"cleat 20x20 mm 80 km/h",0.0357,0.79555556,-730.98383,1.0683982,3999.6151,263.09247,69.333475
"cleat 20x20 mm 80 km/h",0.0359,0.8,-711.38622,0.90387906,3996.8658,262.13839,69.366361
"cleat 20x20 mm 80 km/h",0.0361,0.80444444,-677.60804,0.72194179,4001.9618,257.48886,69.399129
"cleat 20x20 mm 80 km/h",0.0363,0.80888889,-629.81357,0.53158624,4011.6458,249.30474,69.431315
"cleat 20x20 mm 80 km/h",0.0365,0.81333333,-568.7479,0.33931608,4021.599,237.81063,69.462478
"cleat 20x20 mm 80 km/h",0.0367,0.81777778,-495.8641,0.14834637,4028.5529,223.21166,69.492204
"cleat 20x20 mm 80 km/h",0.0369,0.82222222,-413.26095,-0.039024092,4031.3738,205.75531,69.520106
"cleat 20x20 mm 80 km/h",0.0371,0.82666667,-323.4319,-0.22471805,4031.1871,185.7665,69.545825
"cleat 20x20 mm 80 km/h",0.0373,0.83111111,-229.26023,-0.41174304,4030.4191,163.69288,69.569046
"cleat 20x20 mm 80 km/h",0.0375,0.83555556,-133.92475,-0.59715383,4031.8803,140.07016,69.589508
"cleat 20x20 mm 80 km/h",0.0377,0.84,-40.563593,-0.7841521,4037.3093,115.43254,69.607016
"cleat 20x20 mm 80 km/h",0.0379,0.84444444,47.763924,-0.97385894,4047.5775,90.314986,69.621445
"cleat 20x20 mm 80 km/h",0.0381,0.84888889,128.17869,-1.1579589,4063.2979,65.220218,69.632735
"cleat 20x20 mm 80 km/h",0.0383,0.85333333,197.90466,-1.3448065,4085.273,40.660465,69.640887
"cleat 20x20 mm 80 km/h",0.0385,0.85777778,254.14182,-1.5283681,4114.2494,17.149667,69.64597
"cleat 20x20 mm 80 km/h",0.0387,0.86222222,294.2857,-1.6998801,4150.0726,-4.8665013,69.648114
"cleat 20x20 mm 80 km/h",0.0389,0.86666667,316.57577,-1.861839,4190.1042,-25.083578,69.647505
"cleat 20x20 mm 80 km/h",0.0391,0.87111111,319.96776,-2.0158714,4229.4928,-43.20464,69.64437
"cleat 20x20 mm 80 km/h",0.0393,0.87555556,304.30454,-2.1569675,4264.5419,-59.081871,69.638969
"cleat 20x20 mm 80 km/h",0.0395,0.88,269.98051,-2.293919,4294.3167,-72.599959,69.631584
"cleat 20x20 mm 80 km/h",0.0397,0.88444444,218.34648,-2.4271193,4318.7537,-83.699233,69.622509
"cleat 20x20 mm 80 km/h",0.0399,0.88888889,151.97436,-2.545791,4337.5023,-92.384591,69.612047
"cleat 20x20 mm 80 km/h",0.0401,0.89333333,74.619795,-2.6567384,4349.4516,-98.772442,69.600499
"cleat 20x20 mm 80 km/h",0.0403,0.89777778,-9.5245157,-2.7544281,4355.2816,-103.05148,69.588152
"cleat 20x20 mm 80 km/h",0.0405,0.90222222,-96.099455,-2.8495735,4359.1783,-105.52041,69.575271
"cleat 20x20 mm 80 km/h",0.0407,0.90666667,-180.78651,-2.9423538,4365.4725,-106.41274,69.562081
"cleat 20x20 mm 80 km/h",0.0409,0.91111111,-259.41424,-3.0322212,4376.6453,-105.94023,69.548779
"cleat 20x20 mm 80 km/h",0.0411,0.91555556,-328.41577,-3.1187131,4391.975,-104.29271,69.535536
"cleat 20x20 mm 80 km/h",0.0413,0.92,-385.34012,-3.2098524,4409.8485,-101.71569,69.5225
"cleat 20x20 mm 80 km/h",0.0415,0.92444444,-429.03042,-3.3001859,4429.4944,-98.472035,69.509785
"cleat 20x20 mm 80 km/h",0.0417,0.92888889,-459.36173,-3.3896423,4450.9129,-94.788257,69.497476
"cleat 20x20 mm 80 km/h",0.0419,0.93333333,-476.98819,-3.4883979,4472.6101,-90.732319,69.485628
"cleat 20x20 mm 80 km/h",0.0421,0.93777778,-483.15886,-3.5806106,4491.0238,-86.256169,69.474286
"cleat 20x20 mm 80 km/h",0.0423,0.94222222,-479.40355,-3.6710069,4502.2005,-81.326906,69.463504
"cleat 20x20 mm 80 km/h",0.0425,0.94666667,-467.38309,-3.7509056,4503.9609,-75.919722,69.453338
"cleat 20x20 mm 80 km/h",0.0427,0.95111111,-448.44426,-3.8141135,4496.6436,-70.032469,69.443848
"cleat 20x20 mm 80 km/h",0.0429,0.95555556,-423.50174,-3.8648143,4482.3094,-63.60584,69.435094
"cleat 20x20 mm 80 km/h",0.0431,0.96,-392.95099,-3.8981244,4462.5401,-56.537496,69.427144
"cleat 20x20 mm 80 km/h",0.0433,0.96444444,-356.74272,-3.9121863,4437.7466,-48.746346,69.420076
"cleat 20x20 mm 80 km/h",0.0435,0.96888889,-314.68637,-3.9148165,4408.1905,-40.245711,69.413983
"cleat 20x20 mm 80 km/h",0.0437,0.97333333,-266.70164,-3.8953822,4375.2148,-31.144265,69.408952
"cleat 20x20 mm 80 km/h",0.0439,0.97777778,-213.08271,-3.852662,4341.5077,-21.606468,69.405059
"cleat 20x20 mm 80 km/h",0.0441,0.98222222,-154.66055,-3.8038386,4310.1111,-11.809676,69.402359
"cleat 20x20 mm 80 km/h",0.0443,0.98666667,-92.767954,-3.7318451,4282.1515,-1.916522,69.400882
"cleat 20x20 mm 80 km/h",0.0445,0.99111111,-28.914535,-3.6526351,4256.4072,7.8273593,69.400643
"cleat 20x20 mm 80 km/h",0.0447,0.99555556,35.044305,-3.5613415,4230.9979,17.163544,69.401621
"cleat 20x20 mm 80 km/h",0.0449,1,97.065373,-3.4553499,4204.9165,25.834759,69.403767
"cleat 20x20 mm 80 km/h",0.0451,1.0044444,155.1906,-3.3441244,4179.2475,33.599564,69.406996
"cleat 20x20 mm 80 km/h",0.0453,1.0088889,207.72502,-3.222388,4155.5814,40.3053,69.411196
"cleat 20x20 mm 80 km/h",0.0455,1.0133333,253.80818,-3.0853147,4134.1175,45.853409,69.416234
"cleat 20x20 mm 80 km/h",0.0457,1.0177778,293.48529,-2.9317885,4113.317,50.166662,69.421966
"cleat 20x20 mm 80 km/h",0.0459,1.0222222,327.35665,-2.7602085,4091.7234,53.200344,69.428237
"cleat 20x20 mm 80 km/h",0.0461,1.0266667,356.28512,-2.5739447,4070.3392,54.918069,69.434887
"cleat 20x20 mm 80 km/h",0.0463,1.0311111,381.18004,-2.3746398,4051.9967,55.313049,69.441751
"cleat 20x20 mm 80 km/h",0.0465,1.0355556,402.96235,-2.1698282,4038.7104,54.443754,69.448666
"cleat 20x20 mm 80 km/h",0.0467,1.04,422.54266,-1.9524586,4030.0922,52.380683,69.455471
"cleat 20x20 mm 80 km/h",0.0469,1.0444444,440.4144,-1.7242527,4024.7612,49.165951,69.462019
"cleat 20x20 mm 80 km/h",0.0471,1.0488889,456.37881,-1.4767372,4022.6066,44.804439,69.468164
"cleat 20x20 mm 80 km/h",0.0473,1.0533333,469.56355,-1.2053143,4025.3904,39.308078,69.473765
"cleat 20x20 mm 80 km/h",0.0475,1.0577778,478.69198,-0.9264048,4035.2088,32.732221,69.478678
"cleat 20x20 mm 80 km/h",0.0477,1.0622222,482.37436,-0.63461141,4052.3445,25.203768,69.48277
"cleat 20x20 mm 80 km/h",0.0479,1.0666667,479.54212,-0.34436318,4074.8125,16.834014,69.48592
"cleat 20x20 mm 80 km/h",0.0481,1.0711111,469.29856,-0.054832556,4100.2989,7.760613,69.488025
"cleat 20x20 mm 80 km/h",0.0483,1.0755556,451.07449,0.23237121,4127.9585,-1.898766,69.488995
"cleat 20x20 mm 80 km/h",0.0485,1.08,424.68976,0.50750815,4159.1234,-12.011852,69.488757
"cleat 20x20 mm 80 km/h",0.0487,1.0844444,390.56752,0.77032322,4194.1149,-22.366574,69.487256
"cleat 20x20 mm 80 km/h",0.0489,1.0888889,349.81066,1.0223966,4231.1362,-32.713589,69.48446
"cleat 20x20 mm 80 km/h",0.0491,1.0933333,303.94929,1.2637186,4266.9488,-42.844783,69.480371
"cleat 20x20 mm 80 km/h",0.0493,1.0977778,254.42868,1.4969731,4299.578,-52.593505,69.475015
"cleat 20x20 mm 80 km/h",0.0495,1.1022222,202.50518,1.7175478,4329.1776,-61.813278,69.468441
"cleat 20x20 mm 80 km/h",0.0497,1.1066667,149.28542,1.9268539,4357.1308,-70.386161,69.460714
"cleat 20x20 mm 80 km/h",0.0499,1.1111111,95.719351,2.1205248,4383.5035,-78.127351,69.451916
"cleat 20x20 mm 80 km/h",0.0501,1.1155556,42.715098,2.3054703,4406.8933,-84.900796,69.44215
"cleat 20x20 mm 80 km/h",0.0503,1.12,-9.1009421,2.4777956,4425.5183,-90.623742,69.431538
"cleat 20x20 mm 80 km/h",0.0505,1.1244444,-59.31826,2.644013,4439.0107,-95.280072,69.42021
"cleat 20x20 mm 80 km/h",0.0507,1.1288889,-107.63296,2.8001663,4448.7683,-98.871248,69.4083
"cleat 20x20 mm 80 km/h",0.0509,1.1333333,-153.68865,2.9327638,4457.0062,-101.39667,69.395941
"cleat 20x20 mm 80 km/h",0.0511,1.1377778,-196.91414,3.0521125,4464.0226,-102.79408,69.383266
"cleat 20x20 mm 80 km/h",0.0513,1.1422222,-236.27535,3.1429,4468.2358,-103.08184,69.370417
"cleat 20x20 mm 80 km/h",0.0515,1.1466667,-270.68709,3.2095723,4468.0218,-102.3055,69.357532
"cleat 20x20 mm 80 km/h",0.0517,1.1511111,-299.07478,3.2563787,4462.6695,-100.53567,69.344744
"cleat 20x20 mm 80 km/h",0.0519,1.1555556,-320.57243,3.2800511,4453.8714,-97.861154,69.332177
"cleat 20x20 mm 80 km/h",0.0521,1.16,-334.49285,3.281667,4442.736,-94.301198,69.319944
"cleat 20x20 mm 80 km/h",0.0523,1.1644444,-340.25094,3.2641126,4429.1478,-89.888945,69.308156
"cleat 20x20 mm 80 km/h",0.0525,1.1688889,-337.43082,3.2294195,4411.2827,-84.68617,69.29692
"cleat 20x20 mm 80 km/h",0.0527,1.1733333,-326.10421,3.1800103,4387.9579,-78.789703,69.286334
"cleat 20x20 mm 80 km/h",0.0529,1.1777778,-306.88194,3.1134788,4360.4747,-72.323031,69.276486
"cleat 20x20 mm 80 km/h",0.0531,1.1822222,-280.75196,3.0306092,4331.3486,-65.38445,69.267445
"cleat 20x20 mm 80 km/h",0.0533,1.1866667,-248.8477,2.9316054,4302.4899,-58.024236,69.259272
"cleat 20x20 mm 80 km/h",0.0535,1.1911111,-212.20791,2.8238284,4273.7031,-50.277614,69.252019
"cleat 20x20 mm 80 km/h",0.0537,1.1955556,-171.83209,2.7072233,4244.0767,-42.219788,69.245735
"cleat 20x20 mm 80 km/h",0.0539,1.2,-128.76494,2.5923914,4213.8666,-33.960758,69.240457
"cleat 20x20 mm 80 km/h",0.0541,1.2044444,-84.058037,2.4839786,4185.1573,-25.618447,69.236212
"cleat 20x20 mm 80 km/h",0.0543,1.2088889,-38.655343,2.371817,4160.3676,-17.277359,69.23301
"cleat 20x20 mm 80 km/h",0.0545,1.2133333,6.6663187,2.2672715,4139.9892,-8.9658747,69.23085
"cleat 20x20 mm 80 km/h",0.0547,1.2177778,51.492252,2.160386,4122.3625,-0.777483,69.229729
"cleat 20x20 mm 80 km/h",0.0549,1.2222222,95.283577,2.0571411,4106.0187,7.1781522,69.229632
"cleat 20x20 mm 80 km/h",0.0551,1.2266667,137.37377,1.956937,4090.5755,14.778361,69.230529
"cleat 20x20 mm 80 km/h",0.0553,1.2311111,176.93627,1.8545489,4078.1877,21.870238,69.232377
"cleat 20x20 mm 80 km/h",0.0555,1.2355556,213.05247,1.7530861,4070.2901,28.392081,69.23511
"cleat 20x20 mm 80 km/h",0.0557,1.24,245.00179,1.6499812,4066.6197,34.301774,69.238659
"cleat 20x20 mm 80 km/h",0.0559,1.2444444,272.23353,1.5456115,4065.5753,39.529358,69.242947
"cleat 20x20 mm 80 km/h",0.0561,1.2488889,294.11314,1.4413489,4066.2643,43.993521,69.247888
"cleat 20x20 mm 80 km/h",0.0563,1.2533333,309.9869,1.3303756,4069.8068,47.611676,69.253387
"cleat 20x20 mm 80 km/h",0.0565,1.2577778,319.31201,1.2151999,4078.1973,50.340246,69.259339
"cleat 20x20 mm 80 km/h",0.0567,1.2622222,321.81239,1.0927344,4092.5014,52.203489,69.265631
"cleat 20x20 mm 80 km/h",0.0569,1.2666667,317.63918,0.97449551,4111.301,53.248534,69.272157
"cleat 20x20 mm 80 km/h",0.0571,1.2711111,307.14516,0.85625547,4132.3075,53.492841,69.278813
"cleat 20x20 mm 80 km/h",0.0573,1.2755556,290.70789,0.74731867,4154.1962,52.940684,69.2855
"cleat 20x20 mm 80 km/h",0.0575,1.28,268.68475,0.64510497,4177.6019,51.591504,69.292117
"cleat 20x20 mm 80 km/h",0.0577,1.2844444,241.50483,0.53442575,4203.584,49.488689,69.298566
"cleat 20x20 mm 80 km/h",0.0579,1.2888889,209.7076,0.42659212,4231.7008,46.734206,69.304752
"cleat 20x20 mm 80 km/h",0.0581,1.2933333,174.12123,0.30567839,4259.3575,43.40143,69.310594
"cleat 20x20 mm 80 km/h",0.0583,1.2977778,135.46075,0.17850916,4284.4675,39.542399,69.316019
"cleat 20x20 mm 80 km/h",0.0585,1.3022222,94.367077,0.047609681,4306.4977,35.176388,69.320962
"cleat 20x20 mm 80 km/h",0.0587,1.3066667,51.36225,-0.10147636,4327.2277,30.334061,69.325359
"cleat 20x20 mm 80 km/h",0.0589,1.3111111,6.9993201,-0.25784702,4348.1563,25.111491,69.329151
"cleat 20x20 mm 80 km/h",0.0591,1.3155556,-37.956274,-0.42044833,4368.5724,19.655209,69.33229
"cleat 20x20 mm 80 km/h",0.0593,1.32,-82.566378,-0.59101578,4386.4657,14.049237,69.334747
"cleat 20x20 mm 80 km/h",0.0595,1.3244444,-126.08737,-0.76955376,4400.4278,8.3614672,69.336503
"cleat 20x20 mm 80 km/h",0.0597,1.3288889,-167.91253,-0.95758624,4411.3471,2.6311705,69.337548
"cleat 20x20 mm 80 km/h",0.0599,1.3333333,-207.52121,-1.1530955,4420.7726,-3.0695775,69.337877
"cleat 20x20 mm 80 km/h",0.0601,1.3377778,-244.40787,-1.3596461,4429.2246,-8.6048503,69.337493
"cleat 20x20 mm 80 km/h",0.0603,1.3422222,-277.95113,-1.5682351,4435.1296,-13.834613,69.336418
"cleat 20x20 mm 80 km/h",0.0605,1.3466667,-307.56433,-1.7800263,4436.2665,-18.679394,69.334688
"cleat 20x20 mm 80 km/h",0.0607,1.3511111,-332.8661,-1.9830386,4431.6444,-23.088001,69.332353
"cleat 20x20 mm 80 km/h",0.0609,1.3555556,-353.67946,-2.1711341,4422.318,-27.018701,69.329467
"cleat 20x20 mm 80 km/h",0.0611,1.36,-369.97006,-2.3566147,4410.5355,-30.416617,69.32609
"cleat 20x20 mm 80 km/h",0.0613,1.3644444,-381.69491,-2.523141,4396.9321,-33.158622,69.322288
"cleat 20x20 mm 80 km/h",0.0615,1.3688889,-388.57441,-2.6841207,4380.337,-35.189914,69.318143
"cleat 20x20 mm 80 km/h",0.0617,1.3733333,-390.49123,-2.8318182,4359.9496,-36.486991,69.313744
"cleat 20x20 mm 80 km/h",0.0619,1.3777778,-387.38922,-2.9610561,4335.8368,-37.064285,69.309183
"cleat 20x20 mm 80 km/h",0.0621,1.3822222,-379.46668,-3.0843734,4310.7204,-36.964143,69.30455
"cleat 20x20 mm 80 km/h",0.0623,1.3866667,-367.04447,-3.1920485,4286.7821,-36.162124,69.29993
"cleat 20x20 mm 80 km/h",0.0625,1.3911111,-350.40371,-3.2788825,4264.5736,-34.629938,69.29541
"cleat 20x20 mm 80 km/h",0.0627,1.3955556,-329.70023,-3.3478593,4242.6602,-32.398431,69.291081
"cleat 20x20 mm 80 km/h",0.0629,1.4,-305.35506,-3.3987061,4219.7972,-29.523314,69.287031
"cleat 20x20 mm 80 km/h",0.0631,1.4044444,-277.97937,-3.4302734,4196.8185,-26.104439,69.283341
"cleat 20x20 mm 80 km/h",0.0633,1.4088889,-248.43398,-3.4432303,4176.0706,-22.22812,69.280078
"cleat 20x20 mm 80 km/h",0.0635,1.4133333,-217.57456,-3.443947,4158.9583,-17.921214,69.277299
"cleat 20x20 mm 80 km/h",0.0637,1.4177778,-186.01673,-3.4249326,4144.5218,-13.191805,69.275059
"cleat 20x20 mm 80 km/h",0.0639,1.4222222,-154.26196,-3.3904748,4130.9798,-8.109272,69.27341
"cleat 20x20 mm 80 km/h",0.0641,1.4266667,-122.8781,-3.3354219,4117.6692,-2.765206,69.272396
"cleat 20x20 mm 80 km/h",0.0643,1.4311111,-92.47543,-3.2578749,4106.0231,2.7309302,69.272051
"cleat 20x20 mm 80 km/h",0.0645,1.4355556,-63.672568,-3.1720968,4098.5789,8.2959644,69.272392
"cleat 20x20 mm 80 km/h",0.0647,1.44,-36.927252,-3.0709271,4096.063,13.928478,69.273429
"cleat 20x20 mm 80 km/h",0.0649,1.4444444,-12.344779,-2.961432,4096.9072,19.577427,69.27517
"cleat 20x20 mm 80 km/h",0.0651,1.4488889,9.8865059,-2.8407769,4099.6457,25.160709,69.277617
"cleat 20x20 mm 80 km/h",0.0653,1.4533333,29.53279,-2.7069392,4103.8294,30.566299,69.280762
"cleat 20x20 mm 80 km/h",0.0655,1.4577778,46.21089,-2.5709369,4111.5228,35.664031,69.284583
"cleat 20x20 mm 80 km/h",0.0657,1.4622222,59.522509,-2.4236325,4124.2103,40.403649,69.289041
"cleat 20x20 mm 80 km/h",0.0659,1.4666667,69.314412,-2.2584978,4140.9519,44.778499,69.294092
"cleat 20x20 mm 80 km/h",0.0661,1.4711111,75.643332,-2.0833513,4159.3898,48.715613,69.299689
"cleat 20x20 mm 80 km/h",0.0663,1.4755556,78.408024,-1.9062201,4178.0424,52.128727,69.305778
"cleat 20x20 mm 80 km/h",0.0665,1.48,77.558014,-1.7260916,4197.1924,54.906095,69.312294
"cleat 20x20 mm 80 km/h",0.0667,1.4844444,73.077617,-1.5463194,4218.2818,56.979957,69.319158
"cleat 20x20 mm 80 km/h",0.0669,1.4888889,65.118657,-1.3734135,4241.877,58.34639,69.32628
"cleat 20x20 mm 80 km/h",0.0671,1.4933333,54.134254,-1.1955155,4266.3063,59.032013,69.333573
"cleat 20x20 mm 80 km/h",0.0673,1.4977778,40.713619,-1.0178706,4289.1442,59.020442,69.340952
"cleat 20x20 mm 80 km/h",0.0675,1.5022222,25.353281,-0.83072318,4309.2909,58.280628,69.34833
"cleat 20x20 mm 80 km/h",0.0677,1.5066667,8.4595624,-0.63738544,4327.6707,56.782715,69.355615
"cleat 20x20 mm 80 km/h",0.0679,1.5111111,-9.5779305,-0.45237287,4345.7325,54.553997,69.362713
"cleat 20x20 mm 80 km/h",0.0681,1.5155556,-28.333685,-0.26231155,4363.4055,51.692569,69.369532
"cleat 20x20 mm 80 km/h",0.0683,1.52,-47.222073,-0.082143533,4378.6426,48.267913,69.375994
"cleat 20x20 mm 80 km/h",0.0685,1.5244444,-65.821448,0.093351996,4389.8049,44.329402,69.382027
"cleat 20x20 mm 80 km/h",0.0687,1.5288889,-83.859029,0.26544582,4396.4791,39.909492,69.387568
"cleat 20x20 mm 80 km/h",0.0689,1.5333333,-101.27979,0.42816534,4400.6697,35.040261,69.392557
"cleat 20x20 mm 80 km/h",0.0691,1.5377778,-118.08539,0.58393839,4403.7801,29.838863,69.396937
"cleat 20x20 mm 80 km/h",0.0693,1.5422222,-134.14246,0.73405084,4405.5249,24.444126,69.400667
"cleat 20x20 mm 80 km/h",0.0695,1.5466667,-149.15488,0.87779325,4404.1077,18.947924,69.403723
"cleat 20x20 mm 80 km/h",0.0697,1.5511111,-162.96598,1.0188784,4398.1921,13.422802,69.406091
"cleat 20x20 mm 80 km/h",0.0699,1.5555556,-175.49194,1.1478471,4388.5362,7.9061118,69.407769
"cleat 20x20 mm 80 km/h",0.0701,1.56,-186.78156,1.2658079,4377.358,2.4509908,69.408757
"cleat 20x20 mm 80 km/h",0.0703,1.5644444,-196.80901,1.3699804,4365.9303,-2.8330282,69.409064
"cleat 20x20 mm 80 km/h",0.0705,1.5688889,-205.28758,1.4662964,4353.1233,-7.8294078,69.408709
"cleat 20x20 mm 80 km/h",0.0707,1.5733333,-211.8542,1.5551207,4337.1595,-12.482945,69.407731
"cleat 20x20 mm 80 km/h",0.0709,1.5777778,-216.28634,1.6411135,4317.5004,-16.768808,69.40617
"cleat 20x20 mm 80 km/h",0.0711,1.5822222,-218.5239,1.7310283,4295.6715,-20.672851,69.404074
"cleat 20x20 mm 80 km/h",0.0713,1.5866667,-218.65178,1.8072676,4274.3476,-24.160956,69.40149
"cleat 20x20 mm 80 km/h",0.0715,1.5911111,-216.74436,1.8825756,4254.3621,-27.123653,69.39847
"cleat 20x20 mm 80 km/h",0.0717,1.5955556,-212.62692,1.945485,4234.6897,-29.525711,69.39508
"cleat 20x20 mm 80 km/h",0.0719,1.6,-206.3242,2.0026638,4214.3665,-31.343461,69.391389
"cleat 20x20 mm 80 km/h",0.0721,1.6044444,-197.96443,2.0543791,4193.4867,-32.595702,69.387471
"cleat 20x20 mm 80 km/h",0.0723,1.6088889,-187.92188,2.08797,4174.5851,-33.314917,69.383396
"cleat 20x20 mm 80 km/h",0.0725,1.6133333,-176.61244,2.1114605,4159.5161,-33.465229,69.379232
"cleat 20x20 mm 80 km/h",0.0727,1.6177778,-164.30797,2.129144,4148.2831,-33.000102,69.375049
"cleat 20x20 mm 80 km/h",0.0729,1.6222222,-151.09709,2.1383617,4139.1845,-31.93387,69.370924
"cleat 20x20 mm 80 km/h",0.0731,1.6266667,-137.22374,2.1395848,4131.1922,-30.318551,69.366932
"cleat 20x20 mm 80 km/h",0.0733,1.6311111,-122.98351,2.1259662,4125.037,-28.238372,69.363142
"cleat 20x20 mm 80 km/h",0.0735,1.6355556,-108.7373,2.1007345,4122.5599,-25.765701,69.359613
"cleat 20x20 mm 80 km/h",0.0737,1.64,-94.713572,2.0601921,4124.4766,-22.914831,69.356392
"cleat 20x20 mm 80 km/h",0.0739,1.6444444,-80.895518,2.0128307,4129.3556,-19.696144,69.353528
"cleat 20x20 mm 80 km/h",0.0741,1.6488889,-67.188672,1.9587711,4135.1412,-16.181367,69.351065
"cleat 20x20 mm 80 km/h",0.0743,1.6533333,-53.620468,1.904682,4141.1436,-12.475142,69.349043
"cleat 20x20 mm 80 km/h",0.0745,1.6577778,-40.325448,1.8478163,4148.7779,-8.6989926,69.347483
"cleat 20x20 mm 80 km/h",0.0747,1.6622222,-27.430108,1.7740549,4159.7043,-4.9176306,69.346396
"cleat 20x20 mm 80 km/h",0.0749,1.6666667,-15.04965,1.6992306,4174.1946,-1.1432269,69.345781
"cleat 20x20 mm 80 km/h",0.0751,1.6711111,-3.1090001,1.6080156,4190.3634,2.5829786,69.345638
"cleat 20x20 mm 80 km/h",0.0753,1.6755556,8.3398408,1.5058276,4206.4047,6.2000899,69.345961
"cleat 20x20 mm 80 km/h",0.0755,1.68,19.094236,1.3971069,4221.9916,9.6130401,69.346736
"cleat 20x20 mm 80 km/h",0.0757,1.6844444,28.791084,1.2750159,4238.6309,12.745115,69.347938
"cleat 20x20 mm 80 km/h",0.0759,1.6888889,37.029765,1.1454259,4257.5004,15.582495,69.349531
"cleat 20x20 mm 80 km/h",0.0761,1.6933333,43.596338,1.0154977,4277.6085,18.158218,69.351479
"cleat 20x20 mm 80 km/h",0.0763,1.6977778,48.462879,0.88550271,4296.4964,20.457545,69.353749
"cleat 20x20 mm 80 km/h",0.0765,1.7022222,51.476784,0.75517323,4312.5004,22.442142,69.356306
"cleat 20x20 mm 80 km/h",0.0767,1.7066667,52.448248,0.61592216,4326.2264,24.044791,69.359111
"cleat 20x20 mm 80 km/h",0.0769,1.7111111,51.217472,0.46975669,4339.1741,25.239692,69.362117
"cleat 20x20 mm 80 km/h",0.0771,1.7155556,47.805133,0.31275314,4351.9191,26.04952,69.365272
"cleat 20x20 mm 80 km/h",0.0773,1.72,42.507739,0.15229893,4363.1025,26.502794,69.368528
"cleat 20x20 mm 80 km/h",0.0775,1.7244444,35.750203,-0.0079676101,4370.72,26.591529,69.371841
"cleat 20x20 mm 80 km/h",0.0777,1.7288889,27.90031,-0.15959034,4374.2483,26.26899,69.375165
"cleat 20x20 mm 80 km/h",0.0779,1.7333333,19.234001,-0.29846519,4375.2028,25.490379,69.378448
"cleat 20x20 mm 80 km/h",0.0781,1.7377778,10.005116,-0.43737725,4375.4937,24.25568,69.381635
"cleat 20x20 mm 80 km/h",0.0783,1.7422222,0.46647181,-0.56198495,4375.5161,22.626472,69.384667
"cleat 20x20 mm 80 km/h",0.0785,1.7466667,-8.8848395,-0.68449822,4373.6809,20.618065,69.387495
"cleat 20x20 mm 80 km/h",0.0787,1.7511111,-17.707464,-0.79701837,4368.3049,18.246036,69.390072
"cleat 20x20 mm 80 km/h",0.0789,1.7555556,-25.827972,-0.89651919,4359.3781,15.489523,69.392353
"cleat 20x20 mm 80 km/h",0.0791,1.76,-33.309166,-0.99610868,4349.0249,12.355519,69.394289
"cleat 20x20 mm 80 km/h",0.0793,1.7644444,-40.258102,-1.0830116,4338.7455,8.9205934,69.395834
"cleat 20x20 mm 80 km/h",0.0795,1.7688889,-46.554742,-1.1542233,4328.0857,5.2841719,69.396949
"cleat 20x20 mm 80 km/h",0.0797,1.7733333,-51.981511,-1.2164762,4315.1589,1.5157386,69.397609
"cleat 20x20 mm 80 km/h",0.0799,1.7777778,-56.523209,-1.2676552,4299.1789,-2.3402225,69.397799
"cleat 20x20 mm 80 km/h",0.0801,1.7822222,-60.266315,-1.314887,4281.4378,-6.2518898,69.397506
"cleat 20x20 mm 80 km/h",0.0803,1.7866667,-63.361962,-1.3593857,4264.0886,-10.153736,69.396725
"cleat 20x20 mm 80 km/h",0.0805,1.7911111,-65.900757,-1.3978027,4248.5007,-13.946224,69.395455
"cleat 20x20 mm 80 km/h",0.0807,1.7955556,-67.791721,-1.4283588,4233.8332,-17.521769,69.393712
"cleat 20x20 mm 80 km/h",0.0809,1.8,-68.937257,-1.4527308,4218.5902,-20.812753,69.391522
"cleat 20x20 mm 80 km/h",0.0811,1.8044444,-69.392047,-1.4670021,4202.6316,-23.800686,69.38892
"cleat 20x20 mm 80 km/h",0.0813,1.8088889,-69.357575,-1.4669984,4187.7409,-26.475312,69.385945
"cleat 20x20 mm 80 km/h",0.0815,1.8133333,-69.080742,-1.4731957,4175.9844,-28.792472,69.382636
"cleat 20x20 mm 80 km/h",0.0817,1.8177778,-68.796262,-1.4727809,4167.8512,-30.660456,69.379037
"cleat 20x20 mm 80 km/h",0.0819,1.8222222,-68.433911,-1.477947,4161.8029,-32.055797,69.375204
"cleat 20x20 mm 80 km/h",0.0821,1.8266667,-67.998489,-1.4804146,4156.1977,-32.970299,69.371197
"cleat 20x20 mm 80 km/h",0.0823,1.8311111,-67.568135,-1.481295,4151.026,-33.445212,69.367076
"cleat 20x20 mm 80 km/h",0.0825,1.8355556,-67.327816,-1.4867238,4148.3283,-33.51979,69.362895
"cleat 20x20 mm 80 km/h",0.0827,1.84,-67.411291,-1.4925237,4149.5701,-33.182085,69.358705
"cleat 20x20 mm 80 km/h",0.0829,1.8444444,-67.640198,-1.490771,4153.9767,-32.392699,69.354557
"cleat 20x20 mm 80 km/h",0.0831,1.8488889,-67.661397,-1.4839985,4159.4157,-31.169381,69.350508
"cleat 20x20 mm 80 km/h",0.0833,1.8533333,-67.318865,-1.4715848,4164.7872,-29.564668,69.346612
"cleat 20x20 mm 80 km/h",0.0835,1.8577778,-66.542654,-1.4608043,4170.9585,-27.657769,69.342917
"cleat 20x20 mm 80 km/h",0.0837,1.8622222,-65.345349,-1.4492385,4179.8948,-25.514831,69.339459
"cleat 20x20 mm 80 km/h",0.0839,1.8666667,-63.645848,-1.4362278,4192.0086,-23.129331,69.33627
"cleat 20x20 mm 80 km/h",0.0841,1.8711111,-61.248361,-1.4174854,4205.7934,-20.503046,69.333379
"cleat 20x20 mm 80 km/h",0.0843,1.8755556,-58.016508,-1.3971704,4219.2133,-17.683301,69.330816
"cleat 20x20 mm 80 km/h",0.0845,1.88,-53.996429,-1.370732,4231.554,-14.75193,69.328606
"cleat 20x20 mm 80 km/h",0.0847,1.8844444,-49.390224,-1.3366389,4244.0964,-11.798599,69.326762
"cleat 20x20 mm 80 km/h",0.0849,1.8888889,-44.46546,-1.3089534,4258.4563,-8.8592369,69.325287
"cleat 20x20 mm 80 km/h",0.0851,1.8933333,-39.467975,-1.2759495,4274.6223,-5.9118135,69.324179
"cleat 20x20 mm 80 km/h",0.0853,1.8977778,-34.357726,-1.2485209,4290.5363,-2.9885195,69.32344
"cleat 20x20 mm 80 km/h",0.0855,1.9022222,-29.181525,-1.219415,4304.1419,-0.1248375,69.323067
"cleat 20x20 mm 80 km/h",0.0857,1.9066667,-24.059997,-1.184352,4315.0906,2.6009487,69.323051
"cleat 20x20 mm 80 km/h",0.0859,1.9111111,-19.241052,-1.1557414,4325.1346,5.1251692,69.323376
"cleat 20x20 mm 80 km/h",0.0861,1.9155556,-14.956448,-1.1224476,4335.402,7.4508463,69.324017
"cleat 20x20 mm 80 km/h",0.0863,1.92,-11.161024,-1.0746085,4345.0536,9.6043578,69.324948
"cleat 20x20 mm 80 km/h",0.0865,1.9244444,-7.6799593,-1.0186892,4351.9682,11.567052,69.326149
"cleat 20x20 mm 80 km/h",0.0867,1.9288889,-4.5195668,-0.95369551,4355.0358,13.295444,69.327595
"cleat 20x20 mm 80 km/h",0.0869,1.9333333,-1.7722899,-0.88716955,4355.1886,14.731179,69.329257
"cleat 20x20 mm 80 km/h",0.0871,1.9377778,0.38179253,-0.81909914,4354.4025,15.8457,69.331098
"cleat 20x20 mm 80 km/h",0.0873,1.9422222,1.8451416,-0.74558821,4353.6012,16.667749,69.333079
"cleat 20x20 mm 80 km/h",0.0875,1.9466667,2.7205372,-0.66631068,4351.4858,17.222016,69.335162
"cleat 20x20 mm 80 km/h",0.0877,1.9511111,3.0948292,-0.58598697,4346.3333,17.510993,69.337315
"cleat 20x20 mm 80 km/h",0.0879,1.9555556,2.9445213,-0.50320708,4337.8664,17.493425,69.339504
"cleat 20x20 mm 80 km/h",0.0881,1.96,2.130868,-0.41465337,4327.8136,17.13721,69.341691
"cleat 20x20 mm 80 km/h",0.0883,1.9644444,0.49632116,-0.32622524,4318.1949,16.465393,69.343833
"cleat 20x20 mm 80 km/h",0.0885,1.9688889,-2.0474515,-0.23043845,4309.402,15.554513,69.345891
"cleat 20x20 mm 80 km/h",0.0887,1.9733333,-5.2538288,-0.13775717,4299.8491,14.423205,69.347835
"cleat 20x20 mm 80 km/h",0.0889,1.9777778,-8.9619134,-0.042468615,4287.9687,13.092077,69.349638
"cleat 20x20 mm 80 km/h",0.0891,1.9822222,-13.100581,0.055082293,4273.9277,11.544641,69.351275
"cleat 20x20 mm 80 km/h",0.0893,1.9866667,-17.744767,0.14155109,4260.0472,9.7747296,69.352718
"cleat 20x20 mm 80 km/h",0.0895,1.9911111,-22.960889,0.226772,4247.7985,7.8525322,69.35394
"cleat 20x20 mm 80 km/h",0.0897,1.9955556,-28.544683,0.31353493,4236.8979,5.8507608,69.354921
"cleat 20x20 mm 80 km/h",0.0899,2,-34.18204,0.39647699,4225.5084,3.8087897,69.355652
"cleat 20x20 mm 80 km/h",0.0901,2.0044444,-39.771088,0.48005872,4212.8904,1.7362137,69.356129
"cleat 20x20 mm 80 km/h",0.0903,2.0088889,-45.320381,0.55520303,4200.3807,-0.37490929,69.356346
"cleat 20x20 mm 80 km/h",0.0905,2.0133333,-50.925014,0.62327674,4190.3978,-2.5155048,69.356299
"cleat 20x20 mm 80 km/h",0.0907,2.0177778,-56.571443,0.68863092,4183.7061,-4.6051274,69.355984
"cleat 20x20 mm 80 km/h",0.0909,2.0222222,-62.077226,0.74969367,4179.1427,-6.5759874,69.355409
"cleat 20x20 mm 80 km/h",0.0911,2.0266667,-67.296338,0.80462458,4175.0996,-8.3981531,69.354587
"cleat 20x20 mm 80 km/h",0.0913,2.0311111,-72.201308,0.85755097,4171.0586,-10.0741,69.353537
"cleat 20x20 mm 80 km/h",0.0915,2.0355556,-76.887697,0.91087332,4168.6429,-11.622008,69.352278
"cleat 20x20 mm 80 km/h",0.0917,2.04,-81.45721,0.94708624,4169.4956,-13.006085,69.350825
"cleat 20x20 mm 80 km/h",0.0919,2.0444444,-85.990181,0.98048432,4173.7951,-14.142096,69.349199
"cleat 20x20 mm 80 km/h",0.0921,2.0488889,-90.273594,1.0007479,4179.7136,-15.004943,69.347431
"cleat 20x20 mm 80 km/h",0.0923,2.0533333,-94.179777,1.0152568,4185.3574,-15.579822,69.345556
"cleat 20x20 mm 80 km/h",0.0925,2.0577778,-97.66796,1.0295896,4190.5906,-15.903938,69.343608
"cleat 20x20 mm 80 km/h",0.0927,2.0622222,-100.83338,1.0304929,4197.3195,-16.008127,69.34162
"cleat 20x20 mm 80 km/h",0.0929,2.0666667,-103.74904,1.0255392,4206.6765,-15.861408,69.339619
"cleat 20x20 mm 80 km/h",0.0931,2.0711111,-106.25138,1.023672,4217.9265,-15.419327,69.337637
"cleat 20x20 mm 80 km/h",0.0933,2.0755556,-108.05319,1.0211947,4228.9249,-14.687773,69.335709
"cleat 20x20 mm 80 km/h",0.0935,2.08,-109.07663,1.0217663,4238.5551,-13.706684,69.333873
"cleat 20x20 mm 80 km/h",0.0937,2.0844444,-109.33564,1.0167774,4247.6728,-12.541854,69.33216
"cleat 20x20 mm 80 km/h",0.0939,2.0888889,-108.93626,1.0069203,4258.1606,-11.239244,69.330592
"cleat 20x20 mm 80 km/h",0.0941,2.0933333,-107.89715,0.99558058,4270.4476,-9.7812005,69.329187
"cleat 20x20 mm 80 km/h",0.0943,2.0977778,-106.08528,0.98486933,4282.9587,-8.1566336,69.327965
"cleat 20x20 mm 80 km/h",0.0945,2.1022222,-103.38856,0.97025113,4293.6703,-6.3977215,69.326945
"cleat 20x20 mm 80 km/h",0.0947,2.1066667,-99.845091,0.95897889,4301.8497,-4.5697904,69.326145
"cleat 20x20 mm 80 km/h",0.0949,2.1111111,-95.631349,0.95285788,4308.8072,-2.7393159,69.325574
"cleat 20x20 mm 80 km/h",0.0951,2.1155556,-90.963198,0.94012364,4316.1979,-0.92529743,69.325232
"cleat 20x20 mm 80 km/h",0.0953,2.12,-86.034829,0.93111487,4324.0802,0.90908347,69.325116
"cleat 20x20 mm 80 km/h",0.0955,2.1244444,-80.751738,0.91524227,4330.5967,2.7471795,69.32523
"cleat 20x20 mm 80 km/h",0.0957,2.1288889,-75.114895,0.90015022,4333.9201,4.5657672,69.325573
"cleat 20x20 mm 80 km/h",0.0959,2.1333333,-69.224789,0.88599015,4333.988,6.2997054,69.326144
"cleat 20x20 mm 80 km/h",0.0961,2.1377778,-63.343009,0.86239137,4332.8847,7.9005552,69.326931
"cleat 20x20 mm 80 km/h",0.0963,2.1422222,-57.743865,0.83926871,4332.049,9.3865728,69.327919
"cleat 20x20 mm 80 km/h",0.0965,2.1466667,-52.425966,0.82049849,4330.9643,10.786555,69.329092
"cleat 20x20 mm 80 km/h",0.0967,2.1511111,-47.258108,0.80225975,4327.6509,12.088001,69.33044
"cleat 20x20 mm 80 km/h",0.0969,2.1555556,-42.304902,0.78776478,4321.221,13.249897,69.331951
"cleat 20x20 mm 80 km/h",0.0971,2.16,-37.71979,0.77201759,4312.8671,14.216342,69.333608
"cleat 20x20 mm 80 km/h",0.0973,2.1644444,-33.735248,0.75548067,4304.887,14.954348,69.335385
"cleat 20x20 mm 80 km/h",0.0975,2.1688889,-30.448436,0.74149562,4297.9787,15.502655,69.337254
"cleat 20x20 mm 80 km/h",0.0977,2.1733333,-27.759435,0.7296772,4290.8486,15.880114,69.339192
"cleat 20x20 mm 80 km/h",0.0979,2.1777778,-25.604796,0.72141321,4281.9249,16.083865,69.341177
"cleat 20x20 mm 80 km/h",0.0981,2.1822222,-23.994828,0.71591643,4270.8246,16.078108,69.343187
"cleat 20x20 mm 80 km/h",0.0983,2.1866667,-23.062478,0.71528742,4259.3507,15.820626,69.345197
"cleat 20x20 mm 80 km/h",0.0985,2.1911111,-22.954726,0.70978258,4249.4784,15.33222,69.347175
"cleat 20x20 mm 80 km/h",0.0987,2.1955556,-23.75832,0.70598402,4241.6534,14.681763,69.349091
"cleat 20x20 mm 80 km/h",0.0989,2.2,-25.237426,0.69458917,4234.185,13.891568,69.350926
"cleat 20x20 mm 80 km/h",0.0991,2.2044444,-27.258726,0.68229872,4225.5088,12.977023,69.352663
"cleat 20x20 mm 80 km/h",0.0993,2.2088889,-29.787077,0.67497857,4215.9121,11.907007,69.354285
"cleat 20x20 mm 80 km/h",0.0995,2.2133333,-32.951109,0.65819787,4207.7001,10.671093,69.355773
"cleat 20x20 mm 80 km/h",0.0997,2.2177778,-36.860827,0.63734512,4202.4037,9.3252907,69.357107
"cleat 20x20 mm 80 km/h",0.0999,2.2222222,-41.337806,0.6155764,4199.3831,7.9413171,69.358273
"cleat 20x20 mm 80 km/h",0.1001,2.2266667,-46.091852,0.59039706,4196.599,6.5446288,69.359266
"cleat 20x20 mm 120 km/h",-0.015,-0.49666667,-77.777163,0.81312625,4570.2584,0.089707034,103.85373
"cleat 20x20 mm 120 km/h",-0.0148,-0.49,-77.504254,0.82346224,4569.5576,0.11419895,103.85374
"cleat 20x20 mm 120 km/h",-0.0146,-0.48333333,-77.504131,0.83311756,4569.0614,0.056395077,103.85376
"cleat 20x20 mm 120 km/h",-0.0144,-0.47666667,-77.824053,0.83665796,4569.7415,0.0013586658,103.85376
"cleat 20x20 mm 120 km/h",-0.0142,-0.47,-77.9285,0.83944406,4570.4229,0.030254788,103.85376
"cleat 20x20 mm 120 km/h",-0.014,-0.46333333,-77.829788,0.84049932,4569.9615,0.053885747,103.85377
"cleat 20x20 mm 120 km/h",-0.0138,-0.45666667,-78.087327,0.84070841,4569.8971,-0.016256905,103.85377
"cleat 20x20 mm 120 km/h",-0.0136,-0.45,-78.572314,0.83091827,4570.6432,-0.067795011,103.85377
"cleat 20x20 mm 120 km/h",-0.0134,-0.44333333,-78.787795,0.81913102,4570.826,-0.046345674,103.85376
"cleat 20x20 mm 120 km/h",-0.0132,-0.43666667,-78.887874,0.8084931,4569.7863,-0.050387273,103.85376
"cleat 20x20 mm 120 km/h",-0.013,-0.43,-79.376819,0.7968635,4569.5981,-0.13355574,103.85375
"cleat 20x20 mm 120 km/h",-0.0128,-0.42333333,-79.938527,0.78477173,4570.3453,-0.16352471,103.85373
"cleat 20x20 mm 120 km/h",-0.0126,-0.41666667,-80.116574,0.77545218,4570.4282,-0.13189974,103.85371
"cleat 20x20 mm 120 km/h",-0.0124,-0.41,-80.257426,0.76999716,4569.8209,-0.15076025,103.85369
"cleat 20x20 mm 120 km/h",-0.0122,-0.40333333,-80.659287,0.76343592,4570.0032,-0.21964378,103.85367
"cleat 20x20 mm 120 km/h",-0.012,-0.39666667,-80.914908,0.75470555,4570.6188,-0.2182786,103.85364
"cleat 20x20 mm 120 km/h",-0.0118,-0.39,-80.751092,0.75158895,4570.0995,-0.16841802,103.85362
"cleat 20x20 mm 120 km/h",-0.0116,-0.38333333,-80.677313,0.75406367,4569.1832,-0.19236481,103.8536
"cleat 20x20 mm 120 km/h",-0.0114,-0.37666667,-80.910898,0.74928559,4569.5329,-0.24852906,103.85357
"cleat 20x20 mm 120 km/h",-0.0112,-0.37,-80.954609,0.74512699,4570.0772,-0.22380981,103.85354
"cleat 20x20 mm 120 km/h",-0.011,-0.36333333,-80.685971,0.74227197,4569.3661,-0.17884369,103.85351
"cleat 20x20 mm 120 km/h",-0.0108,-0.35666667,-80.717806,0.74089702,4569.1608,-0.21893393,103.85349
"cleat 20x20 mm 120 km/h",-0.0106,-0.35,-80.958914,0.7364641,4569.9498,-0.2518642,103.85346
"cleat 20x20 mm 120 km/h",-0.0104,-0.34333333,-80.909358,0.73640308,4570.661,-0.21019036,103.85343
"cleat 20x20 mm 120 km/h",-0.0102,-0.33666667,-80.64324,0.74328909,4570.215,-0.18053308,103.85341
"cleat 20x20 mm 120 km/h",-0.01,-0.33,-80.66243,0.75173323,4570.1809,-0.23378594,103.85338
"cleat 20x20 mm 120 km/h",-0.0098,-0.32333333,-80.757368,0.75677655,4570.869,-0.25115747,103.85335
"cleat 20x20 mm 120 km/h",-0.0096,-0.31666667,-80.450543,0.76447574,4570.6956,-0.18980658,103.85332
"cleat 20x20 mm 120 km/h",-0.0094,-0.31,-80.061753,0.7746962,4569.676,-0.16144234,103.8533
"cleat 20x20 mm 120 km/h",-0.0092,-0.30333333,-80.046841,0.78081693,4569.6623,-0.18880158,103.85328
"cleat 20x20 mm 120 km/h",-0.009,-0.29666667,-80.031633,0.78354914,4570.3368,-0.14338081,103.85326
"cleat 20x20 mm 120 km/h",-0.0088,-0.29,-79.657049,0.78518053,4570.1935,-0.0413215,103.85324
"cleat 20x20 mm 120 km/h",-0.0086,-0.28333333,-79.374389,0.79029869,4569.5941,-0.0097413331,103.85324
"cleat 20x20 mm 120 km/h",-0.0084,-0.27666667,-79.460653,0.7937695,4570.0263,-0.025938016,103.85324
"cleat 20x20 mm 120 km/h",-0.0082,-0.27,-79.472256,0.79837445,4570.7836,0.032147277,103.85323
"cleat 20x20 mm 120 km/h",-0.008,-0.26333333,-79.162899,0.80595943,4570.2925,0.11960362,103.85324
"cleat 20x20 mm 120 km/h",-0.0078,-0.25666667,-79.077322,0.8166177,4569.6601,0.12631857,103.85326
"cleat 20x20 mm 120 km/h",-0.0076,-0.25,-79.342872,0.82090383,4570.3004,0.1220813,103.85327
"cleat 20x20 mm 120 km/h",-0.0074,-0.24333333,-79.418124,0.82801255,4571.0958,0.19520444,103.85329
"cleat 20x20 mm 120 km/h",-0.0072,-0.23666667,-79.246351,0.83608508,4570.7208,0.264712,103.85332
"cleat 20x20 mm 120 km/h",-0.007,-0.23,-79.345232,0.84810362,4570.545,0.24474555,103.85335
"cleat 20x20 mm 120 km/h",-0.0068,-0.22333333,-79.597747,0.85046303,4571.17,0.23537459,103.85338
"cleat 20x20 mm 120 km/h",-0.0066,-0.21666667,-79.513462,0.85342549,4571.2505,0.29989291,103.85341
"cleat 20x20 mm 120 km/h",-0.0064,-0.21,-79.216816,0.85969104,4569.9068,0.3453664,103.85345
"cleat 20x20 mm 120 km/h",-0.0062,-0.20333333,-79.244961,0.86316163,4569.219,0.30438913,103.85349
"cleat 20x20 mm 120 km/h",-0.006,-0.19666667,-79.379056,0.86231807,4569.5787,0.30441051,103.85353
"cleat 20x20 mm 120 km/h",-0.0058,-0.19,-79.150705,0.86149303,4569.2945,0.364836,103.85357
"cleat 20x20 mm 120 km/h",-0.0056,-0.18333333,-78.937219,0.86066695,4568.6459,0.36276344,103.85362
"cleat 20x20 mm 120 km/h",-0.0054,-0.17666667,-79.060689,0.85839897,4568.9808,0.29865463,103.85366
"cleat 20x20 mm 120 km/h",-0.0052,-0.17,-79.087385,0.85608154,4569.8252,0.28904738,103.8537
"cleat 20x20 mm 120 km/h",-0.005,-0.16333333,-78.75203,0.85696309,4569.6959,0.31669987,103.85373
"cleat 20x20 mm 120 km/h",-0.0048,-0.15666667,-78.54633,0.86188293,4569.1664,0.26416797,103.85377
"cleat 20x20 mm 120 km/h",-0.0046,-0.15,-78.938814,0.85643846,4570.9288,0.078705949,103.8538
"cleat 20x20 mm 120 km/h",-0.0044,-0.14333333,-83.356223,0.84664973,4589.4745,-1.0744184,103.8538
"cleat 20x20 mm 120 km/h",-0.0042,-0.13666667,-100.52901,0.8350025,4658.5806,-4.8917402,103.8536
"cleat 20x20 mm 120 km/h",-0.004,-0.13,-138.92522,0.82756801,4819.4415,-12.947237,103.8528
"cleat 20x20 mm 120 km/h",-0.0038,-0.12333333,-193.41008,0.83453949,5081.6055,-25.450967,103.85086
"cleat 20x20 mm 120 km/h",-0.0036,-0.11666667,-247.2991,0.85253574,5416.0984,-41.270279,103.84723
"cleat 20x20 mm 120 km/h",-0.0034,-0.11,-281.58193,0.88300867,5776.5478,-59.20054,103.84153
"cleat 20x20 mm 120 km/h",-0.0032,-0.10333333,-282.37193,0.91196435,6119.1246,-78.554093,103.83355
"cleat 20x20 mm 120 km/h",-0.003,-0.096666667,-247.50983,0.90998864,6421.0253,-98.876542,103.8231
"cleat 20x20 mm 120 km/h",-0.0028,-0.09,-182.39229,0.87256628,6675.1788,-119.78393,103.81009
"cleat 20x20 mm 120 km/h",-0.0026,-0.083333333,-94.21294,0.81959911,6882.5441,-141.28559,103.79445
"cleat 20x20 mm 120 km/h",-0.0024,-0.076666667,8.513979,0.75391911,7052.0767,-163.5484,103.77611
"cleat 20x20 mm 120 km/h",-0.0022,-0.07,116.48316,0.6866778,7199.9007,-186.49397,103.75495
"cleat 20x20 mm 120 km/h",-0.002,-0.063333333,221.8114,0.62317548,7342.3349,-209.78811,103.7309
"cleat 20x20 mm 120 km/h",-0.0018,-0.056666667,318.56763,0.55657315,7492.7635,-233.00686,103.70394
"cleat 20x20 mm 120 km/h",-0.0016,-0.05,402.83567,0.4749358,7662.3773,-255.59864,103.67409
"cleat 20x20 mm 120 km/h",-0.0014,-0.043333333,473.29431,0.39124828,7856.1579,-276.80353,103.64144
"cleat 20x20 mm 120 km/h",-0.0012,-0.036666667,530.3369,0.30683903,8072.7918,-295.85673,103.6062
"cleat 20x20 mm 120 km/h",-0.001,-0.03,574.59392,0.23068951,8306.7712,-311.87323,103.56865
"cleat 20x20 mm 120 km/h",-0.0008,-0.023333333,606.78263,0.16492783,8548.3264,-324.02657,103.52921
"cleat 20x20 mm 120 km/h",-0.0006,-0.016666667,626.63234,0.096080521,8782.8518,-331.56499,103.48839
"cleat 20x20 mm 120 km/h",-0.0004,-0.01,633.26858,0.022328109,8993.3769,-333.94225,103.44677
"cleat 20x20 mm 120 km/h",-0.0002,-0.0033333333,623.20989,-0.047076762,9164.3952,-330.34888,103.40503
"cleat 20x20 mm 120 km/h",-7.5569434e-15,0.0033333333,590.7638,-0.09583262,9281.3585,-319.82809,103.36394
"cleat 20x20 mm 120 km/h",0.0002,0.01,530.62822,-0.073176442,9330.7715,-301.7087,103.3244
"cleat 20x20 mm 120 km/h",0.0004,0.016666667,439.1457,0.026749451,9308.4732,-275.89411,103.28736
"cleat 20x20 mm 120 km/h",0.0006,0.023333333,315.02127,0.14728521,9214.449,-242.89064,103.25379
"cleat 20x20 mm 120 km/h",0.0008,0.03,158.97491,0.26439123,9053.5921,-203.45049,103.22456
"cleat 20x20 mm 120 km/h",0.001,0.036666667,-26.402791,0.35218275,8835.9271,-158.19075,103.20045
"cleat 20x20 mm 120 km/h",0.0012,0.043333333,-237.44807,0.41474081,8587.5753,-107.79986,103.18217
"cleat 20x20 mm 120 km/h",0.0014,0.05,-470.36897,0.48069329,8353.9571,-52.827923,103.17034
"cleat 20x20 mm 120 km/h",0.0016,0.056666667,-721.63736,0.5529071,8183.343,6.5736902,103.16552
"cleat 20x20 mm 120 km/h",0.0018,0.063333333,-985.06958,0.58343632,8077.5572,70.173831,103.16827
"cleat 20x20 mm 120 km/h",0.002,0.07,-1253.5437,0.51736928,8013.867,136.58457,103.17909
"cleat 20x20 mm 120 km/h",0.0022,0.076666667,-1522.8997,0.37261847,7967.801,204.01782,103.19827
"cleat 20x20 mm 120 km/h",0.0024,0.083333333,-1792.2002,0.1856574,7917.1794,271.31149,103.22589
"cleat 20x20 mm 120 km/h",0.0026,0.09,-2062.4445,0.026670076,7843.2123,337.49007,103.26191
"cleat 20x20 mm 120 km/h",0.0028,0.096666667,-2333.8605,-0.06569258,7731.6591,401.49598,103.30614
"cleat 20x20 mm 120 km/h",0.003,0.10333333,-2601.4555,-0.087473124,7572.6633,462.19963,103.3583
"cleat 20x20 mm 120 km/h",0.0032,0.11,-2855.7559,-0.12860274,7367.7605,518.07703,103.41793
"cleat 20x20 mm 120 km/h",0.0034,0.11666667,-3079.3219,-0.24784912,7124.539,567.30453,103.48436
"cleat 20x20 mm 120 km/h",0.0036,0.12333333,-3249.2664,-0.45509393,6849.7313,607.56203,103.5567
"cleat 20x20 mm 120 km/h",0.0038,0.13,-3343.7531,-0.71575174,6548.8488,637.11922,103.63377
"cleat 20x20 mm 120 km/h",0.004,0.13666667,-3341.9556,-0.98021595,6226.4456,654.49742,103.71417
"cleat 20x20 mm 120 km/h",0.0042,0.14333333,-3225.6398,-1.3069754,5885.1385,658.99387,103.79635
"cleat 20x20 mm 120 km/h",0.0044,0.15,-2983.0058,-1.7720367,5530.06,650.70177,103.87868
"cleat 20x20 mm 120 km/h",0.0046,0.15666667,-2612.1948,-2.348923,5162.915,630.02023,103.95959
"cleat 20x20 mm 120 km/h",0.0048,0.16333333,-2122.5727,-2.9453046,4778.5559,597.37267,104.03753
"cleat 20x20 mm 120 km/h",0.005,0.17,-1535.1531,-3.4881265,4373.7564,553.32285,104.11101
"cleat 20x20 mm 120 km/h",0.0052,0.17666667,-880.07984,-3.9428338,3950.1298,498.91209,104.17865
"cleat 20x20 mm 120 km/h",0.0054,0.18333333,-192.38252,-4.2989799,3513.5197,435.64765,104.23918
"cleat 20x20 mm 120 km/h",0.0056,0.19,492.01599,-4.5702339,3077.1046,365.38513,104.29155
"cleat 20x20 mm 120 km/h",0.0058,0.19666667,1139.8433,-4.8185223,2654.957,290.6181,104.33495
"cleat 20x20 mm 120 km/h",0.006,0.20333333,1723.5016,-5.1301367,2262.0202,214.3169,104.36891
"cleat 20x20 mm 120 km/h",0.0062,0.21,2222.6087,-5.4807927,1914.6494,139.65169,104.39333
"cleat 20x20 mm 120 km/h",0.0064,0.21666667,2625.6655,-5.7425541,1624.9983,69.512503,104.40851
"cleat 20x20 mm 120 km/h",0.0066,0.22333333,2927.9942,-5.7961528,1401.0898,6.0665007,104.4151
"cleat 20x20 mm 120 km/h",0.0068,0.23,3128.9489,-5.6378844,1250.4435,-49.608926,104.41399
"cleat 20x20 mm 120 km/h",0.007,0.23666667,3229.664,-5.3239659,1174.5959,-96.708263,104.40618
"cleat 20x20 mm 120 km/h",0.0072,0.24333333,3232.1198,-4.9700656,1171.4487,-134.94625,104.39275
"cleat 20x20 mm 120 km/h",0.0074,0.25,3137.2948,-4.6960212,1242.0294,-164.65837,104.37482
"cleat 20x20 mm 120 km/h",0.0076,0.25666667,2946.2949,-4.579463,1383.0329,-186.26773,104.35343
"cleat 20x20 mm 120 km/h",0.0078,0.26333333,2661.559,-4.6013787,1586.9508,-200.45787,104.32959
"cleat 20x20 mm 120 km/h",0.008,0.27,2286.4691,-4.6512713,1848.0736,-207.97518,104.30419
"cleat 20x20 mm 120 km/h",0.0082,0.27666667,1827.8772,-4.6496154,2161.4933,-209.67098,104.27805
"cleat 20x20 mm 120 km/h",0.0084,0.28333333,1298.794,-4.5938352,2518.9354,-206.69495,104.25186
"cleat 20x20 mm 120 km/h",0.0086,0.29,716.76283,-4.5182274,2912.1462,-199.89577,104.22617
"cleat 20x20 mm 120 km/h",0.0088,0.29666667,103.57258,-4.4688021,3332.5798,-189.91128,104.20144
"cleat 20x20 mm 120 km/h",0.009,0.30333333,-514.19742,-4.4836521,3771.9551,-177.85842,104.17805
"cleat 20x20 mm 120 km/h",0.0092,0.31,-1108.1357,-4.5858652,4221.7972,-164.79067,104.15621
"cleat 20x20 mm 120 km/h",0.0094,0.31666667,-1651.2622,-4.7646569,4671.2441,-151.43409,104.13602
"cleat 20x20 mm 120 km/h",0.0096,0.32333333,-2119.9916,-4.9930446,5109.6901,-138.77754,104.1175
"cleat 20x20 mm 120 km/h",0.0098,0.33,-2496.5404,-5.245084,5531.4782,-127.77867,104.10052
"cleat 20x20 mm 120 km/h",0.01,0.33666667,-2770.5012,-5.4812682,5930.8205,-118.8474,104.08486
"cleat 20x20 mm 120 km/h",0.0102,0.34333333,-2939.0963,-5.6557737,6300.2267,-112.14269,104.07025
"cleat 20x20 mm 120 km/h",0.0104,0.35,-3007.0678,-5.7397783,6636.5321,-107.73207,104.0564
"cleat 20x20 mm 120 km/h",0.0106,0.35666667,-2984.6957,-5.7487511,6937.7529,-105.48193,104.04303
"cleat 20x20 mm 120 km/h",0.0108,0.36333333,-2886.0649,-5.703355,7200.57,-105.11686,104.02988
"cleat 20x20 mm 120 km/h",0.011,0.37,-2727.745,-5.5988965,7423.2196,-106.2197,104.01672
"cleat 20x20 mm 120 km/h",0.0112,0.37666667,-2525.9587,-5.4116774,7603.7629,-108.03828,104.00339
"cleat 20x20 mm 120 km/h",0.0114,0.38333333,-2293.7425,-5.0850589,7736.4683,-109.76963,103.98982
"cleat 20x20 mm 120 km/h",0.0116,0.39,-2041.5613,-4.5526503,7815.2911,-110.68637,103.97605
"cleat 20x20 mm 120 km/h",0.0118,0.39666667,-1777.0031,-3.7851868,7835.1338,-109.92852,103.96221
"cleat 20x20 mm 120 km/h",0.012,0.40333333,-1503.723,-2.8011575,7790.7456,-106.63348,103.94852
"cleat 20x20 mm 120 km/h",0.0122,0.41,-1222.636,-1.6879232,7677.2568,-100.42473,103.93534
"cleat 20x20 mm 120 km/h",0.0124,0.41666667,-934.56588,-0.5650662,7493.3576,-91.249697,103.92302
"cleat 20x20 mm 120 km/h",0.0126,0.42333333,-640.12488,0.45106466,7241.9554,-79.151537,103.91194
"cleat 20x20 mm 120 km/h",0.0128,0.43,-339.85995,1.2842569,6927.7133,-64.344236,103.90247
"cleat 20x20 mm 120 km/h",0.013,0.43666667,-35.724226,1.8995892,6556.2586,-47.374543,103.89493
"cleat 20x20 mm 120 km/h",0.0132,0.44333333,268.61728,2.314887,6137.0501,-28.971003,103.88956
"cleat 20x20 mm 120 km/h",0.0134,0.45,568.8158,2.575877,5685.8621,-9.9379778,103.88653
"cleat 20x20 mm 120 km/h",0.0136,0.45666667,859.86007,2.7451943,5218.3513,8.8948513,103.88588
"cleat 20x20 mm 120 km/h",0.0138,0.46333333,1136.4098,2.8596573,4746.5606,26.687539,103.88757
"cleat 20x20 mm 120 km/h",0.014,0.47,1393.2788,2.9241523,4283.1791,42.714551,103.89144
"cleat 20x20 mm 120 km/h",0.0142,0.47666667,1625.6978,2.9266,3841.8929,56.416653,103.89725
"cleat 20x20 mm 120 km/h",0.0144,0.48333333,1829.5506,2.8837013,3431.7574,67.516022,103.90469
"cleat 20x20 mm 120 km/h",0.0146,0.49,2001.4194,2.8146312,3056.1216,75.908761,103.91344
"cleat 20x20 mm 120 km/h",0.0148,0.49666667,2138.0556,2.7676828,2717.0473,81.654555,103.92315
"cleat 20x20 mm 120 km/h",0.015,0.50333333,2236.4922,2.7723763,2418.2336,84.968759,103.9335
"cleat 20x20 mm 120 km/h",0.0152,0.51,2294.2734,2.8419594,2159.0643,86.353885,103.94419
"cleat 20x20 mm 120 km/h",0.0154,0.51666667,2308.9996,2.9641407,1937.3859,86.308386,103.95501
"cleat 20x20 mm 120 km/h",0.0156,0.52333333,2278.4104,3.1045406,1754.4314,85.211216,103.96578
"cleat 20x20 mm 120 km/h",0.0158,0.53,2201.3025,3.2110347,1615.0133,83.421389,103.97639
"cleat 20x20 mm 120 km/h",0.016,0.53666667,2078.0546,3.2364193,1522.9004,81.375406,103.98675
"cleat 20x20 mm 120 km/h",0.0162,0.54333333,1910.0509,3.149637,1482.0033,79.360309,103.99687
"cleat 20x20 mm 120 km/h",0.0164,0.55,1699.7339,2.9573073,1499.1697,77.445049,104.00673
"cleat 20x20 mm 120 km/h",0.0166,0.55666667,1452.2495,2.6854535,1579.5311,75.67433,104.01635
"cleat 20x20 mm 120 km/h",0.0168,0.56333333,1174.7769,2.3771187,1724.8752,73.991514,104.02576
"cleat 20x20 mm 120 km/h",0.017,0.57,874.84613,2.0699092,1934.2582,72.059055,104.03496
"cleat 20x20 mm 120 km/h",0.0172,0.57666667,560.22733,1.7850589,2205.8209,69.380547,104.0439
"cleat 20x20 mm 120 km/h",0.0174,0.58333333,240.20172,1.5091768,2532.6,65.520221,104.05247
"cleat 20x20 mm 120 km/h",0.0176,0.59,-76.113876,1.227441,2904.2158,60.020465,104.06052
"cleat 20x20 mm 120 km/h",0.0178,0.59666667,-381.33889,0.93228657,3310.1829,52.285681,104.06782
"cleat 20x20 mm 120 km/h",0.018,0.60333333,-668.71248,0.62762791,3738.5542,41.91878,104.07408
"cleat 20x20 mm 120 km/h",0.0182,0.61,-931.11047,0.31810644,4176.6765,28.791865,104.07895
"cleat 20x20 mm 120 km/h",0.0184,0.61666667,-1162.6463,0.039281469,4613.1995,12.895479,104.0821
"cleat 20x20 mm 120 km/h",0.0186,0.62333333,-1359.1447,-0.19295201,5039.3061,-5.7352651,104.08317
"cleat 20x20 mm 120 km/h",0.0188,0.63,-1516.4193,-0.37283544,5446.4878,-26.715454,104.08183
"cleat 20x20 mm 120 km/h",0.019,0.63666667,-1630.0887,-0.48805976,5827.7145,-49.424257,104.0778
"cleat 20x20 mm 120 km/h",0.0192,0.64333333,-1697.1489,-0.54111056,6177.5584,-73.301242,104.07089
"cleat 20x20 mm 120 km/h",0.0194,0.65,-1716.3967,-0.54026439,6492.5015,-97.812044,104.06097
"cleat 20x20 mm 120 km/h",0.0196,0.65666667,-1687.2915,-0.49425141,6768.9005,-122.21798,104.04797
"cleat 20x20 mm 120 km/h",0.0198,0.66333333,-1610.5349,-0.39889618,7002.7272,-145.85342,104.03193
"cleat 20x20 mm 120 km/h",0.02,0.67,-1489.7837,-0.25981368,7190.4018,-168.22723,104.01298
"cleat 20x20 mm 120 km/h",0.0202,0.67666667,-1331.215,-0.089710084,7330.5506,-188.87138,103.99127
"cleat 20x20 mm 120 km/h",0.0204,0.68333333,-1141.9417,0.09535724,7421.3264,-207.21544,103.96704
"cleat 20x20 mm 120 km/h",0.0206,0.69,-929.80178,0.27959157,7458.8591,-222.87609,103.94059
"cleat 20x20 mm 120 km/h",0.0208,0.69666667,-703.73405,0.43526014,7439.8215,-235.62087,103.91228
"cleat 20x20 mm 120 km/h",0.021,0.70333333,-472.66152,0.53669907,7365.2237,-245.22806,103.88247
"cleat 20x20 mm 120 km/h",0.0212,0.71,-243.67561,0.56917495,7236.0707,-251.44806,103.85156
"cleat 20x20 mm 120 km/h",0.0214,0.71666667,-21.935889,0.53553318,7050.8425,-254.18252,103.81998
"cleat 20x20 mm 120 km/h",0.0216,0.72333333,188.23408,0.449453,6810.6526,-253.41699,103.78817
"cleat 20x20 mm 120 km/h",0.0218,0.73,383.25532,0.32285329,6521.9643,-249.04173,103.75656
"cleat 20x20 mm 120 km/h",0.022,0.73666667,560.4929,0.17888167,6192.4622,-240.93451,103.72562
"cleat 20x20 mm 120 km/h",0.0222,0.74333333,717.82999,0.030206185,5828.4151,-229.13215,103.6958
"cleat 20x20 mm 120 km/h",0.0224,0.75,852.70487,-0.11191308,5438.8347,-213.68468,103.66758
"cleat 20x20 mm 120 km/h",0.0226,0.75666667,962.26136,-0.25544126,5037.0162,-194.58541,103.6414
"cleat 20x20 mm 120 km/h",0.0228,0.76333333,1044.5851,-0.39810045,4633.8119,-171.86101,103.61773
"cleat 20x20 mm 120 km/h",0.023,0.77,1099.2171,-0.54519383,4234.8193,-145.77192,103.59701
"cleat 20x20 mm 120 km/h",0.0232,0.77666667,1125.9272,-0.69665606,3846.6113,-116.76395,103.57964
"cleat 20x20 mm 120 km/h",0.0234,0.78333333,1124.5637,-0.84954809,3477.5842,-85.333631,103.56599
"cleat 20x20 mm 120 km/h",0.0236,0.79,1095.9432,-0.98847416,3131.4328,-52.077039,103.55634
"cleat 20x20 mm 120 km/h",0.0238,0.79666667,1040.7553,-1.1012288,2810.0686,-17.764076,103.55089
"cleat 20x20 mm 120 km/h",0.024,0.80333333,958.9535,-1.1849097,2520.3039,16.845363,103.54975
"cleat 20x20 mm 120 km/h",0.0242,0.81,851.42363,-1.2410154,2270.5136,51.219266,103.55294
"cleat 20x20 mm 120 km/h",0.0244,0.81666667,720.92666,-1.2685046,2066.0631,84.86736,103.56041
"cleat 20x20 mm 120 km/h",0.0246,0.82333333,571.01829,-1.2704571,1913.0009,117.1861,103.57205
"cleat 20x20 mm 120 km/h",0.0248,0.83,406.23552,-1.249462,1821.32,147.55573,103.58769
"cleat 20x20 mm 120 km/h",0.025,0.83666667,233.10151,-1.2030931,1799.1589,175.46691,103.60705
"cleat 20x20 mm 120 km/h",0.0252,0.84333333,58.355071,-1.1222545,1853.6989,200.18261,103.62982
"cleat 20x20 mm 120 km/h",0.0254,0.85,-111.98346,-1.0094399,1988.1945,220.86749,103.65556
"cleat 20x20 mm 120 km/h",0.0256,0.85666667,-270.95429,-0.86804696,2196.1129,236.8658,103.68376
"cleat 20x20 mm 120 km/h",0.0258,0.86333333,-411.64674,-0.70678907,2465.3442,247.5293,103.71379
"cleat 20x20 mm 120 km/h",0.026,0.87,-528.74152,-0.53401663,2776.9064,252.47809,103.74499
"cleat 20x20 mm 120 km/h",0.0262,0.87666667,-617.32094,-0.35955952,3108.4191,251.30513,103.77662
"cleat 20x20 mm 120 km/h",0.0264,0.88333333,-673.5093,-0.20509823,3441.4775,243.69763,103.8079
"cleat 20x20 mm 120 km/h",0.0266,0.89,-696.87745,-0.073841377,3768.0513,229.86747,103.83804
"cleat 20x20 mm 120 km/h",0.0268,0.89666667,-687.22745,0.027878375,4084.6799,209.89109,103.86625
"cleat 20x20 mm 120 km/h",0.027,0.90333333,-645.12793,0.10203507,4389.2519,184.17138,103.89177
"cleat 20x20 mm 120 km/h",0.0272,0.91,-572.27335,0.14930429,4684.4484,153.62465,103.91392
"cleat 20x20 mm 120 km/h",0.0274,0.91666667,-470.60987,0.17288337,4973.8968,119.37565,103.9321
"cleat 20x20 mm 120 km/h",0.0276,0.92333333,-342.67846,0.17778257,5258.2095,82.382663,103.94591
"cleat 20x20 mm 120 km/h",0.0278,0.93,-193.0913,0.17325883,5537.792,43.619648,103.95502
"cleat 20x20 mm 120 km/h",0.028,0.93666667,-28.383762,0.15577673,5811.2139,4.2511177,103.95925
"cleat 20x20 mm 120 km/h",0.0282,0.94333333,142.78341,0.13649774,6070.6478,-34.551468,103.95855
"cleat 20x20 mm 120 km/h",0.0284,0.95,308.89224,0.12661638,6304.2615,-71.681461,103.95304
"cleat 20x20 mm 120 km/h",0.0286,0.95666667,456.88735,0.13273833,6501.5154,-105.98121,103.94295
"cleat 20x20 mm 120 km/h",0.0288,0.96333333,574.48776,0.15404821,6653.7777,-136.33907,103.92868
"cleat 20x20 mm 120 km/h",0.029,0.97,651.54028,0.18771022,6754.597,-162.06365,103.91075
"cleat 20x20 mm 120 km/h",0.0292,0.97666667,680.85223,0.23017819,6800.8873,-182.73145,103.88976
"cleat 20x20 mm 120 km/h",0.0294,0.98333333,659.65028,0.25681463,6794.1483,-197.99442,103.86635
"cleat 20x20 mm 120 km/h",0.0296,0.99,590.06212,0.26795671,6738.4905,-207.69824,103.8412
"cleat 20x20 mm 120 km/h",0.0298,0.99666667,478.95721,0.25215649,6634.3776,-211.84943,103.81502
"cleat 20x20 mm 120 km/h",0.03,1.0033333,337.05476,0.20623659,6482.6172,-210.69497,103.78849
"cleat 20x20 mm 120 km/h",0.0302,1.01,176.91626,0.12309413,6290.1437,-204.69961,103.76226
"cleat 20x20 mm 120 km/h",0.0304,1.0166667,11.667584,-0.00053513815,6069.2685,-194.61931,103.73692
"cleat 20x20 mm 120 km/h",0.0306,1.0233333,-145.36869,-0.15956587,5828.4263,-181.54659,103.71295
"cleat 20x20 mm 120 km/h",0.0308,1.03,-283.666,-0.34986708,5576.8,-166.70335,103.6907
"cleat 20x20 mm 120 km/h",0.031,1.0366667,-396.39919,-0.56430115,5324.2187,-151.00514,103.67034
"cleat 20x20 mm 120 km/h",0.0312,1.0433333,-478.88498,-0.78756391,5073.7773,-135.35961,103.65195
"cleat 20x20 mm 120 km/h",0.0314,1.05,-531.06976,-1.0061939,4827.3485,-120.63472,103.63551
"cleat 20x20 mm 120 km/h",0.0316,1.0566667,-557.14303,-1.2190234,4590.6467,-107.2168,103.62086
"cleat 20x20 mm 120 km/h",0.0318,1.0633333,-560.62846,-1.4091315,4364.0375,-95.298058,103.60785
"cleat 20x20 mm 120 km/h",0.032,1.07,-546.86949,-1.5643786,4147.8747,-84.901339,103.59629
"cleat 20x20 mm 120 km/h",0.0322,1.0766667,-522.70938,-1.6825104,3944.9659,-75.643823,103.58598
"cleat 20x20 mm 120 km/h",0.0324,1.0833333,-491.90932,-1.7589605,3756.0279,-67.010963,103.57679
"cleat 20x20 mm 120 km/h",0.0326,1.09,-456.47643,-1.7930807,3580.9382,-58.389741,103.56868
"cleat 20x20 mm 120 km/h",0.0328,1.0966667,-418.49933,-1.7908542,3423.2863,-49.234269,103.56166
"cleat 20x20 mm 120 km/h",0.033,1.1033333,-377.98214,-1.7564917,3283.9355,-39.0481,103.5558
"cleat 20x20 mm 120 km/h",0.0332,1.11,-333.65758,-1.7110868,3164.0428,-27.476688,103.55126
"cleat 20x20 mm 120 km/h",0.0334,1.1166667,-285.19505,-1.6567492,3067.0118,-14.279749,103.54821
"cleat 20x20 mm 120 km/h",0.0336,1.1233333,-233.15013,-1.6025058,2996.6474,0.44781905,103.54686
"cleat 20x20 mm 120 km/h",0.0338,1.13,-178.5742,-1.5527008,2954.458,16.401848,103.5474
"cleat 20x20 mm 120 km/h",0.034,1.1366667,-123.53066,-1.5107262,2943.224,33.233611,103.54996
"cleat 20x20 mm 120 km/h",0.0342,1.1433333,-70.839209,-1.4678462,2964.5551,50.551682,103.55465
"cleat 20x20 mm 120 km/h",0.0344,1.15,-23.803197,-1.4268487,3018.7201,67.721528,103.56152
"cleat 20x20 mm 120 km/h",0.0346,1.1566667,13.946033,-1.3861305,3106.3011,84.145247,103.57051
"cleat 20x20 mm 120 km/h",0.0348,1.1633333,40.208696,-1.3538127,3226.7853,99.395313,103.58153
"cleat 20x20 mm 120 km/h",0.035,1.17,54.826089,-1.3141418,3375.5214,113.03651,103.59441
"cleat 20x20 mm 120 km/h",0.0352,1.1766667,58.268596,-1.2671308,3546.6375,124.63099,103.60894
"cleat 20x20 mm 120 km/h",0.0354,1.1833333,51.966847,-1.2080572,3735.3814,133.91973,103.62485
"cleat 20x20 mm 120 km/h",0.0356,1.19,39.036624,-1.1409543,3937.1594,140.86576,103.64185
"cleat 20x20 mm 120 km/h",0.0358,1.1966667,23.481904,-1.0601477,4144.8654,145.53007,103.65965
"cleat 20x20 mm 120 km/h",0.036,1.2033333,9.0986937,-0.96716033,4350.0035,147.92632,103.67795
"cleat 20x20 mm 120 km/h",0.0362,1.21,-1.1710412,-0.87633233,4548.1777,148.08171,103.69649
"cleat 20x20 mm 120 km/h",0.0364,1.2166667,-5.2285991,-0.79026077,4737.6856,146.23275,103.71498
"cleat 20x20 mm 120 km/h",0.0366,1.2233333,-1.6882425,-0.70326219,4914.8353,142.55556,103.73317
"cleat 20x20 mm 120 km/h",0.0368,1.23,9.2615396,-0.61767485,5076.3198,137.06233,103.75085
"cleat 20x20 mm 120 km/h",0.037,1.2366667,25.576677,-0.5385649,5225.0752,129.82977,103.76779
"cleat 20x20 mm 120 km/h",0.0372,1.2433333,45.06218,-0.46865717,5362.6783,121.14843,103.78377
"cleat 20x20 mm 120 km/h",0.0374,1.25,65.552733,-0.4117742,5487.518,111.12329,103.79863
"cleat 20x20 mm 120 km/h",0.0376,1.2566667,83.70992,-0.36982869,5599.8239,99.836536,103.81219
"cleat 20x20 mm 120 km/h",0.0378,1.2633333,96.472625,-0.34290947,5701.2395,87.55309,103.8243
"cleat 20x20 mm 120 km/h",0.038,1.27,102.53708,-0.32504544,5788.7577,74.50751,103.83485
"cleat 20x20 mm 120 km/h",0.0382,1.2766667,100.7105,-0.30969596,5857.1261,60.788846,103.84375
"cleat 20x20 mm 120 km/h",0.0384,1.2833333,89.164352,-0.29859111,5905.0251,46.579962,103.85091
"cleat 20x20 mm 120 km/h",0.0386,1.29,67.768291,-0.29011428,5929.4488,32.25211,103.85629
"cleat 20x20 mm 120 km/h",0.0388,1.2966667,37.651892,-0.27698202,5924.5155,18.084118,103.85987
"cleat 20x20 mm 120 km/h",0.039,1.3033333,-0.87025737,-0.25162572,5887.6502,4.2606808,103.86169
"cleat 20x20 mm 120 km/h",0.0392,1.31,-47.282455,-0.22143753,5819.9845,-8.9143758,103.8618
"cleat 20x20 mm 120 km/h",0.0394,1.3166667,-99.544081,-0.18928715,5721.9539,-21.055126,103.86029
"cleat 20x20 mm 120 km/h",0.0396,1.3233333,-155.64156,-0.15080121,5594.8066,-31.909938,103.8573
"cleat 20x20 mm 120 km/h",0.0398,1.33,-214.53501,-0.10927837,5444.5291,-41.361698,103.85299
"cleat 20x20 mm 120 km/h",0.04,1.3366667,-274.48884,-0.073397587,5277.8019,-49.196661,103.84755
"cleat 20x20 mm 120 km/h",0.0402,1.3433333,-333.28112,-0.040902632,5100.1853,-55.181274,103.84118
"cleat 20x20 mm 120 km/h",0.0404,1.35,-389.34938,-0.0074081744,4917.3911,-59.307576,103.83412
"cleat 20x20 mm 120 km/h",0.0406,1.3566667,-441.91155,0.027889716,4736.3882,-61.701357,103.8266
"cleat 20x20 mm 120 km/h",0.0408,1.3633333,-489.82053,0.061945026,4561.7791,-62.379198,103.81884
"cleat 20x20 mm 120 km/h",0.041,1.37,-532.12935,0.10321181,4395.77,-61.382217,103.81105
"cleat 20x20 mm 120 km/h",0.0412,1.3766667,-568.709,0.15317902,4239.7676,-58.972077,103.80343
"cleat 20x20 mm 120 km/h",0.0414,1.3833333,-599.91643,0.21619514,4095.8158,-55.442344,103.79615
"cleat 20x20 mm 120 km/h",0.0416,1.39,-625.71386,0.28260499,3964.672,-50.90249,103.78934
"cleat 20x20 mm 120 km/h",0.0418,1.3966667,-645.78918,0.36318313,3845.4468,-45.463682,103.78313
"cleat 20x20 mm 120 km/h",0.042,1.4033333,-660.10683,0.45720532,3737.9784,-39.399058,103.77763
"cleat 20x20 mm 120 km/h",0.0422,1.41,-668.55803,0.56038533,3644.4773,-32.936181,103.7729
"cleat 20x20 mm 120 km/h",0.0424,1.4166667,-670.15446,0.66803197,3566.0342,-26.040783,103.76899
"cleat 20x20 mm 120 km/h",0.0426,1.4233333,-663.57421,0.78230456,3503.4771,-18.732084,103.76596
"cleat 20x20 mm 120 km/h",0.0428,1.43,-648.02171,0.90192494,3458.9222,-11.176047,103.76385
"cleat 20x20 mm 120 km/h",0.043,1.4366667,-622.83489,1.0185391,3435.0855,-3.4383141,103.76269
"cleat 20x20 mm 120 km/h",0.0432,1.4433333,-587.15562,1.1276828,3433.5447,4.5773137,103.76251
"cleat 20x20 mm 120 km/h",0.0434,1.45,-540.73415,1.2355578,3454.169,12.837247,103.76333
"cleat 20x20 mm 120 km/h",0.0436,1.4566667,-484.73382,1.3359099,3497.5596,21.124681,103.7652
"cleat 20x20 mm 120 km/h",0.0438,1.4633333,-420.91277,1.4156871,3564.118,29.34001,103.7681
"cleat 20x20 mm 120 km/h",0.044,1.47,-350.98358,1.4782441,3651.5323,37.494935,103.77202
"cleat 20x20 mm 120 km/h",0.0442,1.4766667,-277.27888,1.5303609,3755.7478,45.425355,103.77696
"cleat 20x20 mm 120 km/h",0.0444,1.4833333,-203.07362,1.5758062,3874.2093,52.861935,103.78289
"cleat 20x20 mm 120 km/h",0.0446,1.49,-131.22811,1.605562,4005.3283,59.708707,103.78972
"cleat 20x20 mm 120 km/h",0.0448,1.4966667,-63.434165,1.626095,4145.0468,65.953395,103.79739
"cleat 20x20 mm 120 km/h",0.045,1.5033333,-0.94844178,1.642052,4288.0716,71.428888,103.80582
"cleat 20x20 mm 120 km/h",0.0452,1.51,54.941802,1.6503724,4432.1897,75.943784,103.81491
"cleat 20x20 mm 120 km/h",0.0454,1.5166667,104.04924,1.6448815,4576.3291,79.494913,103.82453
"cleat 20x20 mm 120 km/h",0.0456,1.5233333,147.47712,1.6305434,4716.6413,82.112813,103.83457
"cleat 20x20 mm 120 km/h",0.0458,1.53,186.03042,1.606733,4849.206,83.688578,103.8449
"cleat 20x20 mm 120 km/h",0.046,1.5366667,219.71564,1.5724168,4974.0328,84.150176,103.85539
"cleat 20x20 mm 120 km/h",0.0462,1.5433333,248.97988,1.5263107,5090.4789,83.63016,103.86591
"cleat 20x20 mm 120 km/h",0.0464,1.55,274.32267,1.4770503,5195.0273,82.211118,103.87634
"cleat 20x20 mm 120 km/h",0.0466,1.5566667,294.90796,1.4267723,5285.3018,79.852866,103.88656
"cleat 20x20 mm 120 km/h",0.0468,1.5633333,309.04843,1.3689905,5362.389,76.577211,103.89646
"cleat 20x20 mm 120 km/h",0.047,1.57,315.67286,1.3074606,5425.2869,72.583436,103.90592
"cleat 20x20 mm 120 km/h",0.0472,1.5766667,313.84652,1.2446429,5471.2922,67.936936,103.91486
"cleat 20x20 mm 120 km/h",0.0474,1.5833333,302.03834,1.1872933,5500.1148,62.602259,103.92319
"cleat 20x20 mm 120 km/h",0.0476,1.59,279.45415,1.1261474,5512.8794,56.715979,103.93085
"cleat 20x20 mm 120 km/h",0.0478,1.5966667,246.84384,1.0697895,5508.1709,50.482447,103.93775
"cleat 20x20 mm 120 km/h",0.048,1.6033333,205.36228,1.0225001,5484.6079,43.921907,103.94386
"cleat 20x20 mm 120 km/h",0.0482,1.61,156.03841,0.98406639,5444.4018,36.999395,103.94914
"cleat 20x20 mm 120 km/h",0.0484,1.6166667,100.95938,0.94288975,5388.9991,29.887184,103.95354
"cleat 20x20 mm 120 km/h",0.0486,1.6233333,42.91996,0.90917722,5318.1988,22.720249,103.95706
"cleat 20x20 mm 120 km/h",0.0488,1.63,-15.930327,0.88492054,5232.71,15.453341,103.95967
"cleat 20x20 mm 120 km/h",0.049,1.6366667,-74.15159,0.86388708,5136.3165,8.0566821,103.96138
"cleat 20x20 mm 120 km/h",0.0492,1.6433333,-130.09065,0.8419184,5031.474,0.71225145,103.96215
"cleat 20x20 mm 120 km/h",0.0494,1.65,-182.36919,0.82338991,4919.1315,-6.4923406,103.96201
"cleat 20x20 mm 120 km/h",0.0496,1.6566667,-230.77205,0.80862375,4801.9719,-13.614368,103.96098
"cleat 20x20 mm 120 km/h",0.0498,1.6633333,-275.42948,0.79220171,4683.5105,-20.57948,103.95905
"cleat 20x20 mm 120 km/h",0.05,1.67,-316.05541,0.77638046,4565.4501,-27.16676,103.95627
"cleat 20x20 mm 120 km/h",0.0502,1.6766667,-352.55887,0.75920064,4448.9602,-33.290633,103.95267
"cleat 20x20 mm 120 km/h",0.0504,1.6833333,-385.44238,0.739852,4337.206,-38.963062,103.94832
"cleat 20x20 mm 120 km/h",0.0506,1.69,-414.58196,0.70780856,4232.9567,-44.021357,103.94328
"cleat 20x20 mm 120 km/h",0.0508,1.6966667,-439.07162,0.66589842,4137.0094,-48.25827,103.93763
"cleat 20x20 mm 120 km/h",0.051,1.7033333,-458.14419,0.61529915,4050.0582,-51.654982,103.93148
"cleat 20x20 mm 120 km/h",0.0512,1.71,-471.41523,0.55697979,3974.4745,-54.268393,103.92493
"cleat 20x20 mm 120 km/h",0.0514,1.7166667,-477.98355,0.48530388,3911.8489,-55.993612,103.91807
"cleat 20x20 mm 120 km/h",0.0516,1.7233333,-476.72684,0.40758022,3862.1425,-56.755356,103.91103
"cleat 20x20 mm 120 km/h",0.0518,1.73,-467.15208,0.32308807,3825.0277,-56.691026,103.90393
"cleat 20x20 mm 120 km/h",0.052,1.7366667,-449.51629,0.23661485,3802.1,-55.964437,103.89685
"cleat 20x20 mm 120 km/h",0.0522,1.7433333,-423.82079,0.14232553,3793.8649,-54.576672,103.88989
"cleat 20x20 mm 120 km/h",0.0524,1.75,-390.11552,0.04651807,3798.8445,-52.557943,103.88312
"cleat 20x20 mm 120 km/h",0.0526,1.7566667,-349.36928,-0.048922727,3815.8844,-50.096544,103.87662
"cleat 20x20 mm 120 km/h",0.0528,1.7633333,-303.18168,-0.14733648,3846.3604,-47.33772,103.87044
"cleat 20x20 mm 120 km/h",0.053,1.77,-252.56636,-0.25207376,3889.994,-44.217343,103.86461
"cleat 20x20 mm 120 km/h",0.0532,1.7766667,-198.36836,-0.35368742,3944.2927,-40.720662,103.85918
"cleat 20x20 mm 120 km/h",0.0534,1.7833333,-142.17165,-0.44870392,4007.7142,-36.94748,103.85421
"cleat 20x20 mm 120 km/h",0.0536,1.79,-85.814112,-0.54400381,4081.5885,-32.926356,103.84971
"cleat 20x20 mm 120 km/h",0.0538,1.7966667,-30.354355,-0.63987065,4165.0741,-28.502692,103.84572
"cleat 20x20 mm 120 km/h",0.054,1.8033333,23.422267,-0.7319686,4254.5464,-23.649952,103.8423
"cleat 20x20 mm 120 km/h",0.0542,1.81,73.919751,-0.81350863,4348.2007,-18.467889,103.83951
"cleat 20x20 mm 120 km/h",0.0544,1.8166667,119.55371,-0.88512914,4446.6907,-12.96194,103.83736
"cleat 20x20 mm 120 km/h",0.0546,1.8233333,159.72479,-0.94119896,4547.5977,-7.0599963,103.83592
"cleat 20x20 mm 120 km/h",0.0548,1.83,193.89597,-0.97944693,4646.8529,-0.8816956,103.83523
"cleat 20x20 mm 120 km/h",0.055,1.8366667,220.93886,-1.0010831,4743.0709,5.355516,103.83531
"cleat 20x20 mm 120 km/h",0.0552,1.8433333,240.32432,-1.0164841,4835.95,11.584921,103.83618
"cleat 20x20 mm 120 km/h",0.0554,1.85,252.61349,-1.0197993,4922.7696,17.728514,103.83782
"cleat 20x20 mm 120 km/h",0.0556,1.8566667,258.25791,-1.009611,5000.8612,23.506784,103.84023
"cleat 20x20 mm 120 km/h",0.0558,1.8633333,257.41843,-0.98827861,5070.4135,28.657479,103.84334
"cleat 20x20 mm 120 km/h",0.056,1.87,251.3343,-0.96389264,5130.3465,33.125703,103.84707
"cleat 20x20 mm 120 km/h",0.0562,1.8766667,241.77361,-0.92606499,5178.1348,36.800263,103.85134
"cleat 20x20 mm 120 km/h",0.0564,1.8833333,229.68137,-0.87106692,5212.9397,39.438784,103.85604
"cleat 20x20 mm 120 km/h",0.0566,1.89,215.65079,-0.80111812,5236.1787,40.928793,103.86104
"cleat 20x20 mm 120 km/h",0.0568,1.8966667,200.97484,-0.71865513,5247.2601,41.360683,103.86618
"cleat 20x20 mm 120 km/h",0.057,1.9033333,186.55443,-0.62122418,5244.7727,40.731408,103.87135
"cleat 20x20 mm 120 km/h",0.0572,1.91,172.04164,-0.50933864,5229.2253,38.98602,103.87641
"cleat 20x20 mm 120 km/h",0.0574,1.9166667,156.88506,-0.38925594,5202.6448,36.241921,103.88121
"cleat 20x20 mm 120 km/h",0.0576,1.9233333,140.95345,-0.26547643,5165.071,32.744427,103.88564
"cleat 20x20 mm 120 km/h",0.0578,1.93,123.64468,-0.13515428,5115.7776,28.623065,103.88962
"cleat 20x20 mm 120 km/h",0.058,1.9366667,103.52069,-0.00013795178,5057.0964,23.958345,103.89306
"cleat 20x20 mm 120 km/h",0.0582,1.9433333,79.69853,0.13192724,4991.5834,19.013056,103.8959
"cleat 20x20 mm 120 km/h",0.0584,1.95,52.131891,0.26368039,4919.3253,14.059283,103.89812
"cleat 20x20 mm 120 km/h",0.0586,1.9566667,20.603558,0.39511102,4840.7221,9.1750203,103.89973
"cleat 20x20 mm 120 km/h",0.0588,1.9633333,-15.219743,0.52125028,4759.0604,4.4128383,103.90072
"cleat 20x20 mm 120 km/h",0.059,1.97,-54.516765,0.63318852,4676.1949,-0.032975316,103.90113
"cleat 20x20 mm 120 km/h",0.0592,1.9766667,-95.742864,0.73494912,4592.0093,-4.0695508,103.90099
"cleat 20x20 mm 120 km/h",0.0594,1.9833333,-137.73317,0.82885853,4507.6142,-7.8084364,103.90036
"cleat 20x20 mm 120 km/h",0.0596,1.99,-179.36227,0.90913616,4426.088,-11.32383,103.89927
"cleat 20x20 mm 120 km/h",0.0598,1.9966667,-218.70618,0.97564433,4348.5945,-14.545848,103.89775
"cleat 20x20 mm 120 km/h",0.06,2.0033333,-253.80842,1.0347586,4274.9437,-17.546713,103.89584
"cleat 20x20 mm 120 km/h",0.0602,2.01,-283.6402,1.0895574,4206.7402,-20.532779,103.89355
"cleat 20x20 mm 120 km/h",0.0604,2.0166667,-307.34893,1.1363105,4146.5987,-23.57346,103.89089
"cleat 20x20 mm 120 km/h",0.0606,2.0233333,-323.75248,1.1766054,4095.3431,-26.58546,103.88785
"cleat 20x20 mm 120 km/h",0.0608,2.03,-332.14004,1.2161335,4052.6272,-29.595816,103.88443
"cleat 20x20 mm 120 km/h",0.061,2.0366667,-332.8867,1.2602276,4020.0563,-32.707967,103.88063
"cleat 20x20 mm 120 km/h",0.0612,2.0433333,-326.42968,1.2976184,4000.0198,-35.836664,103.87645
"cleat 20x20 mm 120 km/h",0.0614,2.05,-312.7884,1.3339151,3991.8006,-38.774772,103.87187
"cleat 20x20 mm 120 km/h",0.0616,2.0566667,-292.55975,1.3716952,3993.6737,-41.448067,103.86693
"cleat 20x20 mm 120 km/h",0.0618,2.0633333,-267.30928,1.4073311,4006.5999,-43.830927,103.86167
"cleat 20x20 mm 120 km/h",0.062,2.07,-238.16196,1.4374121,4030.7455,-45.712591,103.85612
"cleat 20x20 mm 120 km/h",0.0622,2.0766667,-205.82609,1.4664402,4064.0104,-46.891422,103.85036
"cleat 20x20 mm 120 km/h",0.0624,2.0833333,-171.6073,1.4965872,4104.0594,-47.338386,103.84447
"cleat 20x20 mm 120 km/h",0.0626,2.09,-137.34972,1.5297696,4151.4536,-47.05191,103.83855
"cleat 20x20 mm 120 km/h",0.0628,2.0966667,-104.0469,1.5568613,4205.6173,-45.877371,103.83269
"cleat 20x20 mm 120 km/h",0.063,2.1033333,-72.188972,1.5839453,4264.4276,-43.765737,103.827
"cleat 20x20 mm 120 km/h",0.0632,2.11,-42.761333,1.6105074,4326.483,-40.84443,103.82161
"cleat 20x20 mm 120 km/h",0.0634,2.1166667,-16.793182,1.6289518,4392.7399,-37.229318,103.81661
"cleat 20x20 mm 120 km/h",0.0636,2.1233333,5.7115079,1.6413693,4462.7715,-32.902054,103.81207
"cleat 20x20 mm 120 km/h",0.0638,2.13,25.182732,1.6521274,4533.8472,-27.964461,103.80811
"cleat 20x20 mm 120 km/h",0.064,2.1366667,41.334746,1.6622435,4604.9487,-22.668106,103.80477
"cleat 20x20 mm 120 km/h",0.0642,2.1433333,53.921137,1.6616765,4676.8407,-17.168827,103.80211
"cleat 20x20 mm 120 km/h",0.0644,2.15,63.613542,1.6540389,4747.6758,-11.48183,103.80014
"cleat 20x20 mm 120 km/h",0.0646,2.1566667,71.022711,1.6453145,4814.0153,-5.768831,103.79888
"cleat 20x20 mm 120 km/h",0.0648,2.1633333,75.863809,1.6360763,4874.565,-0.27527913,103.79834
"cleat 20x20 mm 120 km/h",0.065,2.17,78.108235,1.6159388,4929.3281,4.9255607,103.79847
"cleat 20x20 mm 120 km/h",0.0652,2.1766667,78.418588,1.5896427,4976.1563,9.8510108,103.79924
"cleat 20x20 mm 120 km/h",0.0654,2.1833333,77.048075,1.5564002,5012.535,14.389196,103.80062
"cleat 20x20 mm 120 km/h",0.0656,2.19,73.532269,1.5176996,5039.5135,18.395824,103.80256
"cleat 20x20 mm 120 km/h",0.0658,2.1966667,68.165217,1.4718891,5057.4154,21.941471,103.80497
"cleat 20x20 mm 120 km/h",0.066,2.2033333,61.713367,1.4280101,5065.2193,25.090841,103.80782
"cleat 20x20 mm 120 km/h",0.0662,2.21,54.314027,1.3858593,5062.2972,27.766348,103.81105
"cleat 20x20 mm 120 km/h",0.0664,2.2166667,45.677956,1.3400257,5050.9483,29.904603,103.8146
"cleat 20x20 mm 120 km/h",0.0666,2.2233333,36.201295,1.2878812,5032.32,31.629203,103.8184
"cleat 20x20 mm 120 km/h",0.0668,2.23,26.433554,1.2353261,5005.4837,32.979096,103.8224
"cleat 20x20 mm 120 km/h",0.067,2.2366667,15.929219,1.184197,4971.6244,33.836195,103.82656
"cleat 20x20 mm 120 km/h",0.0672,2.2433333,4.1343294,1.1261047,4933.104,34.188344,103.83081
"cleat 20x20 mm 120 km/h",0.0674,2.25,-8.7598875,1.0613476,4889.9474,34.159494,103.83509
"cleat 20x20 mm 120 km/h",0.0676,2.2566667,-22.684478,0.99624407,4841.1372,33.728149,103.83935
"cleat 20x20 mm 120 km/h",0.0678,2.2633333,-38.293915,0.93390191,4787.8002,32.768525,103.84355
"cleat 20x20 mm 120 km/h",0.068,2.27,-55.847837,0.86827375,4732.0987,31.319723,103.84761
"cleat 20x20 mm 120 km/h",0.0682,2.2766667,-74.692899,0.80377907,4673.7384,29.511165,103.85147
"cleat 20x20 mm 120 km/h",0.0684,2.2833333,-94.277903,0.73944956,4612.2251,27.315261,103.8551
"cleat 20x20 mm 120 km/h",0.0686,2.29,-114.56223,0.6769328,4549.9629,24.669695,103.85844
"cleat 20x20 mm 120 km/h",0.0688,2.2966667,-134.69887,0.61506312,4488.5392,21.717736,103.86143
"cleat 20x20 mm 120 km/h",0.069,2.3033333,-153.34956,0.56199891,4428.301,18.592138,103.86405
"cleat 20x20 mm 120 km/h",0.0692,2.31,-169.72179,0.51915683,4369.6985,15.264249,103.86628
"cleat 20x20 mm 120 km/h",0.0694,2.3166667,-183.57025,0.48443714,4315.5546,11.712558,103.86808
"cleat 20x20 mm 120 km/h",0.0696,2.3233333,-194.21714,0.4499282,4267.6131,8.1019716,103.86943
"cleat 20x20 mm 120 km/h",0.0698,2.33,-200.96687,0.42501281,4225.7057,4.5388493,103.87033
"cleat 20x20 mm 120 km/h",0.07,2.3366667,-204.04601,0.41175325,4190.1931,0.96881556,103.87079
"cleat 20x20 mm 120 km/h",0.0702,2.3433333,-204.27308,0.40398446,4163.8796,-2.6181624,103.87079
"cleat 20x20 mm 120 km/h",0.0704,2.35,-201.87326,0.40181737,4147.2342,-6.0451608,103.87036
"cleat 20x20 mm 120 km/h",0.0706,2.3566667,-196.99568,0.40990383,4138.4205,-9.2553894,103.8695
"cleat 20x20 mm 120 km/h",0.0708,2.3633333,-190.66302,0.42984689,4137.6756,-12.342319,103.86824
"cleat 20x20 mm 120 km/h",0.071,2.37,-183.75832,0.45614672,4146.188,-15.263905,103.8666
"cleat 20x20 mm 120 km/h",0.0712,2.3766667,-176.23817,0.48797702,4163.0035,-17.863496,103.86461
"cleat 20x20 mm 120 km/h",0.0714,2.3833333,-168.00672,0.52750733,4185.8947,-20.125754,103.8623
"cleat 20x20 mm 120 km/h",0.0716,2.39,-159.5405,0.57306241,4214.5316,-22.131691,103.85972
"cleat 20x20 mm 120 km/h",0.0718,2.3966667,-150.91232,0.61276493,4249.6182,-23.811667,103.85689
"cleat 20x20 mm 120 km/h",0.072,2.4033333,-141.41163,0.6549894,4289.3853,-25.025559,103.85387
"cleat 20x20 mm 120 km/h",0.0722,2.41,-130.68454,0.70171703,4331.5879,-25.801644,103.85071
"cleat 20x20 mm 120 km/h",0.0724,2.4166667,-119.28872,0.75107901,4377.2635,-26.235767,103.84746
"cleat 20x20 mm 120 km/h",0.0726,2.4233333,-107.33085,0.79482282,4426.8273,-26.228664,103.84418
"cleat 20x20 mm 120 km/h",0.0728,2.43,-94.528079,0.83674506,4478.4357,-25.693819,103.8409
"cleat 20x20 mm 120 km/h",0.073,2.4366667,-81.318309,0.88030481,4530.1234,-24.728276,103.83772
"cleat 20x20 mm 120 km/h",0.0732,2.4433333,-68.826586,0.92164546,4582.7408,-23.426601,103.83466
"cleat 20x20 mm 120 km/h",0.0734,2.45,-57.50947,0.95312169,4636.0397,-21.699042,103.83178
"cleat 20x20 mm 120 km/h",0.0736,2.4566667,-47.427796,0.98183901,4687.6354,-19.528275,103.82913
"cleat 20x20 mm 120 km/h",0.0738,2.4633333,-39.26463,1.0090653,4735.8138,-17.052955,103.82676
"cleat 20x20 mm 120 km/h",0.074,2.47,-33.870429,1.0269553,4781.7001,-14.359602,103.82471
"cleat 20x20 mm 120 km/h",0.0742,2.4766667,-31.010566,1.0389054,4824.3726,-11.364993,103.823
"cleat 20x20 mm 120 km/h",0.0744,2.4833333,-30.122507,1.0489464,4861.1511,-8.1215185,103.82168
"cleat 20x20 mm 120 km/h",0.0746,2.49,-31.304004,1.0598482,4891.253,-4.8012794,103.82077
"cleat 20x20 mm 120 km/h",0.0748,2.4966667,-34.401212,1.0645645,4915.3621,-1.4478316,103.82027
"cleat 20x20 mm 120 km/h",0.075,2.5033333,-38.461722,1.0632291,4932.4976,1.9944224,103.82019
"cleat 20x20 mm 120 km/h",0.0752,2.51,-42.6794,1.0609247,4940.6383,5.4281152,103.82055
"cleat 20x20 mm 120 km/h",0.0754,2.5166667,-47.172445,1.0625307,4940.7899,8.6718767,103.82134
"cleat 20x20 mm 120 km/h",0.0756,2.5233333,-51.808692,1.0573953,4934.6757,11.733159,103.82252
"cleat 20x20 mm 120 km/h",0.0758,2.53,-55.90351,1.0520552,4921.8458,14.653644,103.82408
"cleat 20x20 mm 120 km/h",0.076,2.5366667,-59.38105,1.044412,4901.6777,17.313354,103.826
"cleat 20x20 mm 120 km/h",0.0762,2.5433333,-62.870697,1.0365942,4876.2836,19.589539,103.82824
"cleat 20x20 mm 120 km/h",0.0764,2.55,-66.427582,1.0176606,4847.0714,21.552488,103.83076
"cleat 20x20 mm 120 km/h",0.0766,2.5566667,-69.760943,0.99746791,4813.5167,23.249518,103.83351
"cleat 20x20 mm 120 km/h",0.0768,2.5633333,-73.203248,0.98065296,4775.5978,24.578982,103.83646
"cleat 20x20 mm 120 km/h",0.077,2.57,-77.407448,0.95891187,4735.95,25.478642,103.83957
"cleat 20x20 mm 120 km/h",0.0772,2.5766667,-82.168827,0.93225472,4695.2331,26.090593,103.84278
"cleat 20x20 mm 120 km/h",0.0774,2.5833333,-87.021754,0.9055722,4652.3872,26.439499,103.84606
"cleat 20x20 mm 120 km/h",0.0776,2.59,-92.201972,0.88077501,4607.9074,26.420755,103.84937
"cleat 20x20 mm 120 km/h",0.0778,2.5966667,-97.830898,0.85169014,4563.7015,26.04097,103.85267
"cleat 20x20 mm 120 km/h",0.078,2.6033333,-103.24656,0.82074423,4519.8335,25.429186,103.85591
"cleat 20x20 mm 120 km/h",0.0782,2.61,-107.88941,0.79478052,4475.4245,24.570872,103.85906
"cleat 20x20 mm 120 km/h",0.0784,2.6166667,-111.95344,0.77756302,4432.0172,23.34275,103.8621
"cleat 20x20 mm 120 km/h",0.0786,2.6233333,-115.40735,0.75740627,4392.2631,21.785649,103.86498
"cleat 20x20 mm 120 km/h",0.0788,2.63,-117.5617,0.74006161,4356.0685,20.030631,103.86765
"cleat 20x20 mm 120 km/h",0.079,2.6366667,-118.14068,0.72604641,4323.0052,18.036227,103.8701
"cleat 20x20 mm 120 km/h",0.0792,2.6433333,-117.68189,0.71361872,4295.544,15.723008,103.87228
"cleat 20x20 mm 120 km/h",0.0794,2.65,-116.14463,0.69815235,4274.8261,13.208067,103.87417
"cleat 20x20 mm 120 km/h",0.0796,2.6566667,-113.16657,0.68396042,4260.2573,10.597015,103.87574
"cleat 20x20 mm 120 km/h",0.0798,2.6633333,-109.07058,0.67625296,4251.3718,7.8397245,103.87699
"cleat 20x20 mm 120 km/h",0.08,2.67,-104.65368,0.67172158,4249.6134,4.910758,103.87788
"cleat 20x20 mm 120 km/h",0.0802,2.6766667,-100.08258,0.66345158,4255.1596,1.9748245,103.8784
"cleat 20x20 mm 120 km/h",0.0804,2.6833333,-95.21735,0.6551261,4266.0719,-0.8600427,103.87855
"cleat 20x20 mm 120 km/h",0.0806,2.69,-90.575672,0.64807823,4281.2573,-3.6405477,103.87836
"cleat 20x20 mm 120 km/h",0.0808,2.6966667,-86.924803,0.63572237,4302.3595,-6.3615938,103.87782
"cleat 20x20 mm 120 km/h",0.081,2.7033333,-84.092632,0.61908895,4328.7363,-8.8448614,103.87694
"cleat 20x20 mm 120 km/h",0.0812,2.71,-81.689775,0.60129784,4358.1247,-11.054163,103.87576
"cleat 20x20 mm 120 km/h",0.0814,2.7166667,-80.028822,0.58466774,4389.8686,-13.068651,103.87431
"cleat 20x20 mm 120 km/h",0.0816,2.7233333,-79.265914,0.56348942,4424.8614,-14.856327,103.87262
"cleat 20x20 mm 120 km/h",0.0818,2.73,-78.785761,0.53971631,4462.1582,-16.281312,103.87071
"cleat 20x20 mm 120 km/h",0.082,2.7366667,-78.050125,0.51732262,4499.4688,-17.367015,103.86864
"cleat 20x20 mm 120 km/h",0.0822,2.7433333,-77.380876,0.49717613,4536.9729,-18.233378,103.86643
"cleat 20x20 mm 120 km/h",0.0824,2.75,-76.840734,0.46924541,4575.8858,-18.846561,103.86413
"cleat 20x20 mm 120 km/h",0.0826,2.7566667,-75.828462,0.44519604,4614.5461,-19.115362,103.86176
"cleat 20x20 mm 120 km/h",0.0828,2.7633333,-74.275491,0.42503643,4650.933,-19.117705,103.85937
"cleat 20x20 mm 120 km/h",0.083,2.77,-72.935678,0.40872825,4686.0747,-18.965263,103.85698
"cleat 20x20 mm 120 km/h",0.0832,2.7766667,-71.924413,0.39293689,4719.8205,-18.571337,103.85462
"cleat 20x20 mm 120 km/h",0.0834,2.7833333,-70.988907,0.38501288,4750.4269,-17.871222,103.85231
"cleat 20x20 mm 120 km/h",0.0836,2.79,-70.497539,0.38669569,4776.3888,-16.955225,103.8501
"cleat 20x20 mm 120 km/h",0.0838,2.7966667,-71.172903,0.3924584,4798.8306,-15.891678,103.84801
"cleat 20x20 mm 120 km/h",0.084,2.8033333,-72.896445,0.39711533,4817.4796,-14.559542,103.84606
"cleat 20x20 mm 120 km/h",0.0842,2.81,-75.198478,0.40571419,4830.2181,-12.927786,103.84429
"cleat 20x20 mm 120 km/h",0.0844,2.8166667,-78.347279,0.4182898,4836.9061,-11.118487,103.84273
"cleat 20x20 mm 120 km/h",0.0846,2.8233333,-82.644576,0.42651157,4839.514,-9.1682684,103.8414
"cleat 20x20 mm 120 km/h",0.0848,2.83,-87.432896,0.43428754,4837.7441,-6.9745706,103.84031
"cleat 20x20 mm 120 km/h",0.085,2.8366667,-92.040071,0.44795493,4830.0621,-4.5833903,103.83951
"cleat 20x20 mm 120 km/h",0.0852,2.8433333,-96.606126,0.46981385,4817.1413,-2.1641669,103.83902
"cleat 20x20 mm 120 km/h",0.0854,2.85,-101.05819,0.49067466,4800.8046,0.25786166,103.83882
"cleat 20x20 mm 120 km/h",0.0856,2.8566667,-104.63827,0.51509591,4780.5612,2.7374195,103.83893
"cleat 20x20 mm 120 km/h",0.0858,2.8633333,-106.96078,0.54558748,4755.6095,5.1556263,103.83935
"cleat 20x20 mm 120 km/h",0.086,2.87,-108.47579,0.57936384,4727.9993,7.3428729,103.84007
"cleat 20x20 mm 120 km/h",0.0862,2.8766667,-109.07089,0.61149081,4698.8523,9.3321283,103.84105
"cleat 20x20 mm 120 km/h",0.0864,2.8833333,-108.22168,0.64832527,4667.7115,11.150715,103.84228
"cleat 20x20 mm 120 km/h",0.0866,2.89,-106.02054,0.69028567,4634.2527,12.672767,103.84372
"cleat 20x20 mm 120 km/h",0.0868,2.8966667,-103.04929,0.73519313,4600.4986,13.799801,103.84535
"cleat 20x20 mm 120 km/h",0.087,2.9033333,-99.254527,0.78152031,4567.5012,14.630029,103.84711
"cleat 20x20 mm 120 km/h",0.0872,2.91,-94.285627,0.83559664,4534.2891,15.226507,103.84896
"cleat 20x20 mm 120 km/h",0.0874,2.9166667,-88.543777,0.89636077,4501.1198,15.500399,103.85088
"cleat 20x20 mm 120 km/h",0.0876,2.9233333,-82.707522,0.9554052,4470.5219,15.440944,103.85282
"cleat 20x20 mm 120 km/h",0.0878,2.93,-76.681614,1.0105769,4442.9676,15.214943,103.85474
"cleat 20x20 mm 120 km/h",0.088,2.9366667,-70.293401,1.0633696,4417.3271,14.856396,103.85664
"cleat 20x20 mm 120 km/h",0.0882,2.9433333,-64.167424,1.1156283,4394.1839,14.279349,103.85848
"cleat 20x20 mm 120 km/h",0.0884,2.95,-58.823902,1.1618005,4375.3277,13.521685,103.86024
"cleat 20x20 mm 120 km/h",0.0886,2.9566667,-54.077299,1.2016528,4360.7111,12.721214,103.86191
"cleat 20x20 mm 120 km/h",0.0888,2.9633333,-49.804938,1.2400914,4348.958,11.86433,103.86347
"cleat 20x20 mm 120 km/h",0.089,2.97,-46.593805,1.2773891,4341.0504,10.841803,103.86493
"cleat 20x20 mm 120 km/h",0.0892,2.9766667,-44.68603,1.304332,4338.8309,9.7004629,103.86625
"cleat 20x20 mm 120 km/h",0.0894,2.9833333,-43.53625,1.3304694,4341.2898,8.5475534,103.86743
"cleat 20x20 mm 120 km/h",0.0896,2.99,-42.908429,1.3534084,4346.9483,7.3151651,103.86846
"cleat 20x20 mm 120 km/h",0.0898,2.9966667,-43.191292,1.3746681,4357.1928,5.8904718,103.86933
"cleat 20x20 mm 120 km/h",0.09,3.0033333,-44.109426,1.3884847,4372.3033,4.3636903,103.87002
"cleat 20x20 mm 120 km/h",0.0902,3.01,-44.979728,1.4036925,4390.7648,2.8065523,103.87052
"cleat 20x20 mm 120 km/h",0.0904,3.0166667,-45.738203,1.4207262,4411.1778,1.1354412,103.87082
"cleat 20x20 mm 120 km/h",0.0906,3.0233333,-46.779852,1.4337585,4434.715,-0.70966752,103.87091
"cleat 20x20 mm 120 km/h",0.0908,3.03,-47.832127,1.4358107,4461.0794,-2.5861097,103.87076
"cleat 20x20 mm 120 km/h",0.091,3.0366667,-48.439683,1.4333526,4488.0996,-4.4174636,103.87038
"cleat 20x20 mm 120 km/h",0.0912,3.0433333,-49.017615,1.429142,4515.2957,-6.2773278,103.86977
"cleat 20x20 mm 120 km/h",0.0914,3.05,-50.15489,1.4190027,4544.0105,-8.1409595,103.86892
"cleat 20x20 mm 120 km/h",0.0916,3.0566667,-51.618841,1.4045035,4573.4487,-9.8352744,103.86785
"cleat 20x20 mm 120 km/h",0.0918,3.0633333,-53.209845,1.3902189,4601.5414,-11.320758,103.86657
"cleat 20x20 mm 120 km/h",0.092,3.07,-55.529051,1.3805576,4628.147,-12.67325,103.86511
"cleat 20x20 mm 120 km/h",0.0922,3.0766667,-58.95836,1.36718,4654.2739,-13.82765,103.86349
"cleat 20x20 mm 120 km/h",0.0924,3.0833333,-63.109038,1.351387,4678.885,-14.636189,103.86173
"cleat 20x20 mm 120 km/h",0.0926,3.09,-67.717856,1.3379956,4699.8922,-15.122596,103.85988
"cleat 20x20 mm 120 km/h",0.0928,3.0966667,-73.278014,1.3258353,4718.0625,-15.392076,103.85797
"cleat 20x20 mm 120 km/h",0.093,3.1033333,-79.808624,1.3076182,4734.5674,-15.380317,103.85604
"cleat 20x20 mm 120 km/h",0.0932,3.11,-86.592956,1.2920847,4748.0619,-15.017489,103.85413
"cleat 20x20 mm 120 km/h",0.0934,3.1166667,-93.363988,1.2779685,4756.9545,-14.403947,103.85227
"cleat 20x20 mm 120 km/h",0.0936,3.1233333,-100.44219,1.2667188,4762.6509,-13.658512,103.85049
"cleat 20x20 mm 120 km/h",0.0938,3.13,-107.46128,1.2455448,4765.5964,-12.710686,103.8488
"cleat 20x20 mm 120 km/h",0.094,3.1366667,-113.66211,1.2230818,4764.3533,-11.538781,103.84725
"cleat 20x20 mm 120 km/h",0.0942,3.1433333,-118.94551,1.2029774,4758.054,-10.272299,103.84584
"cleat 20x20 mm 120 km/h",0.0944,3.15,-123.66618,1.1808019,4749.0065,-9.0117877,103.8446
"cleat 20x20 mm 120 km/h",0.0946,3.1566667,-127.40604,1.1533389,4737.6771,-7.6549057,103.84351
"cleat 20x20 mm 120 km/h",0.0948,3.1633333,-129.58672,1.1242671,4722.6749,-6.2094083,103.8426
"cleat 20x20 mm 120 km/h",0.095,3.17,-130.49183,1.09414,4704.3905,-4.8117157,103.84187
"cleat 20x20 mm 120 km/h",0.0952,3.1766667,-130.41768,1.0587347,4684.69,-3.477096,103.84131
"cleat 20x20 mm 120 km/h",0.0954,3.1833333,-128.96919,1.0199105,4663.6561,-2.0940692,103.84092
"cleat 20x20 mm 120 km/h",0.0956,3.19,-125.90536,0.98624764,4640.0021,-0.68259191,103.8407
"cleat 20x20 mm 120 km/h",0.0958,3.1966667,-121.82763,0.96007914,4614.9334,0.62843875,103.84066
"cleat 20x20 mm 120 km/h",0.096,3.2033333,-117.10237,0.92940747,4590.6022,1.8776445,103.84078
"cleat 20x20 mm 120 km/h",0.0962,3.21,-111.39957,0.90137749,4566.3823,3.1751266,103.84105
"cleat 20x20 mm 120 km/h",0.0964,3.2166667,-104.79762,0.87466788,4541.3684,4.4517636,103.84149
"cleat 20x20 mm 120 km/h",0.0966,3.2233333,-98.122498,0.84864426,4517.784,5.5929754,103.84208
"cleat 20x20 mm 120 km/h",0.0968,3.23,-91.486815,0.81806618,4496.5032,6.6740976,103.84282
"cleat 20x20 mm 120 km/h",0.097,3.2366667,-84.585236,0.78945175,4476.8467,7.7427553,103.84368
"cleat 20x20 mm 120 km/h",0.0972,3.2433333,-77.653727,0.76324003,4458.1537,8.6884808,103.84468
"cleat 20x20 mm 120 km/h",0.0974,3.25,-71.305502,0.73603035,4442.3233,9.4139897,103.8458
"cleat 20x20 mm 120 km/h",0.0976,3.2566667,-65.412808,0.70481915,4429.9013,10.018272,103.84699
"cleat 20x20 mm 120 km/h",0.0978,3.2633333,-59.5262,0.67502914,4419.382,10.534475,103.84826
"cleat 20x20 mm 120 km/h",0.098,3.27,-53.972601,0.64676521,4411.0144,10.835526,103.8496
"cleat 20x20 mm 120 km/h",0.0982,3.2766667,-49.216805,0.61348757,4406.8444,10.889963,103.85096
"cleat 20x20 mm 120 km/h",0.0984,3.2833333,-44.846605,0.57669872,4406.3563,10.830392,103.85232
"cleat 20x20 mm 120 km/h",0.0986,3.29,-40.487246,0.54045068,4407.9482,10.643371,103.85367
"cleat 20x20 mm 120 km/h",0.0988,3.2966667,-36.60673,0.50895912,4411.8938,10.209724,103.85499
"cleat 20x20 mm 120 km/h",0.099,3.3033333,-33.540405,0.47393067,4419.5397,9.5633257,103.85625
"cleat 20x20 mm 120 km/h",0.0992,3.31,-30.947646,0.43855548,4430.168,8.8409702,103.85742
"cleat 20x20 mm 120 km/h",0.0994,3.3166667,-28.665878,0.40664257,4441.9987,8.0252905,103.8585
"cleat 20x20 mm 120 km/h",0.0996,3.3233333,-27.339711,0.37920458,4455.9177,7.0218093,103.85948
"cleat 20x20 mm 120 km/h",0.0998,3.33,-27.211935,0.34686178,4473.1133,5.9200647,103.86032
"cleat 20x20 mm 120 km/h",0.1,3.3366667,-27.81609,0.32143133,4492.2111,4.8357849,103.86103
